[2026-09-21T00:00:04.478+0000] {processor.py:186} INFO - Started process (PID=562) to work on /opt/airflow/dags/weather_pipeline_dag.py
[2026-09-21T00:00:04.479+0000] {processor.py:914} INFO - Processing file /opt/airflow/dags/weather_pipeline_dag.py for tasks to queue
[2026-09-21T00:00:04.482+0000] {logging_mixin.py:190} INFO - [2026-09-21T00:00:04.482+0000] {dagbag.py:588} INFO - Filling up the DagBag from /opt/airflow/dags/weather_pipeline_dag.py
[2026-09-21T00:00:04.500+0000] {processor.py:925} INFO - DAG(s) 'weather_risk_pipeline' retrieved from /opt/airflow/dags/weather_pipeline_dag.py
[2026-09-21T00:00:04.543+0000] {logging_mixin.py:190} INFO - [2026-09-21T00:00:04.543+0000] {dag.py:3239} INFO - Sync 1 DAGs
[2026-09-21T00:00:04.563+0000] {logging_mixin.py:190} INFO - [2026-09-21T00:00:04.563+0000] {dag.py:4180} INFO - Setting next_dagrun for weather_risk_pipeline to 2026-09-19 06:00:00+00:00, run_after=2026-09-20 06:00:00+00:00
[2026-09-21T00:00:04.587+0000] {processor.py:208} INFO - Processing /opt/airflow/dags/weather_pipeline_dag.py took 0.119 seconds
[2026-09-21T00:00:34.724+0000] {processor.py:186} INFO - Started process (PID=567) to work on /opt/airflow/dags/weather_pipeline_dag.py
[2026-09-21T00:00:34.725+0000] {processor.py:914} INFO - Processing file /opt/airflow/dags/weather_pipeline_dag.py for tasks to queue
[2026-09-21T00:00:34.728+0000] {logging_mixin.py:190} INFO - [2026-09-21T00:00:34.728+0000] {dagbag.py:588} INFO - Filling up the DagBag from /opt/airflow/dags/weather_pipeline_dag.py
[2026-09-21T00:00:34.746+0000] {processor.py:925} INFO - DAG(s) 'weather_risk_pipeline' retrieved from /opt/airflow/dags/weather_pipeline_dag.py
[2026-09-21T00:00:34.797+0000] {logging_mixin.py:190} INFO - [2026-09-21T00:00:34.796+0000] {dag.py:3239} INFO - Sync 1 DAGs
[2026-09-21T00:00:34.834+0000] {logging_mixin.py:190} INFO - [2026-09-21T00:00:34.834+0000] {dag.py:4180} INFO - Setting next_dagrun for weather_risk_pipeline to 2026-09-19 06:00:00+00:00, run_after=2026-09-20 06:00:00+00:00
[2026-09-21T00:00:34.868+0000] {processor.py:208} INFO - Processing /opt/airflow/dags/weather_pipeline_dag.py took 0.155 seconds
[2026-09-21T00:01:05.026+0000] {processor.py:186} INFO - Started process (PID=572) to work on /opt/airflow/dags/weather_pipeline_dag.py
[2026-09-21T00:01:05.028+0000] {processor.py:914} INFO - Processing file /opt/airflow/dags/weather_pipeline_dag.py for tasks to queue
[2026-09-21T00:01:05.031+0000] {logging_mixin.py:190} INFO - [2026-09-21T00:01:05.030+0000] {dagbag.py:588} INFO - Filling up the DagBag from /opt/airflow/dags/weather_pipeline_dag.py
[2026-09-21T00:01:05.050+0000] {processor.py:925} INFO - DAG(s) 'weather_risk_pipeline' retrieved from /opt/airflow/dags/weather_pipeline_dag.py
[2026-09-21T00:01:05.089+0000] {logging_mixin.py:190} INFO - [2026-09-21T00:01:05.089+0000] {dag.py:3239} INFO - Sync 1 DAGs
[2026-09-21T00:01:05.108+0000] {logging_mixin.py:190} INFO - [2026-09-21T00:01:05.108+0000] {dag.py:4180} INFO - Setting next_dagrun for weather_risk_pipeline to 2026-09-19 06:00:00+00:00, run_after=2026-09-20 06:00:00+00:00
[2026-09-21T00:01:05.132+0000] {processor.py:208} INFO - Processing /opt/airflow/dags/weather_pipeline_dag.py took 0.116 seconds
[2026-09-21T00:01:35.310+0000] {processor.py:186} INFO - Started process (PID=577) to work on /opt/airflow/dags/weather_pipeline_dag.py
[2026-09-21T00:01:35.311+0000] {processor.py:914} INFO - Processing file /opt/airflow/dags/weather_pipeline_dag.py for tasks to queue
[2026-09-21T00:01:35.315+0000] {logging_mixin.py:190} INFO - [2026-09-21T00:01:35.314+0000] {dagbag.py:588} INFO - Filling up the DagBag from /opt/airflow/dags/weather_pipeline_dag.py
[2026-09-21T00:01:35.333+0000] {processor.py:925} INFO - DAG(s) 'weather_risk_pipeline' retrieved from /opt/airflow/dags/weather_pipeline_dag.py
[2026-09-21T00:01:35.379+0000] {logging_mixin.py:190} INFO - [2026-09-21T00:01:35.379+0000] {dag.py:3239} INFO - Sync 1 DAGs
[2026-09-21T00:01:35.400+0000] {logging_mixin.py:190} INFO - [2026-09-21T00:01:35.400+0000] {dag.py:4180} INFO - Setting next_dagrun for weather_risk_pipeline to 2026-09-19 06:00:00+00:00, run_after=2026-09-20 06:00:00+00:00
[2026-09-21T00:01:35.424+0000] {processor.py:208} INFO - Processing /opt/airflow/dags/weather_pipeline_dag.py took 0.125 seconds
[2026-09-21T00:02:05.562+0000] {processor.py:186} INFO - Started process (PID=582) to work on /opt/airflow/dags/weather_pipeline_dag.py
[2026-09-21T00:02:05.563+0000] {processor.py:914} INFO - Processing file /opt/airflow/dags/weather_pipeline_dag.py for tasks to queue
[2026-09-21T00:02:05.566+0000] {logging_mixin.py:190} INFO - [2026-09-21T00:02:05.566+0000] {dagbag.py:588} INFO - Filling up the DagBag from /opt/airflow/dags/weather_pipeline_dag.py
[2026-09-21T00:02:05.586+0000] {processor.py:925} INFO - DAG(s) 'weather_risk_pipeline' retrieved from /opt/airflow/dags/weather_pipeline_dag.py
[2026-09-21T00:02:05.636+0000] {logging_mixin.py:190} INFO - [2026-09-21T00:02:05.636+0000] {dag.py:3239} INFO - Sync 1 DAGs
[2026-09-21T00:02:05.657+0000] {logging_mixin.py:190} INFO - [2026-09-21T00:02:05.657+0000] {dag.py:4180} INFO - Setting next_dagrun for weather_risk_pipeline to 2026-09-19 06:00:00+00:00, run_after=2026-09-20 06:00:00+00:00
[2026-09-21T00:02:05.673+0000] {processor.py:208} INFO - Processing /opt/airflow/dags/weather_pipeline_dag.py took 0.121 seconds
[2026-09-21T00:02:35.847+0000] {processor.py:186} INFO - Started process (PID=587) to work on /opt/airflow/dags/weather_pipeline_dag.py
[2026-09-21T00:02:35.848+0000] {processor.py:914} INFO - Processing file /opt/airflow/dags/weather_pipeline_dag.py for tasks to queue
[2026-09-21T00:02:35.852+0000] {logging_mixin.py:190} INFO - [2026-09-21T00:02:35.852+0000] {dagbag.py:588} INFO - Filling up the DagBag from /opt/airflow/dags/weather_pipeline_dag.py
[2026-09-21T00:02:35.873+0000] {processor.py:925} INFO - DAG(s) 'weather_risk_pipeline' retrieved from /opt/airflow/dags/weather_pipeline_dag.py
[2026-09-21T00:02:35.916+0000] {logging_mixin.py:190} INFO - [2026-09-21T00:02:35.915+0000] {dag.py:3239} INFO - Sync 1 DAGs
[2026-09-21T00:02:35.936+0000] {logging_mixin.py:190} INFO - [2026-09-21T00:02:35.935+0000] {dag.py:4180} INFO - Setting next_dagrun for weather_risk_pipeline to 2026-09-19 06:00:00+00:00, run_after=2026-09-20 06:00:00+00:00
[2026-09-21T00:02:35.956+0000] {processor.py:208} INFO - Processing /opt/airflow/dags/weather_pipeline_dag.py took 0.119 seconds
[2026-09-21T00:03:06.098+0000] {processor.py:186} INFO - Started process (PID=592) to work on /opt/airflow/dags/weather_pipeline_dag.py
[2026-09-21T00:03:06.107+0000] {processor.py:914} INFO - Processing file /opt/airflow/dags/weather_pipeline_dag.py for tasks to queue
[2026-09-21T00:03:06.110+0000] {logging_mixin.py:190} INFO - [2026-09-21T00:03:06.110+0000] {dagbag.py:588} INFO - Filling up the DagBag from /opt/airflow/dags/weather_pipeline_dag.py
[2026-09-21T00:03:06.128+0000] {processor.py:925} INFO - DAG(s) 'weather_risk_pipeline' retrieved from /opt/airflow/dags/weather_pipeline_dag.py
[2026-09-21T00:03:06.182+0000] {logging_mixin.py:190} INFO - [2026-09-21T00:03:06.182+0000] {dag.py:3239} INFO - Sync 1 DAGs
[2026-09-21T00:03:06.222+0000] {logging_mixin.py:190} INFO - [2026-09-21T00:03:06.221+0000] {dag.py:4180} INFO - Setting next_dagrun for weather_risk_pipeline to 2026-09-19 06:00:00+00:00, run_after=2026-09-20 06:00:00+00:00
[2026-09-21T00:03:06.258+0000] {processor.py:208} INFO - Processing /opt/airflow/dags/weather_pipeline_dag.py took 0.171 seconds
[2026-09-21T00:03:36.382+0000] {processor.py:186} INFO - Started process (PID=597) to work on /opt/airflow/dags/weather_pipeline_dag.py
[2026-09-21T00:03:36.383+0000] {processor.py:914} INFO - Processing file /opt/airflow/dags/weather_pipeline_dag.py for tasks to queue
[2026-09-21T00:03:36.386+0000] {logging_mixin.py:190} INFO - [2026-09-21T00:03:36.386+0000] {dagbag.py:588} INFO - Filling up the DagBag from /opt/airflow/dags/weather_pipeline_dag.py
[2026-09-21T00:03:36.404+0000] {processor.py:925} INFO - DAG(s) 'weather_risk_pipeline' retrieved from /opt/airflow/dags/weather_pipeline_dag.py
[2026-09-21T00:03:36.452+0000] {logging_mixin.py:190} INFO - [2026-09-21T00:03:36.451+0000] {dag.py:3239} INFO - Sync 1 DAGs
[2026-09-21T00:03:36.473+0000] {logging_mixin.py:190} INFO - [2026-09-21T00:03:36.473+0000] {dag.py:4180} INFO - Setting next_dagrun for weather_risk_pipeline to 2026-09-19 06:00:00+00:00, run_after=2026-09-20 06:00:00+00:00
[2026-09-21T00:03:36.501+0000] {processor.py:208} INFO - Processing /opt/airflow/dags/weather_pipeline_dag.py took 0.130 seconds
[2026-09-21T00:04:06.692+0000] {processor.py:186} INFO - Started process (PID=602) to work on /opt/airflow/dags/weather_pipeline_dag.py
[2026-09-21T00:04:06.693+0000] {processor.py:914} INFO - Processing file /opt/airflow/dags/weather_pipeline_dag.py for tasks to queue
[2026-09-21T00:04:06.696+0000] {logging_mixin.py:190} INFO - [2026-09-21T00:04:06.695+0000] {dagbag.py:588} INFO - Filling up the DagBag from /opt/airflow/dags/weather_pipeline_dag.py
[2026-09-21T00:04:06.715+0000] {processor.py:925} INFO - DAG(s) 'weather_risk_pipeline' retrieved from /opt/airflow/dags/weather_pipeline_dag.py
[2026-09-21T00:04:06.765+0000] {logging_mixin.py:190} INFO - [2026-09-21T00:04:06.765+0000] {dag.py:3239} INFO - Sync 1 DAGs
[2026-09-21T00:04:06.789+0000] {logging_mixin.py:190} INFO - [2026-09-21T00:04:06.789+0000] {dag.py:4180} INFO - Setting next_dagrun for weather_risk_pipeline to 2026-09-19 06:00:00+00:00, run_after=2026-09-20 06:00:00+00:00
[2026-09-21T00:04:06.815+0000] {processor.py:208} INFO - Processing /opt/airflow/dags/weather_pipeline_dag.py took 0.133 seconds
[2026-09-21T00:04:36.932+0000] {processor.py:186} INFO - Started process (PID=607) to work on /opt/airflow/dags/weather_pipeline_dag.py
[2026-09-21T00:04:36.933+0000] {processor.py:914} INFO - Processing file /opt/airflow/dags/weather_pipeline_dag.py for tasks to queue
[2026-09-21T00:04:36.937+0000] {logging_mixin.py:190} INFO - [2026-09-21T00:04:36.936+0000] {dagbag.py:588} INFO - Filling up the DagBag from /opt/airflow/dags/weather_pipeline_dag.py
[2026-09-21T00:04:36.957+0000] {processor.py:925} INFO - DAG(s) 'weather_risk_pipeline' retrieved from /opt/airflow/dags/weather_pipeline_dag.py
[2026-09-21T00:04:37.009+0000] {logging_mixin.py:190} INFO - [2026-09-21T00:04:37.009+0000] {dag.py:3239} INFO - Sync 1 DAGs
[2026-09-21T00:04:37.046+0000] {logging_mixin.py:190} INFO - [2026-09-21T00:04:37.046+0000] {dag.py:4180} INFO - Setting next_dagrun for weather_risk_pipeline to 2026-09-19 06:00:00+00:00, run_after=2026-09-20 06:00:00+00:00
[2026-09-21T00:04:37.080+0000] {processor.py:208} INFO - Processing /opt/airflow/dags/weather_pipeline_dag.py took 0.159 seconds
[2026-09-21T00:05:07.253+0000] {processor.py:186} INFO - Started process (PID=612) to work on /opt/airflow/dags/weather_pipeline_dag.py
[2026-09-21T00:05:07.262+0000] {processor.py:914} INFO - Processing file /opt/airflow/dags/weather_pipeline_dag.py for tasks to queue
[2026-09-21T00:05:07.265+0000] {logging_mixin.py:190} INFO - [2026-09-21T00:05:07.265+0000] {dagbag.py:588} INFO - Filling up the DagBag from /opt/airflow/dags/weather_pipeline_dag.py
[2026-09-21T00:05:07.284+0000] {processor.py:925} INFO - DAG(s) 'weather_risk_pipeline' retrieved from /opt/airflow/dags/weather_pipeline_dag.py
[2026-09-21T00:05:07.334+0000] {logging_mixin.py:190} INFO - [2026-09-21T00:05:07.333+0000] {dag.py:3239} INFO - Sync 1 DAGs
[2026-09-21T00:05:07.370+0000] {logging_mixin.py:190} INFO - [2026-09-21T00:05:07.370+0000] {dag.py:4180} INFO - Setting next_dagrun for weather_risk_pipeline to 2026-09-19 06:00:00+00:00, run_after=2026-09-20 06:00:00+00:00
[2026-09-21T00:05:07.403+0000] {processor.py:208} INFO - Processing /opt/airflow/dags/weather_pipeline_dag.py took 0.162 seconds
[2026-09-21T00:05:37.538+0000] {processor.py:186} INFO - Started process (PID=617) to work on /opt/airflow/dags/weather_pipeline_dag.py
[2026-09-21T00:05:37.539+0000] {processor.py:914} INFO - Processing file /opt/airflow/dags/weather_pipeline_dag.py for tasks to queue
[2026-09-21T00:05:37.542+0000] {logging_mixin.py:190} INFO - [2026-09-21T00:05:37.542+0000] {dagbag.py:588} INFO - Filling up the DagBag from /opt/airflow/dags/weather_pipeline_dag.py
[2026-09-21T00:05:37.560+0000] {processor.py:925} INFO - DAG(s) 'weather_risk_pipeline' retrieved from /opt/airflow/dags/weather_pipeline_dag.py
[2026-09-21T00:05:37.610+0000] {logging_mixin.py:190} INFO - [2026-09-21T00:05:37.609+0000] {dag.py:3239} INFO - Sync 1 DAGs
[2026-09-21T00:05:37.631+0000] {logging_mixin.py:190} INFO - [2026-09-21T00:05:37.631+0000] {dag.py:4180} INFO - Setting next_dagrun for weather_risk_pipeline to 2026-09-19 06:00:00+00:00, run_after=2026-09-20 06:00:00+00:00
[2026-09-21T00:05:37.657+0000] {processor.py:208} INFO - Processing /opt/airflow/dags/weather_pipeline_dag.py took 0.131 seconds
[2026-09-21T00:06:07.828+0000] {processor.py:186} INFO - Started process (PID=622) to work on /opt/airflow/dags/weather_pipeline_dag.py
[2026-09-21T00:06:07.837+0000] {processor.py:914} INFO - Processing file /opt/airflow/dags/weather_pipeline_dag.py for tasks to queue
[2026-09-21T00:06:07.841+0000] {logging_mixin.py:190} INFO - [2026-09-21T00:06:07.840+0000] {dagbag.py:588} INFO - Filling up the DagBag from /opt/airflow/dags/weather_pipeline_dag.py
[2026-09-21T00:06:07.859+0000] {processor.py:925} INFO - DAG(s) 'weather_risk_pipeline' retrieved from /opt/airflow/dags/weather_pipeline_dag.py
[2026-09-21T00:06:07.911+0000] {logging_mixin.py:190} INFO - [2026-09-21T00:06:07.911+0000] {dag.py:3239} INFO - Sync 1 DAGs
[2026-09-21T00:06:07.939+0000] {logging_mixin.py:190} INFO - [2026-09-21T00:06:07.939+0000] {dag.py:4180} INFO - Setting next_dagrun for weather_risk_pipeline to 2026-09-19 06:00:00+00:00, run_after=2026-09-20 06:00:00+00:00
[2026-09-21T00:06:07.966+0000] {processor.py:208} INFO - Processing /opt/airflow/dags/weather_pipeline_dag.py took 0.149 seconds
[2026-09-21T00:06:38.093+0000] {processor.py:186} INFO - Started process (PID=627) to work on /opt/airflow/dags/weather_pipeline_dag.py
[2026-09-21T00:06:38.094+0000] {processor.py:914} INFO - Processing file /opt/airflow/dags/weather_pipeline_dag.py for tasks to queue
[2026-09-21T00:06:38.097+0000] {logging_mixin.py:190} INFO - [2026-09-21T00:06:38.096+0000] {dagbag.py:588} INFO - Filling up the DagBag from /opt/airflow/dags/weather_pipeline_dag.py
[2026-09-21T00:06:38.115+0000] {processor.py:925} INFO - DAG(s) 'weather_risk_pipeline' retrieved from /opt/airflow/dags/weather_pipeline_dag.py
[2026-09-21T00:06:38.167+0000] {logging_mixin.py:190} INFO - [2026-09-21T00:06:38.166+0000] {dag.py:3239} INFO - Sync 1 DAGs
[2026-09-21T00:06:38.187+0000] {logging_mixin.py:190} INFO - [2026-09-21T00:06:38.187+0000] {dag.py:4180} INFO - Setting next_dagrun for weather_risk_pipeline to 2026-09-19 06:00:00+00:00, run_after=2026-09-20 06:00:00+00:00
[2026-09-21T00:06:38.211+0000] {processor.py:208} INFO - Processing /opt/airflow/dags/weather_pipeline_dag.py took 0.129 seconds
[2026-09-21T00:07:08.405+0000] {processor.py:186} INFO - Started process (PID=632) to work on /opt/airflow/dags/weather_pipeline_dag.py
[2026-09-21T00:07:08.407+0000] {processor.py:914} INFO - Processing file /opt/airflow/dags/weather_pipeline_dag.py for tasks to queue
[2026-09-21T00:07:08.410+0000] {logging_mixin.py:190} INFO - [2026-09-21T00:07:08.410+0000] {dagbag.py:588} INFO - Filling up the DagBag from /opt/airflow/dags/weather_pipeline_dag.py
[2026-09-21T00:07:08.428+0000] {processor.py:925} INFO - DAG(s) 'weather_risk_pipeline' retrieved from /opt/airflow/dags/weather_pipeline_dag.py
[2026-09-21T00:07:08.480+0000] {logging_mixin.py:190} INFO - [2026-09-21T00:07:08.479+0000] {dag.py:3239} INFO - Sync 1 DAGs
[2026-09-21T00:07:08.500+0000] {logging_mixin.py:190} INFO - [2026-09-21T00:07:08.500+0000] {dag.py:4180} INFO - Setting next_dagrun for weather_risk_pipeline to 2026-09-19 06:00:00+00:00, run_after=2026-09-20 06:00:00+00:00
[2026-09-21T00:07:08.514+0000] {processor.py:208} INFO - Processing /opt/airflow/dags/weather_pipeline_dag.py took 0.120 seconds
[2026-09-21T00:07:38.638+0000] {processor.py:186} INFO - Started process (PID=637) to work on /opt/airflow/dags/weather_pipeline_dag.py
[2026-09-21T00:07:38.639+0000] {processor.py:914} INFO - Processing file /opt/airflow/dags/weather_pipeline_dag.py for tasks to queue
[2026-09-21T00:07:38.643+0000] {logging_mixin.py:190} INFO - [2026-09-21T00:07:38.642+0000] {dagbag.py:588} INFO - Filling up the DagBag from /opt/airflow/dags/weather_pipeline_dag.py
[2026-09-21T00:07:38.661+0000] {processor.py:925} INFO - DAG(s) 'weather_risk_pipeline' retrieved from /opt/airflow/dags/weather_pipeline_dag.py
[2026-09-21T00:07:38.711+0000] {logging_mixin.py:190} INFO - [2026-09-21T00:07:38.711+0000] {dag.py:3239} INFO - Sync 1 DAGs
[2026-09-21T00:07:38.733+0000] {logging_mixin.py:190} INFO - [2026-09-21T00:07:38.732+0000] {dag.py:4180} INFO - Setting next_dagrun for weather_risk_pipeline to 2026-09-19 06:00:00+00:00, run_after=2026-09-20 06:00:00+00:00
[2026-09-21T00:07:38.759+0000] {processor.py:208} INFO - Processing /opt/airflow/dags/weather_pipeline_dag.py took 0.131 seconds
[2026-09-21T00:08:08.917+0000] {processor.py:186} INFO - Started process (PID=642) to work on /opt/airflow/dags/weather_pipeline_dag.py
[2026-09-21T00:08:08.927+0000] {processor.py:914} INFO - Processing file /opt/airflow/dags/weather_pipeline_dag.py for tasks to queue
[2026-09-21T00:08:08.930+0000] {logging_mixin.py:190} INFO - [2026-09-21T00:08:08.930+0000] {dagbag.py:588} INFO - Filling up the DagBag from /opt/airflow/dags/weather_pipeline_dag.py
[2026-09-21T00:08:08.949+0000] {processor.py:925} INFO - DAG(s) 'weather_risk_pipeline' retrieved from /opt/airflow/dags/weather_pipeline_dag.py
[2026-09-21T00:08:09.003+0000] {logging_mixin.py:190} INFO - [2026-09-21T00:08:09.002+0000] {dag.py:3239} INFO - Sync 1 DAGs
[2026-09-21T00:08:09.026+0000] {logging_mixin.py:190} INFO - [2026-09-21T00:08:09.026+0000] {dag.py:4180} INFO - Setting next_dagrun for weather_risk_pipeline to 2026-09-19 06:00:00+00:00, run_after=2026-09-20 06:00:00+00:00
[2026-09-21T00:08:09.061+0000] {processor.py:208} INFO - Processing /opt/airflow/dags/weather_pipeline_dag.py took 0.152 seconds
[2026-09-21T00:08:39.173+0000] {processor.py:186} INFO - Started process (PID=647) to work on /opt/airflow/dags/weather_pipeline_dag.py
[2026-09-21T00:08:39.174+0000] {processor.py:914} INFO - Processing file /opt/airflow/dags/weather_pipeline_dag.py for tasks to queue
[2026-09-21T00:08:39.178+0000] {logging_mixin.py:190} INFO - [2026-09-21T00:08:39.177+0000] {dagbag.py:588} INFO - Filling up the DagBag from /opt/airflow/dags/weather_pipeline_dag.py
[2026-09-21T00:08:39.197+0000] {processor.py:925} INFO - DAG(s) 'weather_risk_pipeline' retrieved from /opt/airflow/dags/weather_pipeline_dag.py
[2026-09-21T00:08:39.247+0000] {logging_mixin.py:190} INFO - [2026-09-21T00:08:39.247+0000] {dag.py:3239} INFO - Sync 1 DAGs
[2026-09-21T00:08:39.267+0000] {logging_mixin.py:190} INFO - [2026-09-21T00:08:39.267+0000] {dag.py:4180} INFO - Setting next_dagrun for weather_risk_pipeline to 2026-09-19 06:00:00+00:00, run_after=2026-09-20 06:00:00+00:00
[2026-09-21T00:08:39.293+0000] {processor.py:208} INFO - Processing /opt/airflow/dags/weather_pipeline_dag.py took 0.130 seconds
[2026-09-21T00:09:09.499+0000] {processor.py:186} INFO - Started process (PID=652) to work on /opt/airflow/dags/weather_pipeline_dag.py
[2026-09-21T00:09:09.508+0000] {processor.py:914} INFO - Processing file /opt/airflow/dags/weather_pipeline_dag.py for tasks to queue
[2026-09-21T00:09:09.512+0000] {logging_mixin.py:190} INFO - [2026-09-21T00:09:09.511+0000] {dagbag.py:588} INFO - Filling up the DagBag from /opt/airflow/dags/weather_pipeline_dag.py
[2026-09-21T00:09:09.531+0000] {processor.py:925} INFO - DAG(s) 'weather_risk_pipeline' retrieved from /opt/airflow/dags/weather_pipeline_dag.py
[2026-09-21T00:09:09.581+0000] {logging_mixin.py:190} INFO - [2026-09-21T00:09:09.580+0000] {dag.py:3239} INFO - Sync 1 DAGs
[2026-09-21T00:09:09.620+0000] {logging_mixin.py:190} INFO - [2026-09-21T00:09:09.619+0000] {dag.py:4180} INFO - Setting next_dagrun for weather_risk_pipeline to 2026-09-19 06:00:00+00:00, run_after=2026-09-20 06:00:00+00:00
[2026-09-21T00:09:09.649+0000] {processor.py:208} INFO - Processing /opt/airflow/dags/weather_pipeline_dag.py took 0.160 seconds
[2026-09-21T00:09:39.722+0000] {processor.py:186} INFO - Started process (PID=657) to work on /opt/airflow/dags/weather_pipeline_dag.py
[2026-09-21T00:09:39.723+0000] {processor.py:914} INFO - Processing file /opt/airflow/dags/weather_pipeline_dag.py for tasks to queue
[2026-09-21T00:09:39.727+0000] {logging_mixin.py:190} INFO - [2026-09-21T00:09:39.726+0000] {dagbag.py:588} INFO - Filling up the DagBag from /opt/airflow/dags/weather_pipeline_dag.py
[2026-09-21T00:09:39.745+0000] {processor.py:925} INFO - DAG(s) 'weather_risk_pipeline' retrieved from /opt/airflow/dags/weather_pipeline_dag.py
[2026-09-21T00:09:39.799+0000] {logging_mixin.py:190} INFO - [2026-09-21T00:09:39.798+0000] {dag.py:3239} INFO - Sync 1 DAGs
[2026-09-21T00:09:39.839+0000] {logging_mixin.py:190} INFO - [2026-09-21T00:09:39.838+0000] {dag.py:4180} INFO - Setting next_dagrun for weather_risk_pipeline to 2026-09-19 06:00:00+00:00, run_after=2026-09-20 06:00:00+00:00
[2026-09-21T00:09:39.871+0000] {processor.py:208} INFO - Processing /opt/airflow/dags/weather_pipeline_dag.py took 0.159 seconds
[2026-09-21T00:10:10.085+0000] {processor.py:186} INFO - Started process (PID=662) to work on /opt/airflow/dags/weather_pipeline_dag.py
[2026-09-21T00:10:10.086+0000] {processor.py:914} INFO - Processing file /opt/airflow/dags/weather_pipeline_dag.py for tasks to queue
[2026-09-21T00:10:10.089+0000] {logging_mixin.py:190} INFO - [2026-09-21T00:10:10.089+0000] {dagbag.py:588} INFO - Filling up the DagBag from /opt/airflow/dags/weather_pipeline_dag.py
[2026-09-21T00:10:10.107+0000] {processor.py:925} INFO - DAG(s) 'weather_risk_pipeline' retrieved from /opt/airflow/dags/weather_pipeline_dag.py
[2026-09-21T00:10:10.155+0000] {logging_mixin.py:190} INFO - [2026-09-21T00:10:10.155+0000] {dag.py:3239} INFO - Sync 1 DAGs
[2026-09-21T00:10:10.177+0000] {logging_mixin.py:190} INFO - [2026-09-21T00:10:10.177+0000] {dag.py:4180} INFO - Setting next_dagrun for weather_risk_pipeline to 2026-09-19 06:00:00+00:00, run_after=2026-09-20 06:00:00+00:00
[2026-09-21T00:10:10.191+0000] {processor.py:208} INFO - Processing /opt/airflow/dags/weather_pipeline_dag.py took 0.117 seconds
[2026-09-21T00:10:40.336+0000] {processor.py:186} INFO - Started process (PID=667) to work on /opt/airflow/dags/weather_pipeline_dag.py
[2026-09-21T00:10:40.337+0000] {processor.py:914} INFO - Processing file /opt/airflow/dags/weather_pipeline_dag.py for tasks to queue
[2026-09-21T00:10:40.341+0000] {logging_mixin.py:190} INFO - [2026-09-21T00:10:40.340+0000] {dagbag.py:588} INFO - Filling up the DagBag from /opt/airflow/dags/weather_pipeline_dag.py
[2026-09-21T00:10:40.359+0000] {processor.py:925} INFO - DAG(s) 'weather_risk_pipeline' retrieved from /opt/airflow/dags/weather_pipeline_dag.py
[2026-09-21T00:10:40.408+0000] {logging_mixin.py:190} INFO - [2026-09-21T00:10:40.408+0000] {dag.py:3239} INFO - Sync 1 DAGs
[2026-09-21T00:10:40.430+0000] {logging_mixin.py:190} INFO - [2026-09-21T00:10:40.429+0000] {dag.py:4180} INFO - Setting next_dagrun for weather_risk_pipeline to 2026-09-19 06:00:00+00:00, run_after=2026-09-20 06:00:00+00:00
[2026-09-21T00:10:40.455+0000] {processor.py:208} INFO - Processing /opt/airflow/dags/weather_pipeline_dag.py took 0.129 seconds
[2026-09-21T00:11:10.624+0000] {processor.py:186} INFO - Started process (PID=672) to work on /opt/airflow/dags/weather_pipeline_dag.py
[2026-09-21T00:11:10.633+0000] {processor.py:914} INFO - Processing file /opt/airflow/dags/weather_pipeline_dag.py for tasks to queue
[2026-09-21T00:11:10.637+0000] {logging_mixin.py:190} INFO - [2026-09-21T00:11:10.636+0000] {dagbag.py:588} INFO - Filling up the DagBag from /opt/airflow/dags/weather_pipeline_dag.py
[2026-09-21T00:11:10.656+0000] {processor.py:925} INFO - DAG(s) 'weather_risk_pipeline' retrieved from /opt/airflow/dags/weather_pipeline_dag.py
[2026-09-21T00:11:10.710+0000] {logging_mixin.py:190} INFO - [2026-09-21T00:11:10.710+0000] {dag.py:3239} INFO - Sync 1 DAGs
[2026-09-21T00:11:10.745+0000] {logging_mixin.py:190} INFO - [2026-09-21T00:11:10.744+0000] {dag.py:4180} INFO - Setting next_dagrun for weather_risk_pipeline to 2026-09-19 06:00:00+00:00, run_after=2026-09-20 06:00:00+00:00
[2026-09-21T00:11:10.776+0000] {processor.py:208} INFO - Processing /opt/airflow/dags/weather_pipeline_dag.py took 0.164 seconds
[2026-09-21T00:11:40.890+0000] {processor.py:186} INFO - Started process (PID=677) to work on /opt/airflow/dags/weather_pipeline_dag.py
[2026-09-21T00:11:40.891+0000] {processor.py:914} INFO - Processing file /opt/airflow/dags/weather_pipeline_dag.py for tasks to queue
[2026-09-21T00:11:40.894+0000] {logging_mixin.py:190} INFO - [2026-09-21T00:11:40.894+0000] {dagbag.py:588} INFO - Filling up the DagBag from /opt/airflow/dags/weather_pipeline_dag.py
[2026-09-21T00:11:40.913+0000] {processor.py:925} INFO - DAG(s) 'weather_risk_pipeline' retrieved from /opt/airflow/dags/weather_pipeline_dag.py
[2026-09-21T00:11:40.970+0000] {logging_mixin.py:190} INFO - [2026-09-21T00:11:40.970+0000] {dag.py:3239} INFO - Sync 1 DAGs
[2026-09-21T00:11:41.002+0000] {logging_mixin.py:190} INFO - [2026-09-21T00:11:41.002+0000] {dag.py:4180} INFO - Setting next_dagrun for weather_risk_pipeline to 2026-09-19 06:00:00+00:00, run_after=2026-09-20 06:00:00+00:00
[2026-09-21T00:11:41.032+0000] {processor.py:208} INFO - Processing /opt/airflow/dags/weather_pipeline_dag.py took 0.152 seconds
[2026-09-21T00:12:11.222+0000] {processor.py:186} INFO - Started process (PID=682) to work on /opt/airflow/dags/weather_pipeline_dag.py
[2026-09-21T00:12:11.231+0000] {processor.py:914} INFO - Processing file /opt/airflow/dags/weather_pipeline_dag.py for tasks to queue
[2026-09-21T00:12:11.235+0000] {logging_mixin.py:190} INFO - [2026-09-21T00:12:11.234+0000] {dagbag.py:588} INFO - Filling up the DagBag from /opt/airflow/dags/weather_pipeline_dag.py
[2026-09-21T00:12:11.254+0000] {processor.py:925} INFO - DAG(s) 'weather_risk_pipeline' retrieved from /opt/airflow/dags/weather_pipeline_dag.py
[2026-09-21T00:12:11.306+0000] {logging_mixin.py:190} INFO - [2026-09-21T00:12:11.306+0000] {dag.py:3239} INFO - Sync 1 DAGs
[2026-09-21T00:12:11.328+0000] {logging_mixin.py:190} INFO - [2026-09-21T00:12:11.328+0000] {dag.py:4180} INFO - Setting next_dagrun for weather_risk_pipeline to 2026-09-19 06:00:00+00:00, run_after=2026-09-20 06:00:00+00:00
[2026-09-21T00:12:11.353+0000] {processor.py:208} INFO - Processing /opt/airflow/dags/weather_pipeline_dag.py took 0.143 seconds
[2026-09-21T00:12:41.476+0000] {processor.py:186} INFO - Started process (PID=687) to work on /opt/airflow/dags/weather_pipeline_dag.py
[2026-09-21T00:12:41.477+0000] {processor.py:914} INFO - Processing file /opt/airflow/dags/weather_pipeline_dag.py for tasks to queue
[2026-09-21T00:12:41.480+0000] {logging_mixin.py:190} INFO - [2026-09-21T00:12:41.479+0000] {dagbag.py:588} INFO - Filling up the DagBag from /opt/airflow/dags/weather_pipeline_dag.py
[2026-09-21T00:12:41.497+0000] {processor.py:925} INFO - DAG(s) 'weather_risk_pipeline' retrieved from /opt/airflow/dags/weather_pipeline_dag.py
[2026-09-21T00:12:41.544+0000] {logging_mixin.py:190} INFO - [2026-09-21T00:12:41.544+0000] {dag.py:3239} INFO - Sync 1 DAGs
[2026-09-21T00:12:41.565+0000] {logging_mixin.py:190} INFO - [2026-09-21T00:12:41.565+0000] {dag.py:4180} INFO - Setting next_dagrun for weather_risk_pipeline to 2026-09-19 06:00:00+00:00, run_after=2026-09-20 06:00:00+00:00
[2026-09-21T00:12:41.589+0000] {processor.py:208} INFO - Processing /opt/airflow/dags/weather_pipeline_dag.py took 0.123 seconds
[2026-09-21T00:13:11.783+0000] {processor.py:186} INFO - Started process (PID=692) to work on /opt/airflow/dags/weather_pipeline_dag.py
[2026-09-21T00:13:11.785+0000] {processor.py:914} INFO - Processing file /opt/airflow/dags/weather_pipeline_dag.py for tasks to queue
[2026-09-21T00:13:11.789+0000] {logging_mixin.py:190} INFO - [2026-09-21T00:13:11.789+0000] {dagbag.py:588} INFO - Filling up the DagBag from /opt/airflow/dags/weather_pipeline_dag.py
[2026-09-21T00:13:11.810+0000] {processor.py:925} INFO - DAG(s) 'weather_risk_pipeline' retrieved from /opt/airflow/dags/weather_pipeline_dag.py
[2026-09-21T00:13:11.857+0000] {logging_mixin.py:190} INFO - [2026-09-21T00:13:11.856+0000] {dag.py:3239} INFO - Sync 1 DAGs
[2026-09-21T00:13:11.876+0000] {logging_mixin.py:190} INFO - [2026-09-21T00:13:11.876+0000] {dag.py:4180} INFO - Setting next_dagrun for weather_risk_pipeline to 2026-09-19 06:00:00+00:00, run_after=2026-09-20 06:00:00+00:00
[2026-09-21T00:13:11.897+0000] {processor.py:208} INFO - Processing /opt/airflow/dags/weather_pipeline_dag.py took 0.125 seconds
[2026-09-21T00:13:42.010+0000] {processor.py:186} INFO - Started process (PID=697) to work on /opt/airflow/dags/weather_pipeline_dag.py
[2026-09-21T00:13:42.012+0000] {processor.py:914} INFO - Processing file /opt/airflow/dags/weather_pipeline_dag.py for tasks to queue
[2026-09-21T00:13:42.015+0000] {logging_mixin.py:190} INFO - [2026-09-21T00:13:42.015+0000] {dagbag.py:588} INFO - Filling up the DagBag from /opt/airflow/dags/weather_pipeline_dag.py
[2026-09-21T00:13:42.034+0000] {processor.py:925} INFO - DAG(s) 'weather_risk_pipeline' retrieved from /opt/airflow/dags/weather_pipeline_dag.py
[2026-09-21T00:13:42.090+0000] {logging_mixin.py:190} INFO - [2026-09-21T00:13:42.089+0000] {dag.py:3239} INFO - Sync 1 DAGs
[2026-09-21T00:13:42.126+0000] {logging_mixin.py:190} INFO - [2026-09-21T00:13:42.126+0000] {dag.py:4180} INFO - Setting next_dagrun for weather_risk_pipeline to 2026-09-19 06:00:00+00:00, run_after=2026-09-20 06:00:00+00:00
[2026-09-21T00:13:42.157+0000] {processor.py:208} INFO - Processing /opt/airflow/dags/weather_pipeline_dag.py took 0.159 seconds
[2026-09-21T00:14:12.330+0000] {processor.py:186} INFO - Started process (PID=702) to work on /opt/airflow/dags/weather_pipeline_dag.py
[2026-09-21T00:14:12.331+0000] {processor.py:914} INFO - Processing file /opt/airflow/dags/weather_pipeline_dag.py for tasks to queue
[2026-09-21T00:14:12.334+0000] {logging_mixin.py:190} INFO - [2026-09-21T00:14:12.334+0000] {dagbag.py:588} INFO - Filling up the DagBag from /opt/airflow/dags/weather_pipeline_dag.py
[2026-09-21T00:14:12.352+0000] {processor.py:925} INFO - DAG(s) 'weather_risk_pipeline' retrieved from /opt/airflow/dags/weather_pipeline_dag.py
[2026-09-21T00:14:12.405+0000] {logging_mixin.py:190} INFO - [2026-09-21T00:14:12.405+0000] {dag.py:3239} INFO - Sync 1 DAGs
[2026-09-21T00:14:12.441+0000] {logging_mixin.py:190} INFO - [2026-09-21T00:14:12.441+0000] {dag.py:4180} INFO - Setting next_dagrun for weather_risk_pipeline to 2026-09-19 06:00:00+00:00, run_after=2026-09-20 06:00:00+00:00
[2026-09-21T00:14:12.472+0000] {processor.py:208} INFO - Processing /opt/airflow/dags/weather_pipeline_dag.py took 0.152 seconds
[2026-09-21T00:14:42.594+0000] {processor.py:186} INFO - Started process (PID=707) to work on /opt/airflow/dags/weather_pipeline_dag.py
[2026-09-21T00:14:42.595+0000] {processor.py:914} INFO - Processing file /opt/airflow/dags/weather_pipeline_dag.py for tasks to queue
[2026-09-21T00:14:42.598+0000] {logging_mixin.py:190} INFO - [2026-09-21T00:14:42.597+0000] {dagbag.py:588} INFO - Filling up the DagBag from /opt/airflow/dags/weather_pipeline_dag.py
[2026-09-21T00:14:42.616+0000] {processor.py:925} INFO - DAG(s) 'weather_risk_pipeline' retrieved from /opt/airflow/dags/weather_pipeline_dag.py
[2026-09-21T00:14:42.662+0000] {logging_mixin.py:190} INFO - [2026-09-21T00:14:42.662+0000] {dag.py:3239} INFO - Sync 1 DAGs
[2026-09-21T00:14:42.683+0000] {logging_mixin.py:190} INFO - [2026-09-21T00:14:42.683+0000] {dag.py:4180} INFO - Setting next_dagrun for weather_risk_pipeline to 2026-09-19 06:00:00+00:00, run_after=2026-09-20 06:00:00+00:00
[2026-09-21T00:14:42.697+0000] {processor.py:208} INFO - Processing /opt/airflow/dags/weather_pipeline_dag.py took 0.114 seconds
[2026-09-21T00:15:12.902+0000] {processor.py:186} INFO - Started process (PID=712) to work on /opt/airflow/dags/weather_pipeline_dag.py
[2026-09-21T00:15:12.903+0000] {processor.py:914} INFO - Processing file /opt/airflow/dags/weather_pipeline_dag.py for tasks to queue
[2026-09-21T00:15:12.907+0000] {logging_mixin.py:190} INFO - [2026-09-21T00:15:12.906+0000] {dagbag.py:588} INFO - Filling up the DagBag from /opt/airflow/dags/weather_pipeline_dag.py
[2026-09-21T00:15:12.926+0000] {processor.py:925} INFO - DAG(s) 'weather_risk_pipeline' retrieved from /opt/airflow/dags/weather_pipeline_dag.py
[2026-09-21T00:15:12.975+0000] {logging_mixin.py:190} INFO - [2026-09-21T00:15:12.975+0000] {dag.py:3239} INFO - Sync 1 DAGs
[2026-09-21T00:15:12.997+0000] {logging_mixin.py:190} INFO - [2026-09-21T00:15:12.997+0000] {dag.py:4180} INFO - Setting next_dagrun for weather_risk_pipeline to 2026-09-19 06:00:00+00:00, run_after=2026-09-20 06:00:00+00:00
[2026-09-21T00:15:13.013+0000] {processor.py:208} INFO - Processing /opt/airflow/dags/weather_pipeline_dag.py took 0.121 seconds
[2026-09-21T00:15:43.140+0000] {processor.py:186} INFO - Started process (PID=717) to work on /opt/airflow/dags/weather_pipeline_dag.py
[2026-09-21T00:15:43.142+0000] {processor.py:914} INFO - Processing file /opt/airflow/dags/weather_pipeline_dag.py for tasks to queue
[2026-09-21T00:15:43.145+0000] {logging_mixin.py:190} INFO - [2026-09-21T00:15:43.145+0000] {dagbag.py:588} INFO - Filling up the DagBag from /opt/airflow/dags/weather_pipeline_dag.py
[2026-09-21T00:15:43.165+0000] {processor.py:925} INFO - DAG(s) 'weather_risk_pipeline' retrieved from /opt/airflow/dags/weather_pipeline_dag.py
[2026-09-21T00:15:43.207+0000] {logging_mixin.py:190} INFO - [2026-09-21T00:15:43.207+0000] {dag.py:3239} INFO - Sync 1 DAGs
[2026-09-21T00:15:43.226+0000] {logging_mixin.py:190} INFO - [2026-09-21T00:15:43.226+0000] {dag.py:4180} INFO - Setting next_dagrun for weather_risk_pipeline to 2026-09-19 06:00:00+00:00, run_after=2026-09-20 06:00:00+00:00
[2026-09-21T00:15:43.241+0000] {processor.py:208} INFO - Processing /opt/airflow/dags/weather_pipeline_dag.py took 0.112 seconds
[2026-09-21T00:16:13.397+0000] {processor.py:186} INFO - Started process (PID=722) to work on /opt/airflow/dags/weather_pipeline_dag.py
[2026-09-21T00:16:13.398+0000] {processor.py:914} INFO - Processing file /opt/airflow/dags/weather_pipeline_dag.py for tasks to queue
[2026-09-21T00:16:13.400+0000] {logging_mixin.py:190} INFO - [2026-09-21T00:16:13.399+0000] {dagbag.py:588} INFO - Filling up the DagBag from /opt/airflow/dags/weather_pipeline_dag.py
[2026-09-21T00:16:13.409+0000] {processor.py:925} INFO - DAG(s) 'weather_risk_pipeline' retrieved from /opt/airflow/dags/weather_pipeline_dag.py
[2026-09-21T00:16:13.441+0000] {logging_mixin.py:190} INFO - [2026-09-21T00:16:13.441+0000] {dag.py:3239} INFO - Sync 1 DAGs
[2026-09-21T00:16:13.461+0000] {logging_mixin.py:190} INFO - [2026-09-21T00:16:13.461+0000] {dag.py:4180} INFO - Setting next_dagrun for weather_risk_pipeline to 2026-09-19 06:00:00+00:00, run_after=2026-09-20 06:00:00+00:00
[2026-09-21T00:16:13.475+0000] {processor.py:208} INFO - Processing /opt/airflow/dags/weather_pipeline_dag.py took 0.083 seconds
[2026-09-21T00:16:43.590+0000] {processor.py:186} INFO - Started process (PID=727) to work on /opt/airflow/dags/weather_pipeline_dag.py
[2026-09-21T00:16:43.599+0000] {processor.py:914} INFO - Processing file /opt/airflow/dags/weather_pipeline_dag.py for tasks to queue
[2026-09-21T00:16:43.602+0000] {logging_mixin.py:190} INFO - [2026-09-21T00:16:43.602+0000] {dagbag.py:588} INFO - Filling up the DagBag from /opt/airflow/dags/weather_pipeline_dag.py
[2026-09-21T00:16:43.619+0000] {processor.py:925} INFO - DAG(s) 'weather_risk_pipeline' retrieved from /opt/airflow/dags/weather_pipeline_dag.py
[2026-09-21T00:16:43.668+0000] {logging_mixin.py:190} INFO - [2026-09-21T00:16:43.668+0000] {dag.py:3239} INFO - Sync 1 DAGs
[2026-09-21T00:16:43.689+0000] {logging_mixin.py:190} INFO - [2026-09-21T00:16:43.689+0000] {dag.py:4180} INFO - Setting next_dagrun for weather_risk_pipeline to 2026-09-19 06:00:00+00:00, run_after=2026-09-20 06:00:00+00:00
[2026-09-21T00:16:43.703+0000] {processor.py:208} INFO - Processing /opt/airflow/dags/weather_pipeline_dag.py took 0.123 seconds
[2026-09-21T00:17:13.815+0000] {processor.py:186} INFO - Started process (PID=732) to work on /opt/airflow/dags/weather_pipeline_dag.py
[2026-09-21T00:17:13.824+0000] {processor.py:914} INFO - Processing file /opt/airflow/dags/weather_pipeline_dag.py for tasks to queue
[2026-09-21T00:17:13.828+0000] {logging_mixin.py:190} INFO - [2026-09-21T00:17:13.827+0000] {dagbag.py:588} INFO - Filling up the DagBag from /opt/airflow/dags/weather_pipeline_dag.py
[2026-09-21T00:17:13.847+0000] {processor.py:925} INFO - DAG(s) 'weather_risk_pipeline' retrieved from /opt/airflow/dags/weather_pipeline_dag.py
[2026-09-21T00:17:13.898+0000] {logging_mixin.py:190} INFO - [2026-09-21T00:17:13.898+0000] {dag.py:3239} INFO - Sync 1 DAGs
[2026-09-21T00:17:13.931+0000] {logging_mixin.py:190} INFO - [2026-09-21T00:17:13.931+0000] {dag.py:4180} INFO - Setting next_dagrun for weather_risk_pipeline to 2026-09-19 06:00:00+00:00, run_after=2026-09-20 06:00:00+00:00
[2026-09-21T00:17:13.957+0000] {processor.py:208} INFO - Processing /opt/airflow/dags/weather_pipeline_dag.py took 0.153 seconds
[2026-09-21T00:17:44.115+0000] {processor.py:186} INFO - Started process (PID=737) to work on /opt/airflow/dags/weather_pipeline_dag.py
[2026-09-21T00:17:44.116+0000] {processor.py:914} INFO - Processing file /opt/airflow/dags/weather_pipeline_dag.py for tasks to queue
[2026-09-21T00:17:44.119+0000] {logging_mixin.py:190} INFO - [2026-09-21T00:17:44.119+0000] {dagbag.py:588} INFO - Filling up the DagBag from /opt/airflow/dags/weather_pipeline_dag.py
[2026-09-21T00:17:44.138+0000] {processor.py:925} INFO - DAG(s) 'weather_risk_pipeline' retrieved from /opt/airflow/dags/weather_pipeline_dag.py
[2026-09-21T00:17:44.179+0000] {logging_mixin.py:190} INFO - [2026-09-21T00:17:44.179+0000] {dag.py:3239} INFO - Sync 1 DAGs
[2026-09-21T00:17:44.199+0000] {logging_mixin.py:190} INFO - [2026-09-21T00:17:44.198+0000] {dag.py:4180} INFO - Setting next_dagrun for weather_risk_pipeline to 2026-09-19 06:00:00+00:00, run_after=2026-09-20 06:00:00+00:00
[2026-09-21T00:17:44.212+0000] {processor.py:208} INFO - Processing /opt/airflow/dags/weather_pipeline_dag.py took 0.107 seconds
[2026-09-21T00:18:14.390+0000] {processor.py:186} INFO - Started process (PID=742) to work on /opt/airflow/dags/weather_pipeline_dag.py
[2026-09-21T00:18:14.391+0000] {processor.py:914} INFO - Processing file /opt/airflow/dags/weather_pipeline_dag.py for tasks to queue
[2026-09-21T00:18:14.394+0000] {logging_mixin.py:190} INFO - [2026-09-21T00:18:14.394+0000] {dagbag.py:588} INFO - Filling up the DagBag from /opt/airflow/dags/weather_pipeline_dag.py
[2026-09-21T00:18:14.412+0000] {processor.py:925} INFO - DAG(s) 'weather_risk_pipeline' retrieved from /opt/airflow/dags/weather_pipeline_dag.py
[2026-09-21T00:18:14.458+0000] {logging_mixin.py:190} INFO - [2026-09-21T00:18:14.458+0000] {dag.py:3239} INFO - Sync 1 DAGs
[2026-09-21T00:18:14.478+0000] {logging_mixin.py:190} INFO - [2026-09-21T00:18:14.478+0000] {dag.py:4180} INFO - Setting next_dagrun for weather_risk_pipeline to 2026-09-19 06:00:00+00:00, run_after=2026-09-20 06:00:00+00:00
[2026-09-21T00:18:14.493+0000] {processor.py:208} INFO - Processing /opt/airflow/dags/weather_pipeline_dag.py took 0.113 seconds
[2026-09-21T00:18:44.624+0000] {processor.py:186} INFO - Started process (PID=747) to work on /opt/airflow/dags/weather_pipeline_dag.py
[2026-09-21T00:18:44.625+0000] {processor.py:914} INFO - Processing file /opt/airflow/dags/weather_pipeline_dag.py for tasks to queue
[2026-09-21T00:18:44.628+0000] {logging_mixin.py:190} INFO - [2026-09-21T00:18:44.627+0000] {dagbag.py:588} INFO - Filling up the DagBag from /opt/airflow/dags/weather_pipeline_dag.py
[2026-09-21T00:18:44.645+0000] {processor.py:925} INFO - DAG(s) 'weather_risk_pipeline' retrieved from /opt/airflow/dags/weather_pipeline_dag.py
[2026-09-21T00:18:44.694+0000] {logging_mixin.py:190} INFO - [2026-09-21T00:18:44.694+0000] {dag.py:3239} INFO - Sync 1 DAGs
[2026-09-21T00:18:44.718+0000] {logging_mixin.py:190} INFO - [2026-09-21T00:18:44.717+0000] {dag.py:4180} INFO - Setting next_dagrun for weather_risk_pipeline to 2026-09-19 06:00:00+00:00, run_after=2026-09-20 06:00:00+00:00
[2026-09-21T00:18:44.743+0000] {processor.py:208} INFO - Processing /opt/airflow/dags/weather_pipeline_dag.py took 0.129 seconds
[2026-09-21T00:19:14.921+0000] {processor.py:186} INFO - Started process (PID=752) to work on /opt/airflow/dags/weather_pipeline_dag.py
[2026-09-21T00:19:14.923+0000] {processor.py:914} INFO - Processing file /opt/airflow/dags/weather_pipeline_dag.py for tasks to queue
[2026-09-21T00:19:14.926+0000] {logging_mixin.py:190} INFO - [2026-09-21T00:19:14.925+0000] {dagbag.py:588} INFO - Filling up the DagBag from /opt/airflow/dags/weather_pipeline_dag.py
[2026-09-21T00:19:14.945+0000] {processor.py:925} INFO - DAG(s) 'weather_risk_pipeline' retrieved from /opt/airflow/dags/weather_pipeline_dag.py
[2026-09-21T00:19:14.990+0000] {logging_mixin.py:190} INFO - [2026-09-21T00:19:14.989+0000] {dag.py:3239} INFO - Sync 1 DAGs
[2026-09-21T00:19:15.010+0000] {logging_mixin.py:190} INFO - [2026-09-21T00:19:15.010+0000] {dag.py:4180} INFO - Setting next_dagrun for weather_risk_pipeline to 2026-09-19 06:00:00+00:00, run_after=2026-09-20 06:00:00+00:00
[2026-09-21T00:19:15.024+0000] {processor.py:208} INFO - Processing /opt/airflow/dags/weather_pipeline_dag.py took 0.113 seconds
[2026-09-21T00:19:45.178+0000] {processor.py:186} INFO - Started process (PID=757) to work on /opt/airflow/dags/weather_pipeline_dag.py
[2026-09-21T00:19:45.179+0000] {processor.py:914} INFO - Processing file /opt/airflow/dags/weather_pipeline_dag.py for tasks to queue
[2026-09-21T00:19:45.182+0000] {logging_mixin.py:190} INFO - [2026-09-21T00:19:45.181+0000] {dagbag.py:588} INFO - Filling up the DagBag from /opt/airflow/dags/weather_pipeline_dag.py
[2026-09-21T00:19:45.201+0000] {processor.py:925} INFO - DAG(s) 'weather_risk_pipeline' retrieved from /opt/airflow/dags/weather_pipeline_dag.py
[2026-09-21T00:19:45.250+0000] {logging_mixin.py:190} INFO - [2026-09-21T00:19:45.249+0000] {dag.py:3239} INFO - Sync 1 DAGs
[2026-09-21T00:19:45.272+0000] {logging_mixin.py:190} INFO - [2026-09-21T00:19:45.271+0000] {dag.py:4180} INFO - Setting next_dagrun for weather_risk_pipeline to 2026-09-19 06:00:00+00:00, run_after=2026-09-20 06:00:00+00:00
[2026-09-21T00:19:45.286+0000] {processor.py:208} INFO - Processing /opt/airflow/dags/weather_pipeline_dag.py took 0.118 seconds
[2026-09-21T00:20:15.460+0000] {processor.py:186} INFO - Started process (PID=762) to work on /opt/airflow/dags/weather_pipeline_dag.py
[2026-09-21T00:20:15.469+0000] {processor.py:914} INFO - Processing file /opt/airflow/dags/weather_pipeline_dag.py for tasks to queue
[2026-09-21T00:20:15.473+0000] {logging_mixin.py:190} INFO - [2026-09-21T00:20:15.472+0000] {dagbag.py:588} INFO - Filling up the DagBag from /opt/airflow/dags/weather_pipeline_dag.py
[2026-09-21T00:20:15.494+0000] {processor.py:925} INFO - DAG(s) 'weather_risk_pipeline' retrieved from /opt/airflow/dags/weather_pipeline_dag.py
[2026-09-21T00:20:15.544+0000] {logging_mixin.py:190} INFO - [2026-09-21T00:20:15.544+0000] {dag.py:3239} INFO - Sync 1 DAGs
[2026-09-21T00:20:15.566+0000] {logging_mixin.py:190} INFO - [2026-09-21T00:20:15.566+0000] {dag.py:4180} INFO - Setting next_dagrun for weather_risk_pipeline to 2026-09-19 06:00:00+00:00, run_after=2026-09-20 06:00:00+00:00
[2026-09-21T00:20:15.580+0000] {processor.py:208} INFO - Processing /opt/airflow/dags/weather_pipeline_dag.py took 0.130 seconds
[2026-09-21T00:20:45.753+0000] {processor.py:186} INFO - Started process (PID=767) to work on /opt/airflow/dags/weather_pipeline_dag.py
[2026-09-21T00:20:45.753+0000] {processor.py:914} INFO - Processing file /opt/airflow/dags/weather_pipeline_dag.py for tasks to queue
[2026-09-21T00:20:45.757+0000] {logging_mixin.py:190} INFO - [2026-09-21T00:20:45.756+0000] {dagbag.py:588} INFO - Filling up the DagBag from /opt/airflow/dags/weather_pipeline_dag.py
[2026-09-21T00:20:45.776+0000] {processor.py:925} INFO - DAG(s) 'weather_risk_pipeline' retrieved from /opt/airflow/dags/weather_pipeline_dag.py
[2026-09-21T00:20:45.826+0000] {logging_mixin.py:190} INFO - [2026-09-21T00:20:45.826+0000] {dag.py:3239} INFO - Sync 1 DAGs
[2026-09-21T00:20:45.848+0000] {logging_mixin.py:190} INFO - [2026-09-21T00:20:45.848+0000] {dag.py:4180} INFO - Setting next_dagrun for weather_risk_pipeline to 2026-09-19 06:00:00+00:00, run_after=2026-09-20 06:00:00+00:00
[2026-09-21T00:20:45.875+0000] {processor.py:208} INFO - Processing /opt/airflow/dags/weather_pipeline_dag.py took 0.132 seconds
[2026-09-21T00:21:16.026+0000] {processor.py:186} INFO - Started process (PID=772) to work on /opt/airflow/dags/weather_pipeline_dag.py
[2026-09-21T00:21:16.036+0000] {processor.py:914} INFO - Processing file /opt/airflow/dags/weather_pipeline_dag.py for tasks to queue
[2026-09-21T00:21:16.039+0000] {logging_mixin.py:190} INFO - [2026-09-21T00:21:16.039+0000] {dagbag.py:588} INFO - Filling up the DagBag from /opt/airflow/dags/weather_pipeline_dag.py
[2026-09-21T00:21:16.058+0000] {processor.py:925} INFO - DAG(s) 'weather_risk_pipeline' retrieved from /opt/airflow/dags/weather_pipeline_dag.py
[2026-09-21T00:21:16.109+0000] {logging_mixin.py:190} INFO - [2026-09-21T00:21:16.108+0000] {dag.py:3239} INFO - Sync 1 DAGs
[2026-09-21T00:21:16.132+0000] {logging_mixin.py:190} INFO - [2026-09-21T00:21:16.132+0000] {dag.py:4180} INFO - Setting next_dagrun for weather_risk_pipeline to 2026-09-19 06:00:00+00:00, run_after=2026-09-20 06:00:00+00:00
[2026-09-21T00:21:16.159+0000] {processor.py:208} INFO - Processing /opt/airflow/dags/weather_pipeline_dag.py took 0.142 seconds
[2026-09-21T00:21:46.339+0000] {processor.py:186} INFO - Started process (PID=777) to work on /opt/airflow/dags/weather_pipeline_dag.py
[2026-09-21T00:21:46.340+0000] {processor.py:914} INFO - Processing file /opt/airflow/dags/weather_pipeline_dag.py for tasks to queue
[2026-09-21T00:21:46.344+0000] {logging_mixin.py:190} INFO - [2026-09-21T00:21:46.343+0000] {dagbag.py:588} INFO - Filling up the DagBag from /opt/airflow/dags/weather_pipeline_dag.py
[2026-09-21T00:21:46.362+0000] {processor.py:925} INFO - DAG(s) 'weather_risk_pipeline' retrieved from /opt/airflow/dags/weather_pipeline_dag.py
[2026-09-21T00:21:46.414+0000] {logging_mixin.py:190} INFO - [2026-09-21T00:21:46.413+0000] {dag.py:3239} INFO - Sync 1 DAGs
[2026-09-21T00:21:46.435+0000] {logging_mixin.py:190} INFO - [2026-09-21T00:21:46.435+0000] {dag.py:4180} INFO - Setting next_dagrun for weather_risk_pipeline to 2026-09-19 06:00:00+00:00, run_after=2026-09-20 06:00:00+00:00
[2026-09-21T00:21:46.461+0000] {processor.py:208} INFO - Processing /opt/airflow/dags/weather_pipeline_dag.py took 0.131 seconds
[2026-09-21T00:22:16.618+0000] {processor.py:186} INFO - Started process (PID=782) to work on /opt/airflow/dags/weather_pipeline_dag.py
[2026-09-21T00:22:16.627+0000] {processor.py:914} INFO - Processing file /opt/airflow/dags/weather_pipeline_dag.py for tasks to queue
[2026-09-21T00:22:16.631+0000] {logging_mixin.py:190} INFO - [2026-09-21T00:22:16.630+0000] {dagbag.py:588} INFO - Filling up the DagBag from /opt/airflow/dags/weather_pipeline_dag.py
[2026-09-21T00:22:16.655+0000] {processor.py:925} INFO - DAG(s) 'weather_risk_pipeline' retrieved from /opt/airflow/dags/weather_pipeline_dag.py
[2026-09-21T00:22:16.707+0000] {logging_mixin.py:190} INFO - [2026-09-21T00:22:16.707+0000] {dag.py:3239} INFO - Sync 1 DAGs
[2026-09-21T00:22:16.745+0000] {logging_mixin.py:190} INFO - [2026-09-21T00:22:16.745+0000] {dag.py:4180} INFO - Setting next_dagrun for weather_risk_pipeline to 2026-09-19 06:00:00+00:00, run_after=2026-09-20 06:00:00+00:00
[2026-09-21T00:22:16.765+0000] {processor.py:208} INFO - Processing /opt/airflow/dags/weather_pipeline_dag.py took 0.157 seconds
[2026-09-21T00:22:46.920+0000] {processor.py:186} INFO - Started process (PID=787) to work on /opt/airflow/dags/weather_pipeline_dag.py
[2026-09-21T00:22:46.922+0000] {processor.py:914} INFO - Processing file /opt/airflow/dags/weather_pipeline_dag.py for tasks to queue
[2026-09-21T00:22:46.925+0000] {logging_mixin.py:190} INFO - [2026-09-21T00:22:46.924+0000] {dagbag.py:588} INFO - Filling up the DagBag from /opt/airflow/dags/weather_pipeline_dag.py
[2026-09-21T00:22:46.944+0000] {processor.py:925} INFO - DAG(s) 'weather_risk_pipeline' retrieved from /opt/airflow/dags/weather_pipeline_dag.py
[2026-09-21T00:22:46.997+0000] {logging_mixin.py:190} INFO - [2026-09-21T00:22:46.996+0000] {dag.py:3239} INFO - Sync 1 DAGs
[2026-09-21T00:22:47.037+0000] {logging_mixin.py:190} INFO - [2026-09-21T00:22:47.037+0000] {dag.py:4180} INFO - Setting next_dagrun for weather_risk_pipeline to 2026-09-19 06:00:00+00:00, run_after=2026-09-20 06:00:00+00:00
[2026-09-21T00:22:47.073+0000] {processor.py:208} INFO - Processing /opt/airflow/dags/weather_pipeline_dag.py took 0.163 seconds
[2026-09-21T00:23:17.230+0000] {processor.py:186} INFO - Started process (PID=792) to work on /opt/airflow/dags/weather_pipeline_dag.py
[2026-09-21T00:23:17.240+0000] {processor.py:914} INFO - Processing file /opt/airflow/dags/weather_pipeline_dag.py for tasks to queue
[2026-09-21T00:23:17.243+0000] {logging_mixin.py:190} INFO - [2026-09-21T00:23:17.243+0000] {dagbag.py:588} INFO - Filling up the DagBag from /opt/airflow/dags/weather_pipeline_dag.py
[2026-09-21T00:23:17.262+0000] {processor.py:925} INFO - DAG(s) 'weather_risk_pipeline' retrieved from /opt/airflow/dags/weather_pipeline_dag.py
[2026-09-21T00:23:17.313+0000] {logging_mixin.py:190} INFO - [2026-09-21T00:23:17.313+0000] {dag.py:3239} INFO - Sync 1 DAGs
[2026-09-21T00:23:17.335+0000] {logging_mixin.py:190} INFO - [2026-09-21T00:23:17.335+0000] {dag.py:4180} INFO - Setting next_dagrun for weather_risk_pipeline to 2026-09-19 06:00:00+00:00, run_after=2026-09-20 06:00:00+00:00
[2026-09-21T00:23:17.363+0000] {processor.py:208} INFO - Processing /opt/airflow/dags/weather_pipeline_dag.py took 0.142 seconds
[2026-09-21T00:23:47.535+0000] {processor.py:186} INFO - Started process (PID=797) to work on /opt/airflow/dags/weather_pipeline_dag.py
[2026-09-21T00:23:47.536+0000] {processor.py:914} INFO - Processing file /opt/airflow/dags/weather_pipeline_dag.py for tasks to queue
[2026-09-21T00:23:47.540+0000] {logging_mixin.py:190} INFO - [2026-09-21T00:23:47.539+0000] {dagbag.py:588} INFO - Filling up the DagBag from /opt/airflow/dags/weather_pipeline_dag.py
[2026-09-21T00:23:47.558+0000] {processor.py:925} INFO - DAG(s) 'weather_risk_pipeline' retrieved from /opt/airflow/dags/weather_pipeline_dag.py
[2026-09-21T00:23:47.609+0000] {logging_mixin.py:190} INFO - [2026-09-21T00:23:47.608+0000] {dag.py:3239} INFO - Sync 1 DAGs
[2026-09-21T00:23:47.648+0000] {logging_mixin.py:190} INFO - [2026-09-21T00:23:47.647+0000] {dag.py:4180} INFO - Setting next_dagrun for weather_risk_pipeline to 2026-09-19 06:00:00+00:00, run_after=2026-09-20 06:00:00+00:00
[2026-09-21T00:23:47.678+0000] {processor.py:208} INFO - Processing /opt/airflow/dags/weather_pipeline_dag.py took 0.153 seconds
[2026-09-21T00:24:17.825+0000] {processor.py:186} INFO - Started process (PID=802) to work on /opt/airflow/dags/weather_pipeline_dag.py
[2026-09-21T00:24:17.826+0000] {processor.py:914} INFO - Processing file /opt/airflow/dags/weather_pipeline_dag.py for tasks to queue
[2026-09-21T00:24:17.829+0000] {logging_mixin.py:190} INFO - [2026-09-21T00:24:17.829+0000] {dagbag.py:588} INFO - Filling up the DagBag from /opt/airflow/dags/weather_pipeline_dag.py
[2026-09-21T00:24:17.847+0000] {processor.py:925} INFO - DAG(s) 'weather_risk_pipeline' retrieved from /opt/airflow/dags/weather_pipeline_dag.py
[2026-09-21T00:24:17.899+0000] {logging_mixin.py:190} INFO - [2026-09-21T00:24:17.899+0000] {dag.py:3239} INFO - Sync 1 DAGs
[2026-09-21T00:24:17.936+0000] {logging_mixin.py:190} INFO - [2026-09-21T00:24:17.935+0000] {dag.py:4180} INFO - Setting next_dagrun for weather_risk_pipeline to 2026-09-19 06:00:00+00:00, run_after=2026-09-20 06:00:00+00:00
[2026-09-21T00:24:17.966+0000] {processor.py:208} INFO - Processing /opt/airflow/dags/weather_pipeline_dag.py took 0.152 seconds
[2026-09-21T00:24:48.144+0000] {processor.py:186} INFO - Started process (PID=807) to work on /opt/airflow/dags/weather_pipeline_dag.py
[2026-09-21T00:24:48.145+0000] {processor.py:914} INFO - Processing file /opt/airflow/dags/weather_pipeline_dag.py for tasks to queue
[2026-09-21T00:24:48.148+0000] {logging_mixin.py:190} INFO - [2026-09-21T00:24:48.147+0000] {dagbag.py:588} INFO - Filling up the DagBag from /opt/airflow/dags/weather_pipeline_dag.py
[2026-09-21T00:24:48.165+0000] {processor.py:925} INFO - DAG(s) 'weather_risk_pipeline' retrieved from /opt/airflow/dags/weather_pipeline_dag.py
[2026-09-21T00:24:48.225+0000] {logging_mixin.py:190} INFO - [2026-09-21T00:24:48.225+0000] {dag.py:3239} INFO - Sync 1 DAGs
[2026-09-21T00:24:48.256+0000] {logging_mixin.py:190} INFO - [2026-09-21T00:24:48.256+0000] {dag.py:4180} INFO - Setting next_dagrun for weather_risk_pipeline to 2026-09-19 06:00:00+00:00, run_after=2026-09-20 06:00:00+00:00
[2026-09-21T00:24:48.285+0000] {processor.py:208} INFO - Processing /opt/airflow/dags/weather_pipeline_dag.py took 0.151 seconds
[2026-09-21T00:25:18.430+0000] {processor.py:186} INFO - Started process (PID=812) to work on /opt/airflow/dags/weather_pipeline_dag.py
[2026-09-21T00:25:18.439+0000] {processor.py:914} INFO - Processing file /opt/airflow/dags/weather_pipeline_dag.py for tasks to queue
[2026-09-21T00:25:18.442+0000] {logging_mixin.py:190} INFO - [2026-09-21T00:25:18.442+0000] {dagbag.py:588} INFO - Filling up the DagBag from /opt/airflow/dags/weather_pipeline_dag.py
[2026-09-21T00:25:18.462+0000] {processor.py:925} INFO - DAG(s) 'weather_risk_pipeline' retrieved from /opt/airflow/dags/weather_pipeline_dag.py
[2026-09-21T00:25:18.519+0000] {logging_mixin.py:190} INFO - [2026-09-21T00:25:18.519+0000] {dag.py:3239} INFO - Sync 1 DAGs
[2026-09-21T00:25:18.539+0000] {logging_mixin.py:190} INFO - [2026-09-21T00:25:18.539+0000] {dag.py:4180} INFO - Setting next_dagrun for weather_risk_pipeline to 2026-09-19 06:00:00+00:00, run_after=2026-09-20 06:00:00+00:00
[2026-09-21T00:25:18.563+0000] {processor.py:208} INFO - Processing /opt/airflow/dags/weather_pipeline_dag.py took 0.144 seconds
[2026-09-21T00:25:48.749+0000] {processor.py:186} INFO - Started process (PID=817) to work on /opt/airflow/dags/weather_pipeline_dag.py
[2026-09-21T00:25:48.750+0000] {processor.py:914} INFO - Processing file /opt/airflow/dags/weather_pipeline_dag.py for tasks to queue
[2026-09-21T00:25:48.753+0000] {logging_mixin.py:190} INFO - [2026-09-21T00:25:48.753+0000] {dagbag.py:588} INFO - Filling up the DagBag from /opt/airflow/dags/weather_pipeline_dag.py
[2026-09-21T00:25:48.770+0000] {processor.py:925} INFO - DAG(s) 'weather_risk_pipeline' retrieved from /opt/airflow/dags/weather_pipeline_dag.py
[2026-09-21T00:25:48.832+0000] {logging_mixin.py:190} INFO - [2026-09-21T00:25:48.831+0000] {dag.py:3239} INFO - Sync 1 DAGs
[2026-09-21T00:25:48.862+0000] {logging_mixin.py:190} INFO - [2026-09-21T00:25:48.861+0000] {dag.py:4180} INFO - Setting next_dagrun for weather_risk_pipeline to 2026-09-19 06:00:00+00:00, run_after=2026-09-20 06:00:00+00:00
[2026-09-21T00:25:48.888+0000] {processor.py:208} INFO - Processing /opt/airflow/dags/weather_pipeline_dag.py took 0.149 seconds
[2026-09-21T00:26:18.998+0000] {processor.py:186} INFO - Started process (PID=822) to work on /opt/airflow/dags/weather_pipeline_dag.py
[2026-09-21T00:26:18.999+0000] {processor.py:914} INFO - Processing file /opt/airflow/dags/weather_pipeline_dag.py for tasks to queue
[2026-09-21T00:26:19.002+0000] {logging_mixin.py:190} INFO - [2026-09-21T00:26:19.002+0000] {dagbag.py:588} INFO - Filling up the DagBag from /opt/airflow/dags/weather_pipeline_dag.py
[2026-09-21T00:26:19.020+0000] {processor.py:925} INFO - DAG(s) 'weather_risk_pipeline' retrieved from /opt/airflow/dags/weather_pipeline_dag.py
[2026-09-21T00:26:19.070+0000] {logging_mixin.py:190} INFO - [2026-09-21T00:26:19.070+0000] {dag.py:3239} INFO - Sync 1 DAGs
[2026-09-21T00:26:19.089+0000] {logging_mixin.py:190} INFO - [2026-09-21T00:26:19.089+0000] {dag.py:4180} INFO - Setting next_dagrun for weather_risk_pipeline to 2026-09-19 06:00:00+00:00, run_after=2026-09-20 06:00:00+00:00
[2026-09-21T00:26:19.103+0000] {processor.py:208} INFO - Processing /opt/airflow/dags/weather_pipeline_dag.py took 0.114 seconds
[2026-09-21T00:26:49.315+0000] {processor.py:186} INFO - Started process (PID=827) to work on /opt/airflow/dags/weather_pipeline_dag.py
[2026-09-21T00:26:49.316+0000] {processor.py:914} INFO - Processing file /opt/airflow/dags/weather_pipeline_dag.py for tasks to queue
[2026-09-21T00:26:49.319+0000] {logging_mixin.py:190} INFO - [2026-09-21T00:26:49.318+0000] {dagbag.py:588} INFO - Filling up the DagBag from /opt/airflow/dags/weather_pipeline_dag.py
[2026-09-21T00:26:49.337+0000] {processor.py:925} INFO - DAG(s) 'weather_risk_pipeline' retrieved from /opt/airflow/dags/weather_pipeline_dag.py
[2026-09-21T00:26:49.392+0000] {logging_mixin.py:190} INFO - [2026-09-21T00:26:49.392+0000] {dag.py:3239} INFO - Sync 1 DAGs
[2026-09-21T00:26:49.413+0000] {logging_mixin.py:190} INFO - [2026-09-21T00:26:49.413+0000] {dag.py:4180} INFO - Setting next_dagrun for weather_risk_pipeline to 2026-09-19 06:00:00+00:00, run_after=2026-09-20 06:00:00+00:00
[2026-09-21T00:26:49.439+0000] {processor.py:208} INFO - Processing /opt/airflow/dags/weather_pipeline_dag.py took 0.134 seconds
[2026-09-21T00:27:19.551+0000] {processor.py:186} INFO - Started process (PID=832) to work on /opt/airflow/dags/weather_pipeline_dag.py
[2026-09-21T00:27:19.560+0000] {processor.py:914} INFO - Processing file /opt/airflow/dags/weather_pipeline_dag.py for tasks to queue
[2026-09-21T00:27:19.564+0000] {logging_mixin.py:190} INFO - [2026-09-21T00:27:19.563+0000] {dagbag.py:588} INFO - Filling up the DagBag from /opt/airflow/dags/weather_pipeline_dag.py
[2026-09-21T00:27:19.593+0000] {processor.py:925} INFO - DAG(s) 'weather_risk_pipeline' retrieved from /opt/airflow/dags/weather_pipeline_dag.py
[2026-09-21T00:27:19.640+0000] {logging_mixin.py:190} INFO - [2026-09-21T00:27:19.640+0000] {dag.py:3239} INFO - Sync 1 DAGs
[2026-09-21T00:27:19.661+0000] {logging_mixin.py:190} INFO - [2026-09-21T00:27:19.661+0000] {dag.py:4180} INFO - Setting next_dagrun for weather_risk_pipeline to 2026-09-19 06:00:00+00:00, run_after=2026-09-20 06:00:00+00:00
[2026-09-21T00:27:19.687+0000] {processor.py:208} INFO - Processing /opt/airflow/dags/weather_pipeline_dag.py took 0.146 seconds
[2026-09-21T06:29:12.527+0000] {processor.py:186} INFO - Started process (PID=837) to work on /opt/airflow/dags/weather_pipeline_dag.py
[2026-09-21T06:29:12.529+0000] {processor.py:914} INFO - Processing file /opt/airflow/dags/weather_pipeline_dag.py for tasks to queue
[2026-09-21T06:29:12.533+0000] {logging_mixin.py:190} INFO - [2026-09-21T06:29:12.533+0000] {dagbag.py:588} INFO - Filling up the DagBag from /opt/airflow/dags/weather_pipeline_dag.py
[2026-09-21T06:29:12.568+0000] {processor.py:925} INFO - DAG(s) 'weather_risk_pipeline' retrieved from /opt/airflow/dags/weather_pipeline_dag.py
[2026-09-21T06:29:12.600+0000] {logging_mixin.py:190} INFO - [2026-09-21T06:29:12.600+0000] {dag.py:3239} INFO - Sync 1 DAGs
[2026-09-21T06:29:12.618+0000] {logging_mixin.py:190} INFO - [2026-09-21T06:29:12.618+0000] {dag.py:4180} INFO - Setting next_dagrun for weather_risk_pipeline to 2026-09-20 06:00:00+00:00, run_after=2026-09-21 06:00:00+00:00
[2026-09-21T06:29:12.633+0000] {processor.py:208} INFO - Processing /opt/airflow/dags/weather_pipeline_dag.py took 0.117 seconds
[2026-09-21T06:29:42.702+0000] {processor.py:186} INFO - Started process (PID=842) to work on /opt/airflow/dags/weather_pipeline_dag.py
[2026-09-21T06:29:42.703+0000] {processor.py:914} INFO - Processing file /opt/airflow/dags/weather_pipeline_dag.py for tasks to queue
[2026-09-21T06:29:42.704+0000] {logging_mixin.py:190} INFO - [2026-09-21T06:29:42.704+0000] {dagbag.py:588} INFO - Filling up the DagBag from /opt/airflow/dags/weather_pipeline_dag.py
[2026-09-21T06:29:42.713+0000] {processor.py:925} INFO - DAG(s) 'weather_risk_pipeline' retrieved from /opt/airflow/dags/weather_pipeline_dag.py
[2026-09-21T06:29:42.739+0000] {logging_mixin.py:190} INFO - [2026-09-21T06:29:42.738+0000] {dag.py:3239} INFO - Sync 1 DAGs
[2026-09-21T06:29:42.758+0000] {logging_mixin.py:190} INFO - [2026-09-21T06:29:42.758+0000] {dag.py:4180} INFO - Setting next_dagrun for weather_risk_pipeline to 2026-09-20 06:00:00+00:00, run_after=2026-09-21 06:00:00+00:00
[2026-09-21T06:29:42.772+0000] {processor.py:208} INFO - Processing /opt/airflow/dags/weather_pipeline_dag.py took 0.076 seconds
[2026-09-21T06:30:12.971+0000] {processor.py:186} INFO - Started process (PID=847) to work on /opt/airflow/dags/weather_pipeline_dag.py
[2026-09-21T06:30:12.973+0000] {processor.py:914} INFO - Processing file /opt/airflow/dags/weather_pipeline_dag.py for tasks to queue
[2026-09-21T06:30:12.975+0000] {logging_mixin.py:190} INFO - [2026-09-21T06:30:12.975+0000] {dagbag.py:588} INFO - Filling up the DagBag from /opt/airflow/dags/weather_pipeline_dag.py
[2026-09-21T06:30:12.983+0000] {processor.py:925} INFO - DAG(s) 'weather_risk_pipeline' retrieved from /opt/airflow/dags/weather_pipeline_dag.py
[2026-09-21T06:30:13.009+0000] {logging_mixin.py:190} INFO - [2026-09-21T06:30:13.009+0000] {dag.py:3239} INFO - Sync 1 DAGs
[2026-09-21T06:30:13.029+0000] {logging_mixin.py:190} INFO - [2026-09-21T06:30:13.029+0000] {dag.py:4180} INFO - Setting next_dagrun for weather_risk_pipeline to 2026-09-20 06:00:00+00:00, run_after=2026-09-21 06:00:00+00:00
[2026-09-21T06:30:13.044+0000] {processor.py:208} INFO - Processing /opt/airflow/dags/weather_pipeline_dag.py took 0.079 seconds
[2026-09-21T06:30:43.171+0000] {processor.py:186} INFO - Started process (PID=852) to work on /opt/airflow/dags/weather_pipeline_dag.py
[2026-09-21T06:30:43.172+0000] {processor.py:914} INFO - Processing file /opt/airflow/dags/weather_pipeline_dag.py for tasks to queue
[2026-09-21T06:30:43.175+0000] {logging_mixin.py:190} INFO - [2026-09-21T06:30:43.175+0000] {dagbag.py:588} INFO - Filling up the DagBag from /opt/airflow/dags/weather_pipeline_dag.py
[2026-09-21T06:30:43.194+0000] {processor.py:925} INFO - DAG(s) 'weather_risk_pipeline' retrieved from /opt/airflow/dags/weather_pipeline_dag.py
[2026-09-21T06:30:43.244+0000] {logging_mixin.py:190} INFO - [2026-09-21T06:30:43.244+0000] {dag.py:3239} INFO - Sync 1 DAGs
[2026-09-21T06:30:43.283+0000] {logging_mixin.py:190} INFO - [2026-09-21T06:30:43.283+0000] {dag.py:4180} INFO - Setting next_dagrun for weather_risk_pipeline to 2026-09-20 06:00:00+00:00, run_after=2026-09-21 06:00:00+00:00
[2026-09-21T06:30:43.314+0000] {processor.py:208} INFO - Processing /opt/airflow/dags/weather_pipeline_dag.py took 0.154 seconds
[2026-09-21T06:31:13.411+0000] {processor.py:186} INFO - Started process (PID=857) to work on /opt/airflow/dags/weather_pipeline_dag.py
[2026-09-21T06:31:13.412+0000] {processor.py:914} INFO - Processing file /opt/airflow/dags/weather_pipeline_dag.py for tasks to queue
[2026-09-21T06:31:13.414+0000] {logging_mixin.py:190} INFO - [2026-09-21T06:31:13.414+0000] {dagbag.py:588} INFO - Filling up the DagBag from /opt/airflow/dags/weather_pipeline_dag.py
[2026-09-21T06:31:13.423+0000] {processor.py:925} INFO - DAG(s) 'weather_risk_pipeline' retrieved from /opt/airflow/dags/weather_pipeline_dag.py
[2026-09-21T06:31:13.454+0000] {logging_mixin.py:190} INFO - [2026-09-21T06:31:13.453+0000] {dag.py:3239} INFO - Sync 1 DAGs
[2026-09-21T06:31:13.479+0000] {logging_mixin.py:190} INFO - [2026-09-21T06:31:13.478+0000] {dag.py:4180} INFO - Setting next_dagrun for weather_risk_pipeline to 2026-09-20 06:00:00+00:00, run_after=2026-09-21 06:00:00+00:00
[2026-09-21T06:31:13.494+0000] {processor.py:208} INFO - Processing /opt/airflow/dags/weather_pipeline_dag.py took 0.088 seconds
[2026-09-21T06:31:43.657+0000] {processor.py:186} INFO - Started process (PID=862) to work on /opt/airflow/dags/weather_pipeline_dag.py
[2026-09-21T06:31:43.666+0000] {processor.py:914} INFO - Processing file /opt/airflow/dags/weather_pipeline_dag.py for tasks to queue
[2026-09-21T06:31:43.667+0000] {logging_mixin.py:190} INFO - [2026-09-21T06:31:43.667+0000] {dagbag.py:588} INFO - Filling up the DagBag from /opt/airflow/dags/weather_pipeline_dag.py
[2026-09-21T06:31:43.676+0000] {processor.py:925} INFO - DAG(s) 'weather_risk_pipeline' retrieved from /opt/airflow/dags/weather_pipeline_dag.py
[2026-09-21T06:31:43.700+0000] {logging_mixin.py:190} INFO - [2026-09-21T06:31:43.700+0000] {dag.py:3239} INFO - Sync 1 DAGs
[2026-09-21T06:31:43.720+0000] {logging_mixin.py:190} INFO - [2026-09-21T06:31:43.720+0000] {dag.py:4180} INFO - Setting next_dagrun for weather_risk_pipeline to 2026-09-20 06:00:00+00:00, run_after=2026-09-21 06:00:00+00:00
[2026-09-21T06:31:43.735+0000] {processor.py:208} INFO - Processing /opt/airflow/dags/weather_pipeline_dag.py took 0.083 seconds
[2026-09-21T06:32:13.845+0000] {processor.py:186} INFO - Started process (PID=867) to work on /opt/airflow/dags/weather_pipeline_dag.py
[2026-09-21T06:32:13.848+0000] {processor.py:914} INFO - Processing file /opt/airflow/dags/weather_pipeline_dag.py for tasks to queue
[2026-09-21T06:32:13.850+0000] {logging_mixin.py:190} INFO - [2026-09-21T06:32:13.849+0000] {dagbag.py:588} INFO - Filling up the DagBag from /opt/airflow/dags/weather_pipeline_dag.py
[2026-09-21T06:32:13.858+0000] {processor.py:925} INFO - DAG(s) 'weather_risk_pipeline' retrieved from /opt/airflow/dags/weather_pipeline_dag.py
[2026-09-21T06:32:13.882+0000] {logging_mixin.py:190} INFO - [2026-09-21T06:32:13.882+0000] {dag.py:3239} INFO - Sync 1 DAGs
[2026-09-21T06:32:13.901+0000] {logging_mixin.py:190} INFO - [2026-09-21T06:32:13.901+0000] {dag.py:4180} INFO - Setting next_dagrun for weather_risk_pipeline to 2026-09-20 06:00:00+00:00, run_after=2026-09-21 06:00:00+00:00
[2026-09-21T06:32:13.915+0000] {processor.py:208} INFO - Processing /opt/airflow/dags/weather_pipeline_dag.py took 0.075 seconds
[2026-09-21T06:32:44.103+0000] {processor.py:186} INFO - Started process (PID=872) to work on /opt/airflow/dags/weather_pipeline_dag.py
[2026-09-21T06:32:44.113+0000] {processor.py:914} INFO - Processing file /opt/airflow/dags/weather_pipeline_dag.py for tasks to queue
[2026-09-21T06:32:44.116+0000] {logging_mixin.py:190} INFO - [2026-09-21T06:32:44.116+0000] {dagbag.py:588} INFO - Filling up the DagBag from /opt/airflow/dags/weather_pipeline_dag.py
[2026-09-21T06:32:44.135+0000] {processor.py:925} INFO - DAG(s) 'weather_risk_pipeline' retrieved from /opt/airflow/dags/weather_pipeline_dag.py
[2026-09-21T06:32:44.184+0000] {logging_mixin.py:190} INFO - [2026-09-21T06:32:44.184+0000] {dag.py:3239} INFO - Sync 1 DAGs
[2026-09-21T06:32:44.206+0000] {logging_mixin.py:190} INFO - [2026-09-21T06:32:44.206+0000] {dag.py:4180} INFO - Setting next_dagrun for weather_risk_pipeline to 2026-09-20 06:00:00+00:00, run_after=2026-09-21 06:00:00+00:00
[2026-09-21T06:32:44.230+0000] {processor.py:208} INFO - Processing /opt/airflow/dags/weather_pipeline_dag.py took 0.137 seconds
[2026-09-21T06:33:14.311+0000] {processor.py:186} INFO - Started process (PID=877) to work on /opt/airflow/dags/weather_pipeline_dag.py
[2026-09-21T06:33:14.312+0000] {processor.py:914} INFO - Processing file /opt/airflow/dags/weather_pipeline_dag.py for tasks to queue
[2026-09-21T06:33:14.315+0000] {logging_mixin.py:190} INFO - [2026-09-21T06:33:14.315+0000] {dagbag.py:588} INFO - Filling up the DagBag from /opt/airflow/dags/weather_pipeline_dag.py
[2026-09-21T06:33:14.332+0000] {processor.py:925} INFO - DAG(s) 'weather_risk_pipeline' retrieved from /opt/airflow/dags/weather_pipeline_dag.py
[2026-09-21T06:33:14.381+0000] {logging_mixin.py:190} INFO - [2026-09-21T06:33:14.381+0000] {dag.py:3239} INFO - Sync 1 DAGs
[2026-09-21T06:33:14.402+0000] {logging_mixin.py:190} INFO - [2026-09-21T06:33:14.402+0000] {dag.py:4180} INFO - Setting next_dagrun for weather_risk_pipeline to 2026-09-20 06:00:00+00:00, run_after=2026-09-21 06:00:00+00:00
[2026-09-21T06:33:14.429+0000] {processor.py:208} INFO - Processing /opt/airflow/dags/weather_pipeline_dag.py took 0.127 seconds
[2026-09-21T06:33:44.622+0000] {processor.py:186} INFO - Started process (PID=882) to work on /opt/airflow/dags/weather_pipeline_dag.py
[2026-09-21T06:33:44.623+0000] {processor.py:914} INFO - Processing file /opt/airflow/dags/weather_pipeline_dag.py for tasks to queue
[2026-09-21T06:33:44.625+0000] {logging_mixin.py:190} INFO - [2026-09-21T06:33:44.625+0000] {dagbag.py:588} INFO - Filling up the DagBag from /opt/airflow/dags/weather_pipeline_dag.py
[2026-09-21T06:33:44.633+0000] {processor.py:925} INFO - DAG(s) 'weather_risk_pipeline' retrieved from /opt/airflow/dags/weather_pipeline_dag.py
[2026-09-21T06:33:44.656+0000] {logging_mixin.py:190} INFO - [2026-09-21T06:33:44.656+0000] {dag.py:3239} INFO - Sync 1 DAGs
[2026-09-21T06:33:44.675+0000] {logging_mixin.py:190} INFO - [2026-09-21T06:33:44.675+0000] {dag.py:4180} INFO - Setting next_dagrun for weather_risk_pipeline to 2026-09-20 06:00:00+00:00, run_after=2026-09-21 06:00:00+00:00
[2026-09-21T06:33:44.689+0000] {processor.py:208} INFO - Processing /opt/airflow/dags/weather_pipeline_dag.py took 0.072 seconds
[2026-09-21T06:34:14.816+0000] {processor.py:186} INFO - Started process (PID=887) to work on /opt/airflow/dags/weather_pipeline_dag.py
[2026-09-21T06:34:14.818+0000] {processor.py:914} INFO - Processing file /opt/airflow/dags/weather_pipeline_dag.py for tasks to queue
[2026-09-21T06:34:14.819+0000] {logging_mixin.py:190} INFO - [2026-09-21T06:34:14.819+0000] {dagbag.py:588} INFO - Filling up the DagBag from /opt/airflow/dags/weather_pipeline_dag.py
[2026-09-21T06:34:14.828+0000] {processor.py:925} INFO - DAG(s) 'weather_risk_pipeline' retrieved from /opt/airflow/dags/weather_pipeline_dag.py
[2026-09-21T06:34:14.855+0000] {logging_mixin.py:190} INFO - [2026-09-21T06:34:14.855+0000] {dag.py:3239} INFO - Sync 1 DAGs
[2026-09-21T06:34:14.875+0000] {logging_mixin.py:190} INFO - [2026-09-21T06:34:14.875+0000] {dag.py:4180} INFO - Setting next_dagrun for weather_risk_pipeline to 2026-09-20 06:00:00+00:00, run_after=2026-09-21 06:00:00+00:00
[2026-09-21T06:34:14.890+0000] {processor.py:208} INFO - Processing /opt/airflow/dags/weather_pipeline_dag.py took 0.079 seconds
[2026-09-21T06:34:45.052+0000] {processor.py:186} INFO - Started process (PID=892) to work on /opt/airflow/dags/weather_pipeline_dag.py
[2026-09-21T06:34:45.062+0000] {processor.py:914} INFO - Processing file /opt/airflow/dags/weather_pipeline_dag.py for tasks to queue
[2026-09-21T06:34:45.066+0000] {logging_mixin.py:190} INFO - [2026-09-21T06:34:45.065+0000] {dagbag.py:588} INFO - Filling up the DagBag from /opt/airflow/dags/weather_pipeline_dag.py
[2026-09-21T06:34:45.085+0000] {processor.py:925} INFO - DAG(s) 'weather_risk_pipeline' retrieved from /opt/airflow/dags/weather_pipeline_dag.py
[2026-09-21T06:34:45.134+0000] {logging_mixin.py:190} INFO - [2026-09-21T06:34:45.133+0000] {dag.py:3239} INFO - Sync 1 DAGs
[2026-09-21T06:34:45.154+0000] {logging_mixin.py:190} INFO - [2026-09-21T06:34:45.153+0000] {dag.py:4180} INFO - Setting next_dagrun for weather_risk_pipeline to 2026-09-20 06:00:00+00:00, run_after=2026-09-21 06:00:00+00:00
[2026-09-21T06:34:45.168+0000] {processor.py:208} INFO - Processing /opt/airflow/dags/weather_pipeline_dag.py took 0.127 seconds
[2026-09-21T06:35:15.263+0000] {processor.py:186} INFO - Started process (PID=897) to work on /opt/airflow/dags/weather_pipeline_dag.py
[2026-09-21T06:35:15.263+0000] {processor.py:914} INFO - Processing file /opt/airflow/dags/weather_pipeline_dag.py for tasks to queue
[2026-09-21T06:35:15.266+0000] {logging_mixin.py:190} INFO - [2026-09-21T06:35:15.265+0000] {dagbag.py:588} INFO - Filling up the DagBag from /opt/airflow/dags/weather_pipeline_dag.py
[2026-09-21T06:35:15.278+0000] {processor.py:925} INFO - DAG(s) 'weather_risk_pipeline' retrieved from /opt/airflow/dags/weather_pipeline_dag.py
[2026-09-21T06:35:15.315+0000] {logging_mixin.py:190} INFO - [2026-09-21T06:35:15.315+0000] {dag.py:3239} INFO - Sync 1 DAGs
[2026-09-21T06:35:15.338+0000] {logging_mixin.py:190} INFO - [2026-09-21T06:35:15.338+0000] {dag.py:4180} INFO - Setting next_dagrun for weather_risk_pipeline to 2026-09-20 06:00:00+00:00, run_after=2026-09-21 06:00:00+00:00
[2026-09-21T06:35:15.355+0000] {processor.py:208} INFO - Processing /opt/airflow/dags/weather_pipeline_dag.py took 0.099 seconds
[2026-09-21T06:35:45.518+0000] {processor.py:186} INFO - Started process (PID=902) to work on /opt/airflow/dags/weather_pipeline_dag.py
[2026-09-21T06:35:45.519+0000] {processor.py:914} INFO - Processing file /opt/airflow/dags/weather_pipeline_dag.py for tasks to queue
[2026-09-21T06:35:45.521+0000] {logging_mixin.py:190} INFO - [2026-09-21T06:35:45.521+0000] {dagbag.py:588} INFO - Filling up the DagBag from /opt/airflow/dags/weather_pipeline_dag.py
[2026-09-21T06:35:45.538+0000] {processor.py:925} INFO - DAG(s) 'weather_risk_pipeline' retrieved from /opt/airflow/dags/weather_pipeline_dag.py
[2026-09-21T06:35:45.584+0000] {logging_mixin.py:190} INFO - [2026-09-21T06:35:45.584+0000] {dag.py:3239} INFO - Sync 1 DAGs
[2026-09-21T06:35:45.605+0000] {logging_mixin.py:190} INFO - [2026-09-21T06:35:45.604+0000] {dag.py:4180} INFO - Setting next_dagrun for weather_risk_pipeline to 2026-09-20 06:00:00+00:00, run_after=2026-09-21 06:00:00+00:00
[2026-09-21T06:35:45.626+0000] {processor.py:208} INFO - Processing /opt/airflow/dags/weather_pipeline_dag.py took 0.113 seconds
[2026-09-21T06:36:15.684+0000] {processor.py:186} INFO - Started process (PID=907) to work on /opt/airflow/dags/weather_pipeline_dag.py
[2026-09-21T06:36:15.686+0000] {processor.py:914} INFO - Processing file /opt/airflow/dags/weather_pipeline_dag.py for tasks to queue
[2026-09-21T06:36:15.688+0000] {logging_mixin.py:190} INFO - [2026-09-21T06:36:15.688+0000] {dagbag.py:588} INFO - Filling up the DagBag from /opt/airflow/dags/weather_pipeline_dag.py
[2026-09-21T06:36:15.698+0000] {processor.py:925} INFO - DAG(s) 'weather_risk_pipeline' retrieved from /opt/airflow/dags/weather_pipeline_dag.py
[2026-09-21T06:36:15.747+0000] {logging_mixin.py:190} INFO - [2026-09-21T06:36:15.747+0000] {dag.py:3239} INFO - Sync 1 DAGs
[2026-09-21T06:36:15.779+0000] {logging_mixin.py:190} INFO - [2026-09-21T06:36:15.779+0000] {dag.py:4180} INFO - Setting next_dagrun for weather_risk_pipeline to 2026-09-20 06:00:00+00:00, run_after=2026-09-21 06:00:00+00:00
[2026-09-21T06:36:15.801+0000] {processor.py:208} INFO - Processing /opt/airflow/dags/weather_pipeline_dag.py took 0.122 seconds
[2026-09-21T06:36:45.956+0000] {processor.py:186} INFO - Started process (PID=912) to work on /opt/airflow/dags/weather_pipeline_dag.py
[2026-09-21T06:36:45.965+0000] {processor.py:914} INFO - Processing file /opt/airflow/dags/weather_pipeline_dag.py for tasks to queue
[2026-09-21T06:36:45.967+0000] {logging_mixin.py:190} INFO - [2026-09-21T06:36:45.967+0000] {dagbag.py:588} INFO - Filling up the DagBag from /opt/airflow/dags/weather_pipeline_dag.py
[2026-09-21T06:36:45.975+0000] {processor.py:925} INFO - DAG(s) 'weather_risk_pipeline' retrieved from /opt/airflow/dags/weather_pipeline_dag.py
[2026-09-21T06:36:46.000+0000] {logging_mixin.py:190} INFO - [2026-09-21T06:36:46.000+0000] {dag.py:3239} INFO - Sync 1 DAGs
[2026-09-21T06:36:46.019+0000] {logging_mixin.py:190} INFO - [2026-09-21T06:36:46.019+0000] {dag.py:4180} INFO - Setting next_dagrun for weather_risk_pipeline to 2026-09-20 06:00:00+00:00, run_after=2026-09-21 06:00:00+00:00
[2026-09-21T06:36:46.034+0000] {processor.py:208} INFO - Processing /opt/airflow/dags/weather_pipeline_dag.py took 0.083 seconds
[2026-09-21T06:37:16.150+0000] {processor.py:186} INFO - Started process (PID=917) to work on /opt/airflow/dags/weather_pipeline_dag.py
[2026-09-21T06:37:16.159+0000] {processor.py:914} INFO - Processing file /opt/airflow/dags/weather_pipeline_dag.py for tasks to queue
[2026-09-21T06:37:16.160+0000] {logging_mixin.py:190} INFO - [2026-09-21T06:37:16.160+0000] {dagbag.py:588} INFO - Filling up the DagBag from /opt/airflow/dags/weather_pipeline_dag.py
[2026-09-21T06:37:16.169+0000] {processor.py:925} INFO - DAG(s) 'weather_risk_pipeline' retrieved from /opt/airflow/dags/weather_pipeline_dag.py
[2026-09-21T06:37:16.193+0000] {logging_mixin.py:190} INFO - [2026-09-21T06:37:16.193+0000] {dag.py:3239} INFO - Sync 1 DAGs
[2026-09-21T06:37:16.212+0000] {logging_mixin.py:190} INFO - [2026-09-21T06:37:16.211+0000] {dag.py:4180} INFO - Setting next_dagrun for weather_risk_pipeline to 2026-09-20 06:00:00+00:00, run_after=2026-09-21 06:00:00+00:00
[2026-09-21T06:37:16.226+0000] {processor.py:208} INFO - Processing /opt/airflow/dags/weather_pipeline_dag.py took 0.082 seconds
[2026-09-21T06:37:46.411+0000] {processor.py:186} INFO - Started process (PID=922) to work on /opt/airflow/dags/weather_pipeline_dag.py
[2026-09-21T06:37:46.412+0000] {processor.py:914} INFO - Processing file /opt/airflow/dags/weather_pipeline_dag.py for tasks to queue
[2026-09-21T06:37:46.415+0000] {logging_mixin.py:190} INFO - [2026-09-21T06:37:46.414+0000] {dagbag.py:588} INFO - Filling up the DagBag from /opt/airflow/dags/weather_pipeline_dag.py
[2026-09-21T06:37:46.432+0000] {processor.py:925} INFO - DAG(s) 'weather_risk_pipeline' retrieved from /opt/airflow/dags/weather_pipeline_dag.py
[2026-09-21T06:37:46.482+0000] {logging_mixin.py:190} INFO - [2026-09-21T06:37:46.481+0000] {dag.py:3239} INFO - Sync 1 DAGs
[2026-09-21T06:37:46.506+0000] {logging_mixin.py:190} INFO - [2026-09-21T06:37:46.506+0000] {dag.py:4180} INFO - Setting next_dagrun for weather_risk_pipeline to 2026-09-20 06:00:00+00:00, run_after=2026-09-21 06:00:00+00:00
[2026-09-21T06:37:46.534+0000] {processor.py:208} INFO - Processing /opt/airflow/dags/weather_pipeline_dag.py took 0.133 seconds
[2026-09-21T06:38:16.593+0000] {processor.py:186} INFO - Started process (PID=927) to work on /opt/airflow/dags/weather_pipeline_dag.py
[2026-09-21T06:38:16.603+0000] {processor.py:914} INFO - Processing file /opt/airflow/dags/weather_pipeline_dag.py for tasks to queue
[2026-09-21T06:38:16.605+0000] {logging_mixin.py:190} INFO - [2026-09-21T06:38:16.605+0000] {dagbag.py:588} INFO - Filling up the DagBag from /opt/airflow/dags/weather_pipeline_dag.py
[2026-09-21T06:38:16.625+0000] {processor.py:925} INFO - DAG(s) 'weather_risk_pipeline' retrieved from /opt/airflow/dags/weather_pipeline_dag.py
[2026-09-21T06:38:16.665+0000] {logging_mixin.py:190} INFO - [2026-09-21T06:38:16.665+0000] {dag.py:3239} INFO - Sync 1 DAGs
[2026-09-21T06:38:16.692+0000] {logging_mixin.py:190} INFO - [2026-09-21T06:38:16.691+0000] {dag.py:4180} INFO - Setting next_dagrun for weather_risk_pipeline to 2026-09-20 06:00:00+00:00, run_after=2026-09-21 06:00:00+00:00
[2026-09-21T06:38:16.706+0000] {processor.py:208} INFO - Processing /opt/airflow/dags/weather_pipeline_dag.py took 0.121 seconds
[2026-09-21T06:38:46.895+0000] {processor.py:186} INFO - Started process (PID=932) to work on /opt/airflow/dags/weather_pipeline_dag.py
[2026-09-21T06:38:46.896+0000] {processor.py:914} INFO - Processing file /opt/airflow/dags/weather_pipeline_dag.py for tasks to queue
[2026-09-21T06:38:46.900+0000] {logging_mixin.py:190} INFO - [2026-09-21T06:38:46.899+0000] {dagbag.py:588} INFO - Filling up the DagBag from /opt/airflow/dags/weather_pipeline_dag.py
[2026-09-21T06:38:46.918+0000] {processor.py:925} INFO - DAG(s) 'weather_risk_pipeline' retrieved from /opt/airflow/dags/weather_pipeline_dag.py
[2026-09-21T06:38:46.969+0000] {logging_mixin.py:190} INFO - [2026-09-21T06:38:46.968+0000] {dag.py:3239} INFO - Sync 1 DAGs
[2026-09-21T06:38:46.991+0000] {logging_mixin.py:190} INFO - [2026-09-21T06:38:46.991+0000] {dag.py:4180} INFO - Setting next_dagrun for weather_risk_pipeline to 2026-09-20 06:00:00+00:00, run_after=2026-09-21 06:00:00+00:00
[2026-09-21T06:38:47.016+0000] {processor.py:208} INFO - Processing /opt/airflow/dags/weather_pipeline_dag.py took 0.130 seconds
[2026-09-21T06:39:17.102+0000] {processor.py:186} INFO - Started process (PID=937) to work on /opt/airflow/dags/weather_pipeline_dag.py
[2026-09-21T06:39:17.111+0000] {processor.py:914} INFO - Processing file /opt/airflow/dags/weather_pipeline_dag.py for tasks to queue
[2026-09-21T06:39:17.115+0000] {logging_mixin.py:190} INFO - [2026-09-21T06:39:17.114+0000] {dagbag.py:588} INFO - Filling up the DagBag from /opt/airflow/dags/weather_pipeline_dag.py
[2026-09-21T06:39:17.132+0000] {processor.py:925} INFO - DAG(s) 'weather_risk_pipeline' retrieved from /opt/airflow/dags/weather_pipeline_dag.py
[2026-09-21T06:39:17.172+0000] {logging_mixin.py:190} INFO - [2026-09-21T06:39:17.172+0000] {dag.py:3239} INFO - Sync 1 DAGs
[2026-09-21T06:39:17.192+0000] {logging_mixin.py:190} INFO - [2026-09-21T06:39:17.192+0000] {dag.py:4180} INFO - Setting next_dagrun for weather_risk_pipeline to 2026-09-20 06:00:00+00:00, run_after=2026-09-21 06:00:00+00:00
[2026-09-21T06:39:17.208+0000] {processor.py:208} INFO - Processing /opt/airflow/dags/weather_pipeline_dag.py took 0.116 seconds
[2026-09-21T06:39:47.390+0000] {processor.py:186} INFO - Started process (PID=942) to work on /opt/airflow/dags/weather_pipeline_dag.py
[2026-09-21T06:39:47.392+0000] {processor.py:914} INFO - Processing file /opt/airflow/dags/weather_pipeline_dag.py for tasks to queue
[2026-09-21T06:39:47.395+0000] {logging_mixin.py:190} INFO - [2026-09-21T06:39:47.395+0000] {dagbag.py:588} INFO - Filling up the DagBag from /opt/airflow/dags/weather_pipeline_dag.py
[2026-09-21T06:39:47.410+0000] {processor.py:925} INFO - DAG(s) 'weather_risk_pipeline' retrieved from /opt/airflow/dags/weather_pipeline_dag.py
[2026-09-21T06:39:47.436+0000] {logging_mixin.py:190} INFO - [2026-09-21T06:39:47.436+0000] {dag.py:3239} INFO - Sync 1 DAGs
[2026-09-21T06:39:47.456+0000] {logging_mixin.py:190} INFO - [2026-09-21T06:39:47.455+0000] {dag.py:4180} INFO - Setting next_dagrun for weather_risk_pipeline to 2026-09-20 06:00:00+00:00, run_after=2026-09-21 06:00:00+00:00
[2026-09-21T06:39:47.470+0000] {processor.py:208} INFO - Processing /opt/airflow/dags/weather_pipeline_dag.py took 0.089 seconds
[2026-09-21T06:40:17.607+0000] {processor.py:186} INFO - Started process (PID=947) to work on /opt/airflow/dags/weather_pipeline_dag.py
[2026-09-21T06:40:17.609+0000] {processor.py:914} INFO - Processing file /opt/airflow/dags/weather_pipeline_dag.py for tasks to queue
[2026-09-21T06:40:17.612+0000] {logging_mixin.py:190} INFO - [2026-09-21T06:40:17.611+0000] {dagbag.py:588} INFO - Filling up the DagBag from /opt/airflow/dags/weather_pipeline_dag.py
[2026-09-21T06:40:17.629+0000] {processor.py:925} INFO - DAG(s) 'weather_risk_pipeline' retrieved from /opt/airflow/dags/weather_pipeline_dag.py
[2026-09-21T06:40:17.677+0000] {logging_mixin.py:190} INFO - [2026-09-21T06:40:17.677+0000] {dag.py:3239} INFO - Sync 1 DAGs
[2026-09-21T06:40:17.697+0000] {logging_mixin.py:190} INFO - [2026-09-21T06:40:17.697+0000] {dag.py:4180} INFO - Setting next_dagrun for weather_risk_pipeline to 2026-09-20 06:00:00+00:00, run_after=2026-09-21 06:00:00+00:00
[2026-09-21T06:40:17.714+0000] {processor.py:208} INFO - Processing /opt/airflow/dags/weather_pipeline_dag.py took 0.116 seconds
[2026-09-21T06:40:47.854+0000] {processor.py:186} INFO - Started process (PID=952) to work on /opt/airflow/dags/weather_pipeline_dag.py
[2026-09-21T06:40:47.863+0000] {processor.py:914} INFO - Processing file /opt/airflow/dags/weather_pipeline_dag.py for tasks to queue
[2026-09-21T06:40:47.865+0000] {logging_mixin.py:190} INFO - [2026-09-21T06:40:47.865+0000] {dagbag.py:588} INFO - Filling up the DagBag from /opt/airflow/dags/weather_pipeline_dag.py
[2026-09-21T06:40:47.876+0000] {processor.py:925} INFO - DAG(s) 'weather_risk_pipeline' retrieved from /opt/airflow/dags/weather_pipeline_dag.py
[2026-09-21T06:40:47.900+0000] {logging_mixin.py:190} INFO - [2026-09-21T06:40:47.900+0000] {dag.py:3239} INFO - Sync 1 DAGs
[2026-09-21T06:40:47.919+0000] {logging_mixin.py:190} INFO - [2026-09-21T06:40:47.918+0000] {dag.py:4180} INFO - Setting next_dagrun for weather_risk_pipeline to 2026-09-20 06:00:00+00:00, run_after=2026-09-21 06:00:00+00:00
[2026-09-21T06:40:47.933+0000] {processor.py:208} INFO - Processing /opt/airflow/dags/weather_pipeline_dag.py took 0.089 seconds
[2026-09-21T06:41:18.047+0000] {processor.py:186} INFO - Started process (PID=957) to work on /opt/airflow/dags/weather_pipeline_dag.py
[2026-09-21T06:41:18.048+0000] {processor.py:914} INFO - Processing file /opt/airflow/dags/weather_pipeline_dag.py for tasks to queue
[2026-09-21T06:41:18.050+0000] {logging_mixin.py:190} INFO - [2026-09-21T06:41:18.050+0000] {dagbag.py:588} INFO - Filling up the DagBag from /opt/airflow/dags/weather_pipeline_dag.py
[2026-09-21T06:41:18.065+0000] {processor.py:925} INFO - DAG(s) 'weather_risk_pipeline' retrieved from /opt/airflow/dags/weather_pipeline_dag.py
[2026-09-21T06:41:18.100+0000] {logging_mixin.py:190} INFO - [2026-09-21T06:41:18.099+0000] {dag.py:3239} INFO - Sync 1 DAGs
[2026-09-21T06:41:18.119+0000] {logging_mixin.py:190} INFO - [2026-09-21T06:41:18.118+0000] {dag.py:4180} INFO - Setting next_dagrun for weather_risk_pipeline to 2026-09-20 06:00:00+00:00, run_after=2026-09-21 06:00:00+00:00
[2026-09-21T06:41:18.133+0000] {processor.py:208} INFO - Processing /opt/airflow/dags/weather_pipeline_dag.py took 0.094 seconds
[2026-09-21T06:41:48.284+0000] {processor.py:186} INFO - Started process (PID=962) to work on /opt/airflow/dags/weather_pipeline_dag.py
[2026-09-21T06:41:48.294+0000] {processor.py:914} INFO - Processing file /opt/airflow/dags/weather_pipeline_dag.py for tasks to queue
[2026-09-21T06:41:48.297+0000] {logging_mixin.py:190} INFO - [2026-09-21T06:41:48.297+0000] {dagbag.py:588} INFO - Filling up the DagBag from /opt/airflow/dags/weather_pipeline_dag.py
[2026-09-21T06:41:48.315+0000] {processor.py:925} INFO - DAG(s) 'weather_risk_pipeline' retrieved from /opt/airflow/dags/weather_pipeline_dag.py
[2026-09-21T06:41:48.364+0000] {logging_mixin.py:190} INFO - [2026-09-21T06:41:48.364+0000] {dag.py:3239} INFO - Sync 1 DAGs
[2026-09-21T06:41:48.387+0000] {logging_mixin.py:190} INFO - [2026-09-21T06:41:48.387+0000] {dag.py:4180} INFO - Setting next_dagrun for weather_risk_pipeline to 2026-09-20 06:00:00+00:00, run_after=2026-09-21 06:00:00+00:00
[2026-09-21T06:41:48.413+0000] {processor.py:208} INFO - Processing /opt/airflow/dags/weather_pipeline_dag.py took 0.139 seconds
[2026-09-21T06:42:18.476+0000] {processor.py:186} INFO - Started process (PID=967) to work on /opt/airflow/dags/weather_pipeline_dag.py
[2026-09-21T06:42:18.485+0000] {processor.py:914} INFO - Processing file /opt/airflow/dags/weather_pipeline_dag.py for tasks to queue
[2026-09-21T06:42:18.486+0000] {logging_mixin.py:190} INFO - [2026-09-21T06:42:18.486+0000] {dagbag.py:588} INFO - Filling up the DagBag from /opt/airflow/dags/weather_pipeline_dag.py
[2026-09-21T06:42:18.495+0000] {processor.py:925} INFO - DAG(s) 'weather_risk_pipeline' retrieved from /opt/airflow/dags/weather_pipeline_dag.py
[2026-09-21T06:42:18.520+0000] {logging_mixin.py:190} INFO - [2026-09-21T06:42:18.520+0000] {dag.py:3239} INFO - Sync 1 DAGs
[2026-09-21T06:42:18.540+0000] {logging_mixin.py:190} INFO - [2026-09-21T06:42:18.540+0000] {dag.py:4180} INFO - Setting next_dagrun for weather_risk_pipeline to 2026-09-20 06:00:00+00:00, run_after=2026-09-21 06:00:00+00:00
[2026-09-21T06:42:18.555+0000] {processor.py:208} INFO - Processing /opt/airflow/dags/weather_pipeline_dag.py took 0.084 seconds
[2026-09-21T06:42:48.625+0000] {processor.py:186} INFO - Started process (PID=972) to work on /opt/airflow/dags/weather_pipeline_dag.py
[2026-09-21T06:42:48.628+0000] {processor.py:914} INFO - Processing file /opt/airflow/dags/weather_pipeline_dag.py for tasks to queue
[2026-09-21T06:42:48.630+0000] {logging_mixin.py:190} INFO - [2026-09-21T06:42:48.630+0000] {dagbag.py:588} INFO - Filling up the DagBag from /opt/airflow/dags/weather_pipeline_dag.py
[2026-09-21T06:42:48.639+0000] {processor.py:925} INFO - DAG(s) 'weather_risk_pipeline' retrieved from /opt/airflow/dags/weather_pipeline_dag.py
[2026-09-21T06:42:48.665+0000] {logging_mixin.py:190} INFO - [2026-09-21T06:42:48.665+0000] {dag.py:3239} INFO - Sync 1 DAGs
[2026-09-21T06:42:48.686+0000] {logging_mixin.py:190} INFO - [2026-09-21T06:42:48.686+0000] {dag.py:4180} INFO - Setting next_dagrun for weather_risk_pipeline to 2026-09-20 06:00:00+00:00, run_after=2026-09-21 06:00:00+00:00
[2026-09-21T06:42:48.703+0000] {processor.py:208} INFO - Processing /opt/airflow/dags/weather_pipeline_dag.py took 0.083 seconds
[2026-09-21T06:43:18.886+0000] {processor.py:186} INFO - Started process (PID=984) to work on /opt/airflow/dags/weather_pipeline_dag.py
[2026-09-21T06:43:18.887+0000] {processor.py:914} INFO - Processing file /opt/airflow/dags/weather_pipeline_dag.py for tasks to queue
[2026-09-21T06:43:18.891+0000] {logging_mixin.py:190} INFO - [2026-09-21T06:43:18.890+0000] {dagbag.py:588} INFO - Filling up the DagBag from /opt/airflow/dags/weather_pipeline_dag.py
[2026-09-21T06:43:18.909+0000] {processor.py:925} INFO - DAG(s) 'weather_risk_pipeline' retrieved from /opt/airflow/dags/weather_pipeline_dag.py
[2026-09-21T06:43:18.956+0000] {logging_mixin.py:190} INFO - [2026-09-21T06:43:18.956+0000] {dag.py:3239} INFO - Sync 1 DAGs
[2026-09-21T06:43:18.977+0000] {logging_mixin.py:190} INFO - [2026-09-21T06:43:18.977+0000] {dag.py:4180} INFO - Setting next_dagrun for weather_risk_pipeline to 2026-09-20 06:00:00+00:00, run_after=2026-09-21 06:00:00+00:00
[2026-09-21T06:43:18.992+0000] {processor.py:208} INFO - Processing /opt/airflow/dags/weather_pipeline_dag.py took 0.116 seconds
[2026-09-21T06:43:49.057+0000] {processor.py:186} INFO - Started process (PID=1000) to work on /opt/airflow/dags/weather_pipeline_dag.py
[2026-09-21T06:43:49.058+0000] {processor.py:914} INFO - Processing file /opt/airflow/dags/weather_pipeline_dag.py for tasks to queue
[2026-09-21T06:43:49.060+0000] {logging_mixin.py:190} INFO - [2026-09-21T06:43:49.059+0000] {dagbag.py:588} INFO - Filling up the DagBag from /opt/airflow/dags/weather_pipeline_dag.py
[2026-09-21T06:43:49.068+0000] {processor.py:925} INFO - DAG(s) 'weather_risk_pipeline' retrieved from /opt/airflow/dags/weather_pipeline_dag.py
[2026-09-21T06:43:49.094+0000] {logging_mixin.py:190} INFO - [2026-09-21T06:43:49.094+0000] {dag.py:3239} INFO - Sync 1 DAGs
[2026-09-21T06:43:49.129+0000] {processor.py:208} INFO - Processing /opt/airflow/dags/weather_pipeline_dag.py took 0.077 seconds
[2026-09-21T06:44:19.245+0000] {processor.py:186} INFO - Started process (PID=1005) to work on /opt/airflow/dags/weather_pipeline_dag.py
[2026-09-21T06:44:19.246+0000] {processor.py:914} INFO - Processing file /opt/airflow/dags/weather_pipeline_dag.py for tasks to queue
[2026-09-21T06:44:19.249+0000] {logging_mixin.py:190} INFO - [2026-09-21T06:44:19.249+0000] {dagbag.py:588} INFO - Filling up the DagBag from /opt/airflow/dags/weather_pipeline_dag.py
[2026-09-21T06:44:19.266+0000] {processor.py:925} INFO - DAG(s) 'weather_risk_pipeline' retrieved from /opt/airflow/dags/weather_pipeline_dag.py
[2026-09-21T06:44:19.318+0000] {logging_mixin.py:190} INFO - [2026-09-21T06:44:19.317+0000] {dag.py:3239} INFO - Sync 1 DAGs
[2026-09-21T06:44:19.365+0000] {processor.py:208} INFO - Processing /opt/airflow/dags/weather_pipeline_dag.py took 0.130 seconds
[2026-09-21T06:44:49.435+0000] {processor.py:186} INFO - Started process (PID=1031) to work on /opt/airflow/dags/weather_pipeline_dag.py
[2026-09-21T06:44:49.443+0000] {processor.py:914} INFO - Processing file /opt/airflow/dags/weather_pipeline_dag.py for tasks to queue
[2026-09-21T06:44:49.445+0000] {logging_mixin.py:190} INFO - [2026-09-21T06:44:49.445+0000] {dagbag.py:588} INFO - Filling up the DagBag from /opt/airflow/dags/weather_pipeline_dag.py
[2026-09-21T06:44:49.453+0000] {processor.py:925} INFO - DAG(s) 'weather_risk_pipeline' retrieved from /opt/airflow/dags/weather_pipeline_dag.py
[2026-09-21T06:44:49.478+0000] {logging_mixin.py:190} INFO - [2026-09-21T06:44:49.477+0000] {dag.py:3239} INFO - Sync 1 DAGs
[2026-09-21T06:44:49.509+0000] {processor.py:208} INFO - Processing /opt/airflow/dags/weather_pipeline_dag.py took 0.079 seconds
[2026-09-21T06:45:19.690+0000] {processor.py:186} INFO - Started process (PID=1043) to work on /opt/airflow/dags/weather_pipeline_dag.py
[2026-09-21T06:45:19.691+0000] {processor.py:914} INFO - Processing file /opt/airflow/dags/weather_pipeline_dag.py for tasks to queue
[2026-09-21T06:45:19.695+0000] {logging_mixin.py:190} INFO - [2026-09-21T06:45:19.695+0000] {dagbag.py:588} INFO - Filling up the DagBag from /opt/airflow/dags/weather_pipeline_dag.py
[2026-09-21T06:45:19.714+0000] {processor.py:925} INFO - DAG(s) 'weather_risk_pipeline' retrieved from /opt/airflow/dags/weather_pipeline_dag.py
[2026-09-21T06:45:19.763+0000] {logging_mixin.py:190} INFO - [2026-09-21T06:45:19.763+0000] {dag.py:3239} INFO - Sync 1 DAGs
[2026-09-21T06:45:19.820+0000] {processor.py:208} INFO - Processing /opt/airflow/dags/weather_pipeline_dag.py took 0.141 seconds
[2026-09-21T06:45:49.876+0000] {processor.py:186} INFO - Started process (PID=1048) to work on /opt/airflow/dags/weather_pipeline_dag.py
[2026-09-21T06:45:49.886+0000] {processor.py:914} INFO - Processing file /opt/airflow/dags/weather_pipeline_dag.py for tasks to queue
[2026-09-21T06:45:49.890+0000] {logging_mixin.py:190} INFO - [2026-09-21T06:45:49.889+0000] {dagbag.py:588} INFO - Filling up the DagBag from /opt/airflow/dags/weather_pipeline_dag.py
[2026-09-21T06:45:49.908+0000] {processor.py:925} INFO - DAG(s) 'weather_risk_pipeline' retrieved from /opt/airflow/dags/weather_pipeline_dag.py
[2026-09-21T06:45:49.960+0000] {logging_mixin.py:190} INFO - [2026-09-21T06:45:49.959+0000] {dag.py:3239} INFO - Sync 1 DAGs
[2026-09-21T06:45:50.012+0000] {processor.py:208} INFO - Processing /opt/airflow/dags/weather_pipeline_dag.py took 0.146 seconds
[2026-09-21T06:46:20.482+0000] {processor.py:186} INFO - Started process (PID=1053) to work on /opt/airflow/dags/weather_pipeline_dag.py
[2026-09-21T06:46:20.484+0000] {processor.py:914} INFO - Processing file /opt/airflow/dags/weather_pipeline_dag.py for tasks to queue
[2026-09-21T06:46:20.487+0000] {logging_mixin.py:190} INFO - [2026-09-21T06:46:20.487+0000] {dagbag.py:588} INFO - Filling up the DagBag from /opt/airflow/dags/weather_pipeline_dag.py
[2026-09-21T06:46:20.501+0000] {processor.py:925} INFO - DAG(s) 'weather_risk_pipeline' retrieved from /opt/airflow/dags/weather_pipeline_dag.py
[2026-09-21T06:46:20.538+0000] {logging_mixin.py:190} INFO - [2026-09-21T06:46:20.538+0000] {dag.py:3239} INFO - Sync 1 DAGs
[2026-09-21T06:46:20.572+0000] {processor.py:208} INFO - Processing /opt/airflow/dags/weather_pipeline_dag.py took 0.101 seconds
[2026-09-21T06:46:50.679+0000] {processor.py:186} INFO - Started process (PID=1065) to work on /opt/airflow/dags/weather_pipeline_dag.py
[2026-09-21T06:46:50.680+0000] {processor.py:914} INFO - Processing file /opt/airflow/dags/weather_pipeline_dag.py for tasks to queue
[2026-09-21T06:46:50.683+0000] {logging_mixin.py:190} INFO - [2026-09-21T06:46:50.683+0000] {dagbag.py:588} INFO - Filling up the DagBag from /opt/airflow/dags/weather_pipeline_dag.py
[2026-09-21T06:46:50.700+0000] {processor.py:925} INFO - DAG(s) 'weather_risk_pipeline' retrieved from /opt/airflow/dags/weather_pipeline_dag.py
[2026-09-21T06:46:50.741+0000] {logging_mixin.py:190} INFO - [2026-09-21T06:46:50.741+0000] {dag.py:3239} INFO - Sync 1 DAGs
[2026-09-21T06:46:50.774+0000] {processor.py:208} INFO - Processing /opt/airflow/dags/weather_pipeline_dag.py took 0.104 seconds
[2026-09-21T06:47:20.922+0000] {processor.py:186} INFO - Started process (PID=1083) to work on /opt/airflow/dags/weather_pipeline_dag.py
[2026-09-21T06:47:20.930+0000] {processor.py:914} INFO - Processing file /opt/airflow/dags/weather_pipeline_dag.py for tasks to queue
[2026-09-21T06:47:20.932+0000] {logging_mixin.py:190} INFO - [2026-09-21T06:47:20.932+0000] {dagbag.py:588} INFO - Filling up the DagBag from /opt/airflow/dags/weather_pipeline_dag.py
[2026-09-21T06:47:20.941+0000] {processor.py:925} INFO - DAG(s) 'weather_risk_pipeline' retrieved from /opt/airflow/dags/weather_pipeline_dag.py
[2026-09-21T06:47:20.965+0000] {logging_mixin.py:190} INFO - [2026-09-21T06:47:20.964+0000] {dag.py:3239} INFO - Sync 1 DAGs
[2026-09-21T06:47:20.997+0000] {processor.py:208} INFO - Processing /opt/airflow/dags/weather_pipeline_dag.py took 0.080 seconds
[2026-09-21T06:47:51.143+0000] {processor.py:186} INFO - Started process (PID=1089) to work on /opt/airflow/dags/weather_pipeline_dag.py
[2026-09-21T06:47:51.144+0000] {processor.py:914} INFO - Processing file /opt/airflow/dags/weather_pipeline_dag.py for tasks to queue
[2026-09-21T06:47:51.147+0000] {logging_mixin.py:190} INFO - [2026-09-21T06:47:51.146+0000] {dagbag.py:588} INFO - Filling up the DagBag from /opt/airflow/dags/weather_pipeline_dag.py
[2026-09-21T06:47:51.166+0000] {processor.py:925} INFO - DAG(s) 'weather_risk_pipeline' retrieved from /opt/airflow/dags/weather_pipeline_dag.py
[2026-09-21T06:47:51.215+0000] {logging_mixin.py:190} INFO - [2026-09-21T06:47:51.215+0000] {dag.py:3239} INFO - Sync 1 DAGs
[2026-09-21T06:47:51.261+0000] {processor.py:208} INFO - Processing /opt/airflow/dags/weather_pipeline_dag.py took 0.129 seconds
[2026-09-21T06:48:21.340+0000] {processor.py:186} INFO - Started process (PID=1101) to work on /opt/airflow/dags/weather_pipeline_dag.py
[2026-09-21T06:48:21.349+0000] {processor.py:914} INFO - Processing file /opt/airflow/dags/weather_pipeline_dag.py for tasks to queue
[2026-09-21T06:48:21.351+0000] {logging_mixin.py:190} INFO - [2026-09-21T06:48:21.350+0000] {dagbag.py:588} INFO - Filling up the DagBag from /opt/airflow/dags/weather_pipeline_dag.py
[2026-09-21T06:48:21.359+0000] {processor.py:925} INFO - DAG(s) 'weather_risk_pipeline' retrieved from /opt/airflow/dags/weather_pipeline_dag.py
[2026-09-21T06:48:21.384+0000] {logging_mixin.py:190} INFO - [2026-09-21T06:48:21.384+0000] {dag.py:3239} INFO - Sync 1 DAGs
[2026-09-21T06:48:21.415+0000] {processor.py:208} INFO - Processing /opt/airflow/dags/weather_pipeline_dag.py took 0.080 seconds
[2026-09-21T06:48:51.497+0000] {processor.py:186} INFO - Started process (PID=1106) to work on /opt/airflow/dags/weather_pipeline_dag.py
[2026-09-21T06:48:51.498+0000] {processor.py:914} INFO - Processing file /opt/airflow/dags/weather_pipeline_dag.py for tasks to queue
[2026-09-21T06:48:51.500+0000] {logging_mixin.py:190} INFO - [2026-09-21T06:48:51.499+0000] {dagbag.py:588} INFO - Filling up the DagBag from /opt/airflow/dags/weather_pipeline_dag.py
[2026-09-21T06:48:51.508+0000] {processor.py:925} INFO - DAG(s) 'weather_risk_pipeline' retrieved from /opt/airflow/dags/weather_pipeline_dag.py
[2026-09-21T06:48:51.538+0000] {logging_mixin.py:190} INFO - [2026-09-21T06:48:51.538+0000] {dag.py:3239} INFO - Sync 1 DAGs
[2026-09-21T06:48:51.589+0000] {processor.py:208} INFO - Processing /opt/airflow/dags/weather_pipeline_dag.py took 0.097 seconds
[2026-09-21T06:49:21.728+0000] {processor.py:186} INFO - Started process (PID=1111) to work on /opt/airflow/dags/weather_pipeline_dag.py
[2026-09-21T06:49:21.729+0000] {processor.py:914} INFO - Processing file /opt/airflow/dags/weather_pipeline_dag.py for tasks to queue
[2026-09-21T06:49:21.731+0000] {logging_mixin.py:190} INFO - [2026-09-21T06:49:21.731+0000] {dagbag.py:588} INFO - Filling up the DagBag from /opt/airflow/dags/weather_pipeline_dag.py
[2026-09-21T06:49:21.741+0000] {processor.py:925} INFO - DAG(s) 'weather_risk_pipeline' retrieved from /opt/airflow/dags/weather_pipeline_dag.py
[2026-09-21T06:49:21.787+0000] {logging_mixin.py:190} INFO - [2026-09-21T06:49:21.787+0000] {dag.py:3239} INFO - Sync 1 DAGs
[2026-09-21T06:49:21.823+0000] {processor.py:208} INFO - Processing /opt/airflow/dags/weather_pipeline_dag.py took 0.100 seconds
[2026-09-21T06:49:51.924+0000] {processor.py:186} INFO - Started process (PID=1131) to work on /opt/airflow/dags/weather_pipeline_dag.py
[2026-09-21T06:49:51.925+0000] {processor.py:914} INFO - Processing file /opt/airflow/dags/weather_pipeline_dag.py for tasks to queue
[2026-09-21T06:49:51.928+0000] {logging_mixin.py:190} INFO - [2026-09-21T06:49:51.928+0000] {dagbag.py:588} INFO - Filling up the DagBag from /opt/airflow/dags/weather_pipeline_dag.py
[2026-09-21T06:49:51.945+0000] {processor.py:925} INFO - DAG(s) 'weather_risk_pipeline' retrieved from /opt/airflow/dags/weather_pipeline_dag.py
[2026-09-21T06:49:51.994+0000] {logging_mixin.py:190} INFO - [2026-09-21T06:49:51.993+0000] {dag.py:3239} INFO - Sync 1 DAGs
[2026-09-21T06:49:52.028+0000] {processor.py:208} INFO - Processing /opt/airflow/dags/weather_pipeline_dag.py took 0.113 seconds
[2026-09-21T06:50:22.154+0000] {processor.py:186} INFO - Started process (PID=1136) to work on /opt/airflow/dags/weather_pipeline_dag.py
[2026-09-21T06:50:22.163+0000] {processor.py:914} INFO - Processing file /opt/airflow/dags/weather_pipeline_dag.py for tasks to queue
[2026-09-21T06:50:22.164+0000] {logging_mixin.py:190} INFO - [2026-09-21T06:50:22.164+0000] {dagbag.py:588} INFO - Filling up the DagBag from /opt/airflow/dags/weather_pipeline_dag.py
[2026-09-21T06:50:22.173+0000] {processor.py:925} INFO - DAG(s) 'weather_risk_pipeline' retrieved from /opt/airflow/dags/weather_pipeline_dag.py
[2026-09-21T06:50:22.198+0000] {logging_mixin.py:190} INFO - [2026-09-21T06:50:22.198+0000] {dag.py:3239} INFO - Sync 1 DAGs
[2026-09-21T06:50:22.236+0000] {processor.py:208} INFO - Processing /opt/airflow/dags/weather_pipeline_dag.py took 0.087 seconds
[2026-09-21T06:50:52.389+0000] {processor.py:186} INFO - Started process (PID=1141) to work on /opt/airflow/dags/weather_pipeline_dag.py
[2026-09-21T06:50:52.390+0000] {processor.py:914} INFO - Processing file /opt/airflow/dags/weather_pipeline_dag.py for tasks to queue
[2026-09-21T06:50:52.394+0000] {logging_mixin.py:190} INFO - [2026-09-21T06:50:52.393+0000] {dagbag.py:588} INFO - Filling up the DagBag from /opt/airflow/dags/weather_pipeline_dag.py
[2026-09-21T06:50:52.412+0000] {processor.py:925} INFO - DAG(s) 'weather_risk_pipeline' retrieved from /opt/airflow/dags/weather_pipeline_dag.py
[2026-09-21T06:50:52.462+0000] {logging_mixin.py:190} INFO - [2026-09-21T06:50:52.462+0000] {dag.py:3239} INFO - Sync 1 DAGs
[2026-09-21T06:50:52.509+0000] {processor.py:208} INFO - Processing /opt/airflow/dags/weather_pipeline_dag.py took 0.130 seconds
[2026-09-21T06:51:22.593+0000] {processor.py:186} INFO - Started process (PID=1150) to work on /opt/airflow/dags/weather_pipeline_dag.py
[2026-09-21T06:51:22.594+0000] {processor.py:914} INFO - Processing file /opt/airflow/dags/weather_pipeline_dag.py for tasks to queue
[2026-09-21T06:51:22.595+0000] {logging_mixin.py:190} INFO - [2026-09-21T06:51:22.595+0000] {dagbag.py:588} INFO - Filling up the DagBag from /opt/airflow/dags/weather_pipeline_dag.py
[2026-09-21T06:51:22.604+0000] {processor.py:925} INFO - DAG(s) 'weather_risk_pipeline' retrieved from /opt/airflow/dags/weather_pipeline_dag.py
[2026-09-21T06:51:22.628+0000] {logging_mixin.py:190} INFO - [2026-09-21T06:51:22.627+0000] {dag.py:3239} INFO - Sync 1 DAGs
[2026-09-21T06:51:22.658+0000] {processor.py:208} INFO - Processing /opt/airflow/dags/weather_pipeline_dag.py took 0.070 seconds
[2026-09-21T06:51:52.772+0000] {processor.py:186} INFO - Started process (PID=1170) to work on /opt/airflow/dags/weather_pipeline_dag.py
[2026-09-21T06:51:52.773+0000] {processor.py:914} INFO - Processing file /opt/airflow/dags/weather_pipeline_dag.py for tasks to queue
[2026-09-21T06:51:52.776+0000] {logging_mixin.py:190} INFO - [2026-09-21T06:51:52.776+0000] {dagbag.py:588} INFO - Filling up the DagBag from /opt/airflow/dags/weather_pipeline_dag.py
[2026-09-21T06:51:52.793+0000] {processor.py:925} INFO - DAG(s) 'weather_risk_pipeline' retrieved from /opt/airflow/dags/weather_pipeline_dag.py
[2026-09-21T06:51:52.842+0000] {logging_mixin.py:190} INFO - [2026-09-21T06:51:52.842+0000] {dag.py:3239} INFO - Sync 1 DAGs
[2026-09-21T06:51:52.888+0000] {processor.py:208} INFO - Processing /opt/airflow/dags/weather_pipeline_dag.py took 0.126 seconds
[2026-09-21T06:52:23.023+0000] {processor.py:186} INFO - Started process (PID=1211) to work on /opt/airflow/dags/weather_pipeline_dag.py
[2026-09-21T06:52:23.032+0000] {processor.py:914} INFO - Processing file /opt/airflow/dags/weather_pipeline_dag.py for tasks to queue
[2026-09-21T06:52:23.036+0000] {logging_mixin.py:190} INFO - [2026-09-21T06:52:23.035+0000] {dagbag.py:588} INFO - Filling up the DagBag from /opt/airflow/dags/weather_pipeline_dag.py
[2026-09-21T06:52:23.056+0000] {processor.py:925} INFO - DAG(s) 'weather_risk_pipeline' retrieved from /opt/airflow/dags/weather_pipeline_dag.py
[2026-09-21T06:52:23.104+0000] {logging_mixin.py:190} INFO - [2026-09-21T06:52:23.104+0000] {dag.py:3239} INFO - Sync 1 DAGs
[2026-09-21T06:52:23.159+0000] {processor.py:208} INFO - Processing /opt/airflow/dags/weather_pipeline_dag.py took 0.147 seconds
[2026-09-21T06:52:53.288+0000] {processor.py:186} INFO - Started process (PID=1216) to work on /opt/airflow/dags/weather_pipeline_dag.py
[2026-09-21T06:52:53.289+0000] {processor.py:914} INFO - Processing file /opt/airflow/dags/weather_pipeline_dag.py for tasks to queue
[2026-09-21T06:52:53.292+0000] {logging_mixin.py:190} INFO - [2026-09-21T06:52:53.292+0000] {dagbag.py:588} INFO - Filling up the DagBag from /opt/airflow/dags/weather_pipeline_dag.py
[2026-09-21T06:52:53.311+0000] {processor.py:925} INFO - DAG(s) 'weather_risk_pipeline' retrieved from /opt/airflow/dags/weather_pipeline_dag.py
[2026-09-21T06:52:53.363+0000] {logging_mixin.py:190} INFO - [2026-09-21T06:52:53.363+0000] {dag.py:3239} INFO - Sync 1 DAGs
[2026-09-21T06:52:53.432+0000] {processor.py:208} INFO - Processing /opt/airflow/dags/weather_pipeline_dag.py took 0.155 seconds
[2026-09-21T06:53:23.574+0000] {processor.py:186} INFO - Started process (PID=1221) to work on /opt/airflow/dags/weather_pipeline_dag.py
[2026-09-21T06:53:23.575+0000] {processor.py:914} INFO - Processing file /opt/airflow/dags/weather_pipeline_dag.py for tasks to queue
[2026-09-21T06:53:23.577+0000] {logging_mixin.py:190} INFO - [2026-09-21T06:53:23.577+0000] {dagbag.py:588} INFO - Filling up the DagBag from /opt/airflow/dags/weather_pipeline_dag.py
[2026-09-21T06:53:23.586+0000] {processor.py:925} INFO - DAG(s) 'weather_risk_pipeline' retrieved from /opt/airflow/dags/weather_pipeline_dag.py
[2026-09-21T06:53:23.614+0000] {logging_mixin.py:190} INFO - [2026-09-21T06:53:23.614+0000] {dag.py:3239} INFO - Sync 1 DAGs
[2026-09-21T06:53:23.657+0000] {processor.py:208} INFO - Processing /opt/airflow/dags/weather_pipeline_dag.py took 0.089 seconds
[2026-09-21T06:53:53.844+0000] {processor.py:186} INFO - Started process (PID=1226) to work on /opt/airflow/dags/weather_pipeline_dag.py
[2026-09-21T06:53:53.845+0000] {processor.py:914} INFO - Processing file /opt/airflow/dags/weather_pipeline_dag.py for tasks to queue
[2026-09-21T06:53:53.849+0000] {logging_mixin.py:190} INFO - [2026-09-21T06:53:53.848+0000] {dagbag.py:588} INFO - Filling up the DagBag from /opt/airflow/dags/weather_pipeline_dag.py
[2026-09-21T06:53:53.867+0000] {processor.py:925} INFO - DAG(s) 'weather_risk_pipeline' retrieved from /opt/airflow/dags/weather_pipeline_dag.py
[2026-09-21T06:53:53.918+0000] {logging_mixin.py:190} INFO - [2026-09-21T06:53:53.918+0000] {dag.py:3239} INFO - Sync 1 DAGs
[2026-09-21T06:53:53.965+0000] {processor.py:208} INFO - Processing /opt/airflow/dags/weather_pipeline_dag.py took 0.130 seconds
[2026-09-21T06:54:24.049+0000] {processor.py:186} INFO - Started process (PID=1238) to work on /opt/airflow/dags/weather_pipeline_dag.py
[2026-09-21T06:54:24.050+0000] {processor.py:914} INFO - Processing file /opt/airflow/dags/weather_pipeline_dag.py for tasks to queue
[2026-09-21T06:54:24.051+0000] {logging_mixin.py:190} INFO - [2026-09-21T06:54:24.051+0000] {dagbag.py:588} INFO - Filling up the DagBag from /opt/airflow/dags/weather_pipeline_dag.py
[2026-09-21T06:54:24.060+0000] {processor.py:925} INFO - DAG(s) 'weather_risk_pipeline' retrieved from /opt/airflow/dags/weather_pipeline_dag.py
[2026-09-21T06:54:24.083+0000] {logging_mixin.py:190} INFO - [2026-09-21T06:54:24.083+0000] {dag.py:3239} INFO - Sync 1 DAGs
[2026-09-21T06:54:24.114+0000] {processor.py:208} INFO - Processing /opt/airflow/dags/weather_pipeline_dag.py took 0.070 seconds
[2026-09-21T06:54:54.244+0000] {processor.py:186} INFO - Started process (PID=1243) to work on /opt/airflow/dags/weather_pipeline_dag.py
[2026-09-21T06:54:54.245+0000] {processor.py:914} INFO - Processing file /opt/airflow/dags/weather_pipeline_dag.py for tasks to queue
[2026-09-21T06:54:54.248+0000] {logging_mixin.py:190} INFO - [2026-09-21T06:54:54.247+0000] {dagbag.py:588} INFO - Filling up the DagBag from /opt/airflow/dags/weather_pipeline_dag.py
[2026-09-21T06:54:54.268+0000] {processor.py:925} INFO - DAG(s) 'weather_risk_pipeline' retrieved from /opt/airflow/dags/weather_pipeline_dag.py
[2026-09-21T06:54:54.319+0000] {logging_mixin.py:190} INFO - [2026-09-21T06:54:54.319+0000] {dag.py:3239} INFO - Sync 1 DAGs
[2026-09-21T06:54:54.385+0000] {processor.py:208} INFO - Processing /opt/airflow/dags/weather_pipeline_dag.py took 0.151 seconds
[2026-09-21T06:55:24.457+0000] {processor.py:186} INFO - Started process (PID=1262) to work on /opt/airflow/dags/weather_pipeline_dag.py
[2026-09-21T06:55:24.465+0000] {processor.py:914} INFO - Processing file /opt/airflow/dags/weather_pipeline_dag.py for tasks to queue
[2026-09-21T06:55:24.467+0000] {logging_mixin.py:190} INFO - [2026-09-21T06:55:24.467+0000] {dagbag.py:588} INFO - Filling up the DagBag from /opt/airflow/dags/weather_pipeline_dag.py
[2026-09-21T06:55:24.475+0000] {processor.py:925} INFO - DAG(s) 'weather_risk_pipeline' retrieved from /opt/airflow/dags/weather_pipeline_dag.py
[2026-09-21T06:55:24.567+0000] {logging_mixin.py:190} INFO - [2026-09-21T06:55:24.567+0000] {dag.py:3239} INFO - Sync 1 DAGs
[2026-09-21T06:55:24.576+0000] {logging_mixin.py:190} INFO - [2026-09-21T06:55:24.576+0000] {dag.py:3262} INFO - Creating ORM DAG for weather_risk_pipeline
[2026-09-21T06:55:24.586+0000] {logging_mixin.py:190} INFO - [2026-09-21T06:55:24.586+0000] {dag.py:4180} INFO - Setting next_dagrun for weather_risk_pipeline to 2026-09-20 06:00:00+00:00, run_after=2026-09-21 06:00:00+00:00
[2026-09-21T06:55:24.601+0000] {processor.py:208} INFO - Processing /opt/airflow/dags/weather_pipeline_dag.py took 0.149 seconds
[2026-09-21T06:55:54.727+0000] {processor.py:186} INFO - Started process (PID=1288) to work on /opt/airflow/dags/weather_pipeline_dag.py
[2026-09-21T06:55:54.728+0000] {processor.py:914} INFO - Processing file /opt/airflow/dags/weather_pipeline_dag.py for tasks to queue
[2026-09-21T06:55:54.731+0000] {logging_mixin.py:190} INFO - [2026-09-21T06:55:54.731+0000] {dagbag.py:588} INFO - Filling up the DagBag from /opt/airflow/dags/weather_pipeline_dag.py
[2026-09-21T06:55:54.750+0000] {processor.py:925} INFO - DAG(s) 'weather_risk_pipeline' retrieved from /opt/airflow/dags/weather_pipeline_dag.py
[2026-09-21T06:55:54.800+0000] {logging_mixin.py:190} INFO - [2026-09-21T06:55:54.800+0000] {dag.py:3239} INFO - Sync 1 DAGs
[2026-09-21T06:55:54.835+0000] {processor.py:208} INFO - Processing /opt/airflow/dags/weather_pipeline_dag.py took 0.118 seconds
[2026-09-21T06:56:24.921+0000] {processor.py:186} INFO - Started process (PID=1293) to work on /opt/airflow/dags/weather_pipeline_dag.py
[2026-09-21T06:56:24.930+0000] {processor.py:914} INFO - Processing file /opt/airflow/dags/weather_pipeline_dag.py for tasks to queue
[2026-09-21T06:56:24.933+0000] {logging_mixin.py:190} INFO - [2026-09-21T06:56:24.933+0000] {dagbag.py:588} INFO - Filling up the DagBag from /opt/airflow/dags/weather_pipeline_dag.py
[2026-09-21T06:56:24.952+0000] {processor.py:925} INFO - DAG(s) 'weather_risk_pipeline' retrieved from /opt/airflow/dags/weather_pipeline_dag.py
[2026-09-21T06:56:25.002+0000] {logging_mixin.py:190} INFO - [2026-09-21T06:56:25.002+0000] {dag.py:3239} INFO - Sync 1 DAGs
[2026-09-21T06:56:25.036+0000] {processor.py:208} INFO - Processing /opt/airflow/dags/weather_pipeline_dag.py took 0.125 seconds
[2026-09-21T06:56:55.177+0000] {processor.py:186} INFO - Started process (PID=1305) to work on /opt/airflow/dags/weather_pipeline_dag.py
[2026-09-21T06:56:55.178+0000] {processor.py:914} INFO - Processing file /opt/airflow/dags/weather_pipeline_dag.py for tasks to queue
[2026-09-21T06:56:55.181+0000] {logging_mixin.py:190} INFO - [2026-09-21T06:56:55.181+0000] {dagbag.py:588} INFO - Filling up the DagBag from /opt/airflow/dags/weather_pipeline_dag.py
[2026-09-21T06:56:55.200+0000] {processor.py:925} INFO - DAG(s) 'weather_risk_pipeline' retrieved from /opt/airflow/dags/weather_pipeline_dag.py
[2026-09-21T06:56:55.247+0000] {logging_mixin.py:190} INFO - [2026-09-21T06:56:55.247+0000] {dag.py:3239} INFO - Sync 1 DAGs
[2026-09-21T06:56:55.281+0000] {processor.py:208} INFO - Processing /opt/airflow/dags/weather_pipeline_dag.py took 0.114 seconds
[2026-09-21T06:57:25.437+0000] {processor.py:186} INFO - Started process (PID=1310) to work on /opt/airflow/dags/weather_pipeline_dag.py
[2026-09-21T06:57:25.447+0000] {processor.py:914} INFO - Processing file /opt/airflow/dags/weather_pipeline_dag.py for tasks to queue
[2026-09-21T06:57:25.450+0000] {logging_mixin.py:190} INFO - [2026-09-21T06:57:25.449+0000] {dagbag.py:588} INFO - Filling up the DagBag from /opt/airflow/dags/weather_pipeline_dag.py
[2026-09-21T06:57:25.468+0000] {processor.py:925} INFO - DAG(s) 'weather_risk_pipeline' retrieved from /opt/airflow/dags/weather_pipeline_dag.py
[2026-09-21T06:57:25.518+0000] {logging_mixin.py:190} INFO - [2026-09-21T06:57:25.517+0000] {dag.py:3239} INFO - Sync 1 DAGs
[2026-09-21T06:57:25.560+0000] {processor.py:208} INFO - Processing /opt/airflow/dags/weather_pipeline_dag.py took 0.133 seconds
[2026-09-21T06:57:55.653+0000] {processor.py:186} INFO - Started process (PID=1315) to work on /opt/airflow/dags/weather_pipeline_dag.py
[2026-09-21T06:57:55.655+0000] {processor.py:914} INFO - Processing file /opt/airflow/dags/weather_pipeline_dag.py for tasks to queue
[2026-09-21T06:57:55.658+0000] {logging_mixin.py:190} INFO - [2026-09-21T06:57:55.658+0000] {dagbag.py:588} INFO - Filling up the DagBag from /opt/airflow/dags/weather_pipeline_dag.py
[2026-09-21T06:57:55.677+0000] {processor.py:925} INFO - DAG(s) 'weather_risk_pipeline' retrieved from /opt/airflow/dags/weather_pipeline_dag.py
[2026-09-21T06:57:55.718+0000] {logging_mixin.py:190} INFO - [2026-09-21T06:57:55.718+0000] {dag.py:3239} INFO - Sync 1 DAGs
[2026-09-21T06:57:55.753+0000] {processor.py:208} INFO - Processing /opt/airflow/dags/weather_pipeline_dag.py took 0.110 seconds
[2026-09-21T06:58:25.908+0000] {processor.py:186} INFO - Started process (PID=1320) to work on /opt/airflow/dags/weather_pipeline_dag.py
[2026-09-21T06:58:25.918+0000] {processor.py:914} INFO - Processing file /opt/airflow/dags/weather_pipeline_dag.py for tasks to queue
[2026-09-21T06:58:25.921+0000] {logging_mixin.py:190} INFO - [2026-09-21T06:58:25.921+0000] {dagbag.py:588} INFO - Filling up the DagBag from /opt/airflow/dags/weather_pipeline_dag.py
[2026-09-21T06:58:25.941+0000] {processor.py:925} INFO - DAG(s) 'weather_risk_pipeline' retrieved from /opt/airflow/dags/weather_pipeline_dag.py
[2026-09-21T06:58:25.992+0000] {logging_mixin.py:190} INFO - [2026-09-21T06:58:25.991+0000] {dag.py:3239} INFO - Sync 1 DAGs
[2026-09-21T06:58:26.061+0000] {processor.py:208} INFO - Processing /opt/airflow/dags/weather_pipeline_dag.py took 0.163 seconds
[2026-09-21T06:58:56.114+0000] {processor.py:186} INFO - Started process (PID=1325) to work on /opt/airflow/dags/weather_pipeline_dag.py
[2026-09-21T06:58:56.116+0000] {processor.py:914} INFO - Processing file /opt/airflow/dags/weather_pipeline_dag.py for tasks to queue
[2026-09-21T06:58:56.119+0000] {logging_mixin.py:190} INFO - [2026-09-21T06:58:56.118+0000] {dagbag.py:588} INFO - Filling up the DagBag from /opt/airflow/dags/weather_pipeline_dag.py
[2026-09-21T06:58:56.128+0000] {processor.py:925} INFO - DAG(s) 'weather_risk_pipeline' retrieved from /opt/airflow/dags/weather_pipeline_dag.py
[2026-09-21T06:58:56.156+0000] {logging_mixin.py:190} INFO - [2026-09-21T06:58:56.155+0000] {dag.py:3239} INFO - Sync 1 DAGs
[2026-09-21T06:58:56.191+0000] {processor.py:208} INFO - Processing /opt/airflow/dags/weather_pipeline_dag.py took 0.082 seconds
[2026-09-21T06:59:26.300+0000] {processor.py:186} INFO - Started process (PID=1330) to work on /opt/airflow/dags/weather_pipeline_dag.py
[2026-09-21T06:59:26.309+0000] {processor.py:914} INFO - Processing file /opt/airflow/dags/weather_pipeline_dag.py for tasks to queue
[2026-09-21T06:59:26.310+0000] {logging_mixin.py:190} INFO - [2026-09-21T06:59:26.310+0000] {dagbag.py:588} INFO - Filling up the DagBag from /opt/airflow/dags/weather_pipeline_dag.py
[2026-09-21T06:59:26.319+0000] {processor.py:925} INFO - DAG(s) 'weather_risk_pipeline' retrieved from /opt/airflow/dags/weather_pipeline_dag.py
[2026-09-21T06:59:26.344+0000] {logging_mixin.py:190} INFO - [2026-09-21T06:59:26.343+0000] {dag.py:3239} INFO - Sync 1 DAGs
[2026-09-21T06:59:26.379+0000] {processor.py:208} INFO - Processing /opt/airflow/dags/weather_pipeline_dag.py took 0.084 seconds
[2026-09-21T06:59:56.526+0000] {processor.py:186} INFO - Started process (PID=1335) to work on /opt/airflow/dags/weather_pipeline_dag.py
[2026-09-21T06:59:56.527+0000] {processor.py:914} INFO - Processing file /opt/airflow/dags/weather_pipeline_dag.py for tasks to queue
[2026-09-21T06:59:56.528+0000] {logging_mixin.py:190} INFO - [2026-09-21T06:59:56.528+0000] {dagbag.py:588} INFO - Filling up the DagBag from /opt/airflow/dags/weather_pipeline_dag.py
[2026-09-21T06:59:56.545+0000] {processor.py:925} INFO - DAG(s) 'weather_risk_pipeline' retrieved from /opt/airflow/dags/weather_pipeline_dag.py
[2026-09-21T06:59:56.597+0000] {logging_mixin.py:190} INFO - [2026-09-21T06:59:56.597+0000] {dag.py:3239} INFO - Sync 1 DAGs
[2026-09-21T06:59:56.666+0000] {processor.py:208} INFO - Processing /opt/airflow/dags/weather_pipeline_dag.py took 0.144 seconds
[2026-09-21T07:00:26.843+0000] {processor.py:186} INFO - Started process (PID=1340) to work on /opt/airflow/dags/weather_pipeline_dag.py
[2026-09-21T07:00:26.844+0000] {processor.py:914} INFO - Processing file /opt/airflow/dags/weather_pipeline_dag.py for tasks to queue
[2026-09-21T07:00:26.847+0000] {logging_mixin.py:190} INFO - [2026-09-21T07:00:26.847+0000] {dagbag.py:588} INFO - Filling up the DagBag from /opt/airflow/dags/weather_pipeline_dag.py
[2026-09-21T07:00:26.865+0000] {processor.py:925} INFO - DAG(s) 'weather_risk_pipeline' retrieved from /opt/airflow/dags/weather_pipeline_dag.py
[2026-09-21T07:00:26.905+0000] {logging_mixin.py:190} INFO - [2026-09-21T07:00:26.905+0000] {dag.py:3239} INFO - Sync 1 DAGs
[2026-09-21T07:00:26.938+0000] {processor.py:208} INFO - Processing /opt/airflow/dags/weather_pipeline_dag.py took 0.105 seconds
[2026-09-21T07:00:57.027+0000] {processor.py:186} INFO - Started process (PID=1345) to work on /opt/airflow/dags/weather_pipeline_dag.py
[2026-09-21T07:00:57.028+0000] {processor.py:914} INFO - Processing file /opt/airflow/dags/weather_pipeline_dag.py for tasks to queue
[2026-09-21T07:00:57.031+0000] {logging_mixin.py:190} INFO - [2026-09-21T07:00:57.031+0000] {dagbag.py:588} INFO - Filling up the DagBag from /opt/airflow/dags/weather_pipeline_dag.py
[2026-09-21T07:00:57.055+0000] {processor.py:925} INFO - DAG(s) 'weather_risk_pipeline' retrieved from /opt/airflow/dags/weather_pipeline_dag.py
[2026-09-21T07:00:57.129+0000] {logging_mixin.py:190} INFO - [2026-09-21T07:00:57.129+0000] {dag.py:3239} INFO - Sync 1 DAGs
[2026-09-21T07:00:57.178+0000] {processor.py:208} INFO - Processing /opt/airflow/dags/weather_pipeline_dag.py took 0.162 seconds
[2026-09-21T07:01:27.283+0000] {processor.py:186} INFO - Started process (PID=1350) to work on /opt/airflow/dags/weather_pipeline_dag.py
[2026-09-21T07:01:27.293+0000] {processor.py:914} INFO - Processing file /opt/airflow/dags/weather_pipeline_dag.py for tasks to queue
[2026-09-21T07:01:27.296+0000] {logging_mixin.py:190} INFO - [2026-09-21T07:01:27.296+0000] {dagbag.py:588} INFO - Filling up the DagBag from /opt/airflow/dags/weather_pipeline_dag.py
[2026-09-21T07:01:27.311+0000] {processor.py:925} INFO - DAG(s) 'weather_risk_pipeline' retrieved from /opt/airflow/dags/weather_pipeline_dag.py
[2026-09-21T07:01:27.338+0000] {logging_mixin.py:190} INFO - [2026-09-21T07:01:27.338+0000] {dag.py:3239} INFO - Sync 1 DAGs
[2026-09-21T07:01:27.375+0000] {processor.py:208} INFO - Processing /opt/airflow/dags/weather_pipeline_dag.py took 0.102 seconds
[2026-09-21T07:01:57.542+0000] {processor.py:186} INFO - Started process (PID=1355) to work on /opt/airflow/dags/weather_pipeline_dag.py
[2026-09-21T07:01:57.545+0000] {processor.py:914} INFO - Processing file /opt/airflow/dags/weather_pipeline_dag.py for tasks to queue
[2026-09-21T07:01:57.547+0000] {logging_mixin.py:190} INFO - [2026-09-21T07:01:57.546+0000] {dagbag.py:588} INFO - Filling up the DagBag from /opt/airflow/dags/weather_pipeline_dag.py
[2026-09-21T07:01:57.558+0000] {processor.py:925} INFO - DAG(s) 'weather_risk_pipeline' retrieved from /opt/airflow/dags/weather_pipeline_dag.py
[2026-09-21T07:01:57.586+0000] {logging_mixin.py:190} INFO - [2026-09-21T07:01:57.585+0000] {dag.py:3239} INFO - Sync 1 DAGs
[2026-09-21T07:01:57.622+0000] {processor.py:208} INFO - Processing /opt/airflow/dags/weather_pipeline_dag.py took 0.085 seconds
[2026-09-21T07:02:27.744+0000] {processor.py:186} INFO - Started process (PID=1372) to work on /opt/airflow/dags/weather_pipeline_dag.py
[2026-09-21T07:02:27.746+0000] {processor.py:914} INFO - Processing file /opt/airflow/dags/weather_pipeline_dag.py for tasks to queue
[2026-09-21T07:02:27.749+0000] {logging_mixin.py:190} INFO - [2026-09-21T07:02:27.748+0000] {dagbag.py:588} INFO - Filling up the DagBag from /opt/airflow/dags/weather_pipeline_dag.py
[2026-09-21T07:02:27.766+0000] {processor.py:925} INFO - DAG(s) 'weather_risk_pipeline' retrieved from /opt/airflow/dags/weather_pipeline_dag.py
[2026-09-21T07:02:27.814+0000] {logging_mixin.py:190} INFO - [2026-09-21T07:02:27.814+0000] {dag.py:3239} INFO - Sync 1 DAGs
[2026-09-21T07:02:27.849+0000] {processor.py:208} INFO - Processing /opt/airflow/dags/weather_pipeline_dag.py took 0.114 seconds
[2026-09-21T07:02:57.942+0000] {processor.py:186} INFO - Started process (PID=1377) to work on /opt/airflow/dags/weather_pipeline_dag.py
[2026-09-21T07:02:57.944+0000] {processor.py:914} INFO - Processing file /opt/airflow/dags/weather_pipeline_dag.py for tasks to queue
[2026-09-21T07:02:57.947+0000] {logging_mixin.py:190} INFO - [2026-09-21T07:02:57.946+0000] {dagbag.py:588} INFO - Filling up the DagBag from /opt/airflow/dags/weather_pipeline_dag.py
[2026-09-21T07:02:57.966+0000] {processor.py:925} INFO - DAG(s) 'weather_risk_pipeline' retrieved from /opt/airflow/dags/weather_pipeline_dag.py
[2026-09-21T07:02:57.993+0000] {logging_mixin.py:190} INFO - [2026-09-21T07:02:57.992+0000] {dag.py:3239} INFO - Sync 1 DAGs
[2026-09-21T07:02:58.027+0000] {processor.py:208} INFO - Processing /opt/airflow/dags/weather_pipeline_dag.py took 0.096 seconds
[2026-09-21T07:03:28.179+0000] {processor.py:186} INFO - Started process (PID=1401) to work on /opt/airflow/dags/weather_pipeline_dag.py
[2026-09-21T07:03:28.180+0000] {processor.py:914} INFO - Processing file /opt/airflow/dags/weather_pipeline_dag.py for tasks to queue
[2026-09-21T07:03:28.181+0000] {logging_mixin.py:190} INFO - [2026-09-21T07:03:28.181+0000] {dagbag.py:588} INFO - Filling up the DagBag from /opt/airflow/dags/weather_pipeline_dag.py
[2026-09-21T07:03:28.190+0000] {processor.py:925} INFO - DAG(s) 'weather_risk_pipeline' retrieved from /opt/airflow/dags/weather_pipeline_dag.py
[2026-09-21T07:03:28.213+0000] {logging_mixin.py:190} INFO - [2026-09-21T07:03:28.212+0000] {dag.py:3239} INFO - Sync 1 DAGs
[2026-09-21T07:03:28.251+0000] {processor.py:208} INFO - Processing /opt/airflow/dags/weather_pipeline_dag.py took 0.077 seconds
[2026-09-21T07:03:58.363+0000] {processor.py:186} INFO - Started process (PID=1410) to work on /opt/airflow/dags/weather_pipeline_dag.py
[2026-09-21T07:03:58.366+0000] {processor.py:914} INFO - Processing file /opt/airflow/dags/weather_pipeline_dag.py for tasks to queue
[2026-09-21T07:03:58.368+0000] {logging_mixin.py:190} INFO - [2026-09-21T07:03:58.368+0000] {dagbag.py:588} INFO - Filling up the DagBag from /opt/airflow/dags/weather_pipeline_dag.py
[2026-09-21T07:03:58.377+0000] {processor.py:925} INFO - DAG(s) 'weather_risk_pipeline' retrieved from /opt/airflow/dags/weather_pipeline_dag.py
[2026-09-21T07:03:58.407+0000] {logging_mixin.py:190} INFO - [2026-09-21T07:03:58.407+0000] {dag.py:3239} INFO - Sync 1 DAGs
[2026-09-21T07:03:58.441+0000] {processor.py:208} INFO - Processing /opt/airflow/dags/weather_pipeline_dag.py took 0.082 seconds
[2026-09-21T07:04:28.584+0000] {processor.py:186} INFO - Started process (PID=1415) to work on /opt/airflow/dags/weather_pipeline_dag.py
[2026-09-21T07:04:28.593+0000] {processor.py:914} INFO - Processing file /opt/airflow/dags/weather_pipeline_dag.py for tasks to queue
[2026-09-21T07:04:28.595+0000] {logging_mixin.py:190} INFO - [2026-09-21T07:04:28.594+0000] {dagbag.py:588} INFO - Filling up the DagBag from /opt/airflow/dags/weather_pipeline_dag.py
[2026-09-21T07:04:28.603+0000] {processor.py:925} INFO - DAG(s) 'weather_risk_pipeline' retrieved from /opt/airflow/dags/weather_pipeline_dag.py
[2026-09-21T07:04:28.629+0000] {logging_mixin.py:190} INFO - [2026-09-21T07:04:28.629+0000] {dag.py:3239} INFO - Sync 1 DAGs
[2026-09-21T07:04:28.661+0000] {processor.py:208} INFO - Processing /opt/airflow/dags/weather_pipeline_dag.py took 0.082 seconds
[2026-09-21T07:04:58.738+0000] {processor.py:186} INFO - Started process (PID=1456) to work on /opt/airflow/dags/weather_pipeline_dag.py
[2026-09-21T07:04:58.739+0000] {processor.py:914} INFO - Processing file /opt/airflow/dags/weather_pipeline_dag.py for tasks to queue
[2026-09-21T07:04:58.740+0000] {logging_mixin.py:190} INFO - [2026-09-21T07:04:58.740+0000] {dagbag.py:588} INFO - Filling up the DagBag from /opt/airflow/dags/weather_pipeline_dag.py
[2026-09-21T07:04:58.750+0000] {processor.py:925} INFO - DAG(s) 'weather_risk_pipeline' retrieved from /opt/airflow/dags/weather_pipeline_dag.py
[2026-09-21T07:04:58.775+0000] {logging_mixin.py:190} INFO - [2026-09-21T07:04:58.775+0000] {dag.py:3239} INFO - Sync 1 DAGs
[2026-09-21T07:04:58.808+0000] {processor.py:208} INFO - Processing /opt/airflow/dags/weather_pipeline_dag.py took 0.075 seconds
[2026-09-21T07:05:28.960+0000] {processor.py:186} INFO - Started process (PID=1461) to work on /opt/airflow/dags/weather_pipeline_dag.py
[2026-09-21T07:05:28.963+0000] {processor.py:914} INFO - Processing file /opt/airflow/dags/weather_pipeline_dag.py for tasks to queue
[2026-09-21T07:05:28.966+0000] {logging_mixin.py:190} INFO - [2026-09-21T07:05:28.966+0000] {dagbag.py:588} INFO - Filling up the DagBag from /opt/airflow/dags/weather_pipeline_dag.py
[2026-09-21T07:05:28.985+0000] {processor.py:925} INFO - DAG(s) 'weather_risk_pipeline' retrieved from /opt/airflow/dags/weather_pipeline_dag.py
[2026-09-21T07:05:29.036+0000] {logging_mixin.py:190} INFO - [2026-09-21T07:05:29.036+0000] {dag.py:3239} INFO - Sync 1 DAGs
[2026-09-21T07:05:29.077+0000] {processor.py:208} INFO - Processing /opt/airflow/dags/weather_pipeline_dag.py took 0.126 seconds
[2026-09-21T07:05:59.143+0000] {processor.py:186} INFO - Started process (PID=1466) to work on /opt/airflow/dags/weather_pipeline_dag.py
[2026-09-21T07:05:59.144+0000] {processor.py:914} INFO - Processing file /opt/airflow/dags/weather_pipeline_dag.py for tasks to queue
[2026-09-21T07:05:59.147+0000] {logging_mixin.py:190} INFO - [2026-09-21T07:05:59.147+0000] {dagbag.py:588} INFO - Filling up the DagBag from /opt/airflow/dags/weather_pipeline_dag.py
[2026-09-21T07:05:59.165+0000] {processor.py:925} INFO - DAG(s) 'weather_risk_pipeline' retrieved from /opt/airflow/dags/weather_pipeline_dag.py
[2026-09-21T07:05:59.215+0000] {logging_mixin.py:190} INFO - [2026-09-21T07:05:59.215+0000] {dag.py:3239} INFO - Sync 1 DAGs
[2026-09-21T07:05:59.271+0000] {processor.py:208} INFO - Processing /opt/airflow/dags/weather_pipeline_dag.py took 0.138 seconds
[2026-09-21T07:06:29.376+0000] {processor.py:186} INFO - Started process (PID=1471) to work on /opt/airflow/dags/weather_pipeline_dag.py
[2026-09-21T07:06:29.384+0000] {processor.py:914} INFO - Processing file /opt/airflow/dags/weather_pipeline_dag.py for tasks to queue
[2026-09-21T07:06:29.386+0000] {logging_mixin.py:190} INFO - [2026-09-21T07:06:29.386+0000] {dagbag.py:588} INFO - Filling up the DagBag from /opt/airflow/dags/weather_pipeline_dag.py
[2026-09-21T07:06:29.395+0000] {processor.py:925} INFO - DAG(s) 'weather_risk_pipeline' retrieved from /opt/airflow/dags/weather_pipeline_dag.py
[2026-09-21T07:06:29.439+0000] {logging_mixin.py:190} INFO - [2026-09-21T07:06:29.439+0000] {dag.py:3239} INFO - Sync 1 DAGs
[2026-09-21T07:06:29.472+0000] {processor.py:208} INFO - Processing /opt/airflow/dags/weather_pipeline_dag.py took 0.102 seconds
[2026-09-21T07:06:59.577+0000] {processor.py:186} INFO - Started process (PID=1476) to work on /opt/airflow/dags/weather_pipeline_dag.py
[2026-09-21T07:06:59.578+0000] {processor.py:914} INFO - Processing file /opt/airflow/dags/weather_pipeline_dag.py for tasks to queue
[2026-09-21T07:06:59.581+0000] {logging_mixin.py:190} INFO - [2026-09-21T07:06:59.581+0000] {dagbag.py:588} INFO - Filling up the DagBag from /opt/airflow/dags/weather_pipeline_dag.py
[2026-09-21T07:06:59.599+0000] {processor.py:925} INFO - DAG(s) 'weather_risk_pipeline' retrieved from /opt/airflow/dags/weather_pipeline_dag.py
[2026-09-21T07:06:59.649+0000] {logging_mixin.py:190} INFO - [2026-09-21T07:06:59.648+0000] {dag.py:3239} INFO - Sync 1 DAGs
[2026-09-21T07:06:59.718+0000] {processor.py:208} INFO - Processing /opt/airflow/dags/weather_pipeline_dag.py took 0.152 seconds
[2026-09-21T07:07:29.778+0000] {processor.py:186} INFO - Started process (PID=1481) to work on /opt/airflow/dags/weather_pipeline_dag.py
[2026-09-21T07:07:29.780+0000] {processor.py:914} INFO - Processing file /opt/airflow/dags/weather_pipeline_dag.py for tasks to queue
[2026-09-21T07:07:29.781+0000] {logging_mixin.py:190} INFO - [2026-09-21T07:07:29.781+0000] {dagbag.py:588} INFO - Filling up the DagBag from /opt/airflow/dags/weather_pipeline_dag.py
[2026-09-21T07:07:29.796+0000] {processor.py:925} INFO - DAG(s) 'weather_risk_pipeline' retrieved from /opt/airflow/dags/weather_pipeline_dag.py
[2026-09-21T07:07:29.837+0000] {logging_mixin.py:190} INFO - [2026-09-21T07:07:29.837+0000] {dag.py:3239} INFO - Sync 1 DAGs
[2026-09-21T07:07:29.871+0000] {processor.py:208} INFO - Processing /opt/airflow/dags/weather_pipeline_dag.py took 0.098 seconds
[2026-09-21T07:07:59.967+0000] {processor.py:186} INFO - Started process (PID=1486) to work on /opt/airflow/dags/weather_pipeline_dag.py
[2026-09-21T07:07:59.968+0000] {processor.py:914} INFO - Processing file /opt/airflow/dags/weather_pipeline_dag.py for tasks to queue
[2026-09-21T07:07:59.971+0000] {logging_mixin.py:190} INFO - [2026-09-21T07:07:59.970+0000] {dagbag.py:588} INFO - Filling up the DagBag from /opt/airflow/dags/weather_pipeline_dag.py
[2026-09-21T07:07:59.989+0000] {processor.py:925} INFO - DAG(s) 'weather_risk_pipeline' retrieved from /opt/airflow/dags/weather_pipeline_dag.py
[2026-09-21T07:08:00.036+0000] {logging_mixin.py:190} INFO - [2026-09-21T07:08:00.035+0000] {dag.py:3239} INFO - Sync 1 DAGs
[2026-09-21T07:08:00.066+0000] {processor.py:208} INFO - Processing /opt/airflow/dags/weather_pipeline_dag.py took 0.110 seconds
[2026-09-21T07:08:30.188+0000] {processor.py:186} INFO - Started process (PID=1491) to work on /opt/airflow/dags/weather_pipeline_dag.py
[2026-09-21T07:08:30.197+0000] {processor.py:914} INFO - Processing file /opt/airflow/dags/weather_pipeline_dag.py for tasks to queue
[2026-09-21T07:08:30.200+0000] {logging_mixin.py:190} INFO - [2026-09-21T07:08:30.200+0000] {dagbag.py:588} INFO - Filling up the DagBag from /opt/airflow/dags/weather_pipeline_dag.py
[2026-09-21T07:08:30.219+0000] {processor.py:925} INFO - DAG(s) 'weather_risk_pipeline' retrieved from /opt/airflow/dags/weather_pipeline_dag.py
[2026-09-21T07:08:30.266+0000] {logging_mixin.py:190} INFO - [2026-09-21T07:08:30.266+0000] {dag.py:3239} INFO - Sync 1 DAGs
[2026-09-21T07:08:30.301+0000] {processor.py:208} INFO - Processing /opt/airflow/dags/weather_pipeline_dag.py took 0.122 seconds
[2026-09-21T07:09:00.384+0000] {processor.py:186} INFO - Started process (PID=1496) to work on /opt/airflow/dags/weather_pipeline_dag.py
[2026-09-21T07:09:00.385+0000] {processor.py:914} INFO - Processing file /opt/airflow/dags/weather_pipeline_dag.py for tasks to queue
[2026-09-21T07:09:00.386+0000] {logging_mixin.py:190} INFO - [2026-09-21T07:09:00.386+0000] {dagbag.py:588} INFO - Filling up the DagBag from /opt/airflow/dags/weather_pipeline_dag.py
[2026-09-21T07:09:00.396+0000] {processor.py:925} INFO - DAG(s) 'weather_risk_pipeline' retrieved from /opt/airflow/dags/weather_pipeline_dag.py
[2026-09-21T07:09:00.422+0000] {logging_mixin.py:190} INFO - [2026-09-21T07:09:00.422+0000] {dag.py:3239} INFO - Sync 1 DAGs
[2026-09-21T07:09:00.456+0000] {processor.py:208} INFO - Processing /opt/airflow/dags/weather_pipeline_dag.py took 0.077 seconds
[2026-09-21T07:09:30.647+0000] {processor.py:186} INFO - Started process (PID=1501) to work on /opt/airflow/dags/weather_pipeline_dag.py
[2026-09-21T07:09:30.657+0000] {processor.py:914} INFO - Processing file /opt/airflow/dags/weather_pipeline_dag.py for tasks to queue
[2026-09-21T07:09:30.660+0000] {logging_mixin.py:190} INFO - [2026-09-21T07:09:30.660+0000] {dagbag.py:588} INFO - Filling up the DagBag from /opt/airflow/dags/weather_pipeline_dag.py
[2026-09-21T07:09:30.679+0000] {processor.py:925} INFO - DAG(s) 'weather_risk_pipeline' retrieved from /opt/airflow/dags/weather_pipeline_dag.py
[2026-09-21T07:09:30.717+0000] {logging_mixin.py:190} INFO - [2026-09-21T07:09:30.717+0000] {dag.py:3239} INFO - Sync 1 DAGs
[2026-09-21T07:09:30.749+0000] {processor.py:208} INFO - Processing /opt/airflow/dags/weather_pipeline_dag.py took 0.112 seconds
[2026-09-21T07:10:00.815+0000] {processor.py:186} INFO - Started process (PID=1506) to work on /opt/airflow/dags/weather_pipeline_dag.py
[2026-09-21T07:10:00.818+0000] {processor.py:914} INFO - Processing file /opt/airflow/dags/weather_pipeline_dag.py for tasks to queue
[2026-09-21T07:10:00.819+0000] {logging_mixin.py:190} INFO - [2026-09-21T07:10:00.819+0000] {dagbag.py:588} INFO - Filling up the DagBag from /opt/airflow/dags/weather_pipeline_dag.py
[2026-09-21T07:10:00.828+0000] {processor.py:925} INFO - DAG(s) 'weather_risk_pipeline' retrieved from /opt/airflow/dags/weather_pipeline_dag.py
[2026-09-21T07:10:00.859+0000] {logging_mixin.py:190} INFO - [2026-09-21T07:10:00.858+0000] {dag.py:3239} INFO - Sync 1 DAGs
[2026-09-21T07:10:00.918+0000] {processor.py:208} INFO - Processing /opt/airflow/dags/weather_pipeline_dag.py took 0.108 seconds
[2026-09-21T07:10:31.107+0000] {processor.py:186} INFO - Started process (PID=1511) to work on /opt/airflow/dags/weather_pipeline_dag.py
[2026-09-21T07:10:31.112+0000] {processor.py:914} INFO - Processing file /opt/airflow/dags/weather_pipeline_dag.py for tasks to queue
[2026-09-21T07:10:31.115+0000] {logging_mixin.py:190} INFO - [2026-09-21T07:10:31.115+0000] {dagbag.py:588} INFO - Filling up the DagBag from /opt/airflow/dags/weather_pipeline_dag.py
[2026-09-21T07:10:31.134+0000] {processor.py:925} INFO - DAG(s) 'weather_risk_pipeline' retrieved from /opt/airflow/dags/weather_pipeline_dag.py
[2026-09-21T07:10:31.183+0000] {logging_mixin.py:190} INFO - [2026-09-21T07:10:31.183+0000] {dag.py:3239} INFO - Sync 1 DAGs
[2026-09-21T07:10:31.242+0000] {processor.py:208} INFO - Processing /opt/airflow/dags/weather_pipeline_dag.py took 0.145 seconds
[2026-09-21T07:11:01.305+0000] {processor.py:186} INFO - Started process (PID=1532) to work on /opt/airflow/dags/weather_pipeline_dag.py
[2026-09-21T07:11:01.306+0000] {processor.py:914} INFO - Processing file /opt/airflow/dags/weather_pipeline_dag.py for tasks to queue
[2026-09-21T07:11:01.310+0000] {logging_mixin.py:190} INFO - [2026-09-21T07:11:01.309+0000] {dagbag.py:588} INFO - Filling up the DagBag from /opt/airflow/dags/weather_pipeline_dag.py
[2026-09-21T07:11:01.329+0000] {processor.py:925} INFO - DAG(s) 'weather_risk_pipeline' retrieved from /opt/airflow/dags/weather_pipeline_dag.py
[2026-09-21T07:11:01.376+0000] {logging_mixin.py:190} INFO - [2026-09-21T07:11:01.376+0000] {dag.py:3239} INFO - Sync 1 DAGs
[2026-09-21T07:11:01.413+0000] {processor.py:208} INFO - Processing /opt/airflow/dags/weather_pipeline_dag.py took 0.118 seconds
[2026-09-21T07:11:31.615+0000] {processor.py:186} INFO - Started process (PID=1537) to work on /opt/airflow/dags/weather_pipeline_dag.py
[2026-09-21T07:11:31.616+0000] {processor.py:914} INFO - Processing file /opt/airflow/dags/weather_pipeline_dag.py for tasks to queue
[2026-09-21T07:11:31.618+0000] {logging_mixin.py:190} INFO - [2026-09-21T07:11:31.617+0000] {dagbag.py:588} INFO - Filling up the DagBag from /opt/airflow/dags/weather_pipeline_dag.py
[2026-09-21T07:11:31.627+0000] {processor.py:925} INFO - DAG(s) 'weather_risk_pipeline' retrieved from /opt/airflow/dags/weather_pipeline_dag.py
[2026-09-21T07:11:31.658+0000] {logging_mixin.py:190} INFO - [2026-09-21T07:11:31.658+0000] {dag.py:3239} INFO - Sync 1 DAGs
[2026-09-21T07:11:31.703+0000] {processor.py:208} INFO - Processing /opt/airflow/dags/weather_pipeline_dag.py took 0.094 seconds
[2026-09-21T07:12:01.854+0000] {processor.py:186} INFO - Started process (PID=1542) to work on /opt/airflow/dags/weather_pipeline_dag.py
[2026-09-21T07:12:01.855+0000] {processor.py:914} INFO - Processing file /opt/airflow/dags/weather_pipeline_dag.py for tasks to queue
[2026-09-21T07:12:01.858+0000] {logging_mixin.py:190} INFO - [2026-09-21T07:12:01.857+0000] {dagbag.py:588} INFO - Filling up the DagBag from /opt/airflow/dags/weather_pipeline_dag.py
[2026-09-21T07:12:01.875+0000] {processor.py:925} INFO - DAG(s) 'weather_risk_pipeline' retrieved from /opt/airflow/dags/weather_pipeline_dag.py
[2026-09-21T07:12:01.929+0000] {logging_mixin.py:190} INFO - [2026-09-21T07:12:01.928+0000] {dag.py:3239} INFO - Sync 1 DAGs
[2026-09-21T07:12:01.992+0000] {processor.py:208} INFO - Processing /opt/airflow/dags/weather_pipeline_dag.py took 0.149 seconds
[2026-09-21T07:12:32.137+0000] {processor.py:186} INFO - Started process (PID=1547) to work on /opt/airflow/dags/weather_pipeline_dag.py
[2026-09-21T07:12:32.139+0000] {processor.py:914} INFO - Processing file /opt/airflow/dags/weather_pipeline_dag.py for tasks to queue
[2026-09-21T07:12:32.142+0000] {logging_mixin.py:190} INFO - [2026-09-21T07:12:32.141+0000] {dagbag.py:588} INFO - Filling up the DagBag from /opt/airflow/dags/weather_pipeline_dag.py
[2026-09-21T07:12:32.160+0000] {processor.py:925} INFO - DAG(s) 'weather_risk_pipeline' retrieved from /opt/airflow/dags/weather_pipeline_dag.py
[2026-09-21T07:12:32.208+0000] {logging_mixin.py:190} INFO - [2026-09-21T07:12:32.208+0000] {dag.py:3239} INFO - Sync 1 DAGs
[2026-09-21T07:12:32.244+0000] {processor.py:208} INFO - Processing /opt/airflow/dags/weather_pipeline_dag.py took 0.117 seconds
[2026-09-21T07:13:02.433+0000] {processor.py:186} INFO - Started process (PID=1552) to work on /opt/airflow/dags/weather_pipeline_dag.py
[2026-09-21T07:13:02.434+0000] {processor.py:914} INFO - Processing file /opt/airflow/dags/weather_pipeline_dag.py for tasks to queue
[2026-09-21T07:13:02.437+0000] {logging_mixin.py:190} INFO - [2026-09-21T07:13:02.436+0000] {dagbag.py:588} INFO - Filling up the DagBag from /opt/airflow/dags/weather_pipeline_dag.py
[2026-09-21T07:13:02.453+0000] {processor.py:925} INFO - DAG(s) 'weather_risk_pipeline' retrieved from /opt/airflow/dags/weather_pipeline_dag.py
[2026-09-21T07:13:02.504+0000] {logging_mixin.py:190} INFO - [2026-09-21T07:13:02.504+0000] {dag.py:3239} INFO - Sync 1 DAGs
[2026-09-21T07:13:02.563+0000] {processor.py:208} INFO - Processing /opt/airflow/dags/weather_pipeline_dag.py took 0.141 seconds
[2026-09-21T07:13:32.674+0000] {processor.py:186} INFO - Started process (PID=1557) to work on /opt/airflow/dags/weather_pipeline_dag.py
[2026-09-21T07:13:32.684+0000] {processor.py:914} INFO - Processing file /opt/airflow/dags/weather_pipeline_dag.py for tasks to queue
[2026-09-21T07:13:32.687+0000] {logging_mixin.py:190} INFO - [2026-09-21T07:13:32.686+0000] {dagbag.py:588} INFO - Filling up the DagBag from /opt/airflow/dags/weather_pipeline_dag.py
[2026-09-21T07:13:32.705+0000] {processor.py:925} INFO - DAG(s) 'weather_risk_pipeline' retrieved from /opt/airflow/dags/weather_pipeline_dag.py
[2026-09-21T07:13:32.754+0000] {logging_mixin.py:190} INFO - [2026-09-21T07:13:32.754+0000] {dag.py:3239} INFO - Sync 1 DAGs
[2026-09-21T07:13:32.791+0000] {processor.py:208} INFO - Processing /opt/airflow/dags/weather_pipeline_dag.py took 0.127 seconds
[2026-09-21T07:14:03.006+0000] {processor.py:186} INFO - Started process (PID=1562) to work on /opt/airflow/dags/weather_pipeline_dag.py
[2026-09-21T07:14:03.007+0000] {processor.py:914} INFO - Processing file /opt/airflow/dags/weather_pipeline_dag.py for tasks to queue
[2026-09-21T07:14:03.010+0000] {logging_mixin.py:190} INFO - [2026-09-21T07:14:03.009+0000] {dagbag.py:588} INFO - Filling up the DagBag from /opt/airflow/dags/weather_pipeline_dag.py
[2026-09-21T07:14:03.029+0000] {processor.py:925} INFO - DAG(s) 'weather_risk_pipeline' retrieved from /opt/airflow/dags/weather_pipeline_dag.py
[2026-09-21T07:14:03.078+0000] {logging_mixin.py:190} INFO - [2026-09-21T07:14:03.077+0000] {dag.py:3239} INFO - Sync 1 DAGs
[2026-09-21T07:14:03.135+0000] {processor.py:208} INFO - Processing /opt/airflow/dags/weather_pipeline_dag.py took 0.139 seconds
[2026-09-21T07:14:33.269+0000] {processor.py:186} INFO - Started process (PID=1567) to work on /opt/airflow/dags/weather_pipeline_dag.py
[2026-09-21T07:14:33.271+0000] {processor.py:914} INFO - Processing file /opt/airflow/dags/weather_pipeline_dag.py for tasks to queue
[2026-09-21T07:14:33.274+0000] {logging_mixin.py:190} INFO - [2026-09-21T07:14:33.273+0000] {dagbag.py:588} INFO - Filling up the DagBag from /opt/airflow/dags/weather_pipeline_dag.py
[2026-09-21T07:14:33.291+0000] {processor.py:925} INFO - DAG(s) 'weather_risk_pipeline' retrieved from /opt/airflow/dags/weather_pipeline_dag.py
[2026-09-21T07:14:33.343+0000] {logging_mixin.py:190} INFO - [2026-09-21T07:14:33.343+0000] {dag.py:3239} INFO - Sync 1 DAGs
[2026-09-21T07:14:33.408+0000] {processor.py:208} INFO - Processing /opt/airflow/dags/weather_pipeline_dag.py took 0.148 seconds
[2026-09-21T07:15:03.590+0000] {processor.py:186} INFO - Started process (PID=1572) to work on /opt/airflow/dags/weather_pipeline_dag.py
[2026-09-21T07:15:03.591+0000] {processor.py:914} INFO - Processing file /opt/airflow/dags/weather_pipeline_dag.py for tasks to queue
[2026-09-21T07:15:03.594+0000] {logging_mixin.py:190} INFO - [2026-09-21T07:15:03.594+0000] {dagbag.py:588} INFO - Filling up the DagBag from /opt/airflow/dags/weather_pipeline_dag.py
[2026-09-21T07:15:03.612+0000] {processor.py:925} INFO - DAG(s) 'weather_risk_pipeline' retrieved from /opt/airflow/dags/weather_pipeline_dag.py
[2026-09-21T07:15:03.661+0000] {logging_mixin.py:190} INFO - [2026-09-21T07:15:03.661+0000] {dag.py:3239} INFO - Sync 1 DAGs
[2026-09-21T07:15:03.723+0000] {processor.py:208} INFO - Processing /opt/airflow/dags/weather_pipeline_dag.py took 0.143 seconds
[2026-09-21T07:15:33.866+0000] {processor.py:186} INFO - Started process (PID=1577) to work on /opt/airflow/dags/weather_pipeline_dag.py
[2026-09-21T07:15:33.875+0000] {processor.py:914} INFO - Processing file /opt/airflow/dags/weather_pipeline_dag.py for tasks to queue
[2026-09-21T07:15:33.879+0000] {logging_mixin.py:190} INFO - [2026-09-21T07:15:33.878+0000] {dagbag.py:588} INFO - Filling up the DagBag from /opt/airflow/dags/weather_pipeline_dag.py
[2026-09-21T07:15:33.898+0000] {processor.py:925} INFO - DAG(s) 'weather_risk_pipeline' retrieved from /opt/airflow/dags/weather_pipeline_dag.py
[2026-09-21T07:15:33.952+0000] {logging_mixin.py:190} INFO - [2026-09-21T07:15:33.952+0000] {dag.py:3239} INFO - Sync 1 DAGs
[2026-09-21T07:15:34.022+0000] {processor.py:208} INFO - Processing /opt/airflow/dags/weather_pipeline_dag.py took 0.167 seconds
[2026-09-21T07:16:04.179+0000] {processor.py:186} INFO - Started process (PID=1582) to work on /opt/airflow/dags/weather_pipeline_dag.py
[2026-09-21T07:16:04.180+0000] {processor.py:914} INFO - Processing file /opt/airflow/dags/weather_pipeline_dag.py for tasks to queue
[2026-09-21T07:16:04.183+0000] {logging_mixin.py:190} INFO - [2026-09-21T07:16:04.183+0000] {dagbag.py:588} INFO - Filling up the DagBag from /opt/airflow/dags/weather_pipeline_dag.py
[2026-09-21T07:16:04.203+0000] {processor.py:925} INFO - DAG(s) 'weather_risk_pipeline' retrieved from /opt/airflow/dags/weather_pipeline_dag.py
[2026-09-21T07:16:04.252+0000] {logging_mixin.py:190} INFO - [2026-09-21T07:16:04.252+0000] {dag.py:3239} INFO - Sync 1 DAGs
[2026-09-21T07:16:04.286+0000] {processor.py:208} INFO - Processing /opt/airflow/dags/weather_pipeline_dag.py took 0.118 seconds
[2026-09-21T07:16:34.472+0000] {processor.py:186} INFO - Started process (PID=1587) to work on /opt/airflow/dags/weather_pipeline_dag.py
[2026-09-21T07:16:34.481+0000] {processor.py:914} INFO - Processing file /opt/airflow/dags/weather_pipeline_dag.py for tasks to queue
[2026-09-21T07:16:34.484+0000] {logging_mixin.py:190} INFO - [2026-09-21T07:16:34.484+0000] {dagbag.py:588} INFO - Filling up the DagBag from /opt/airflow/dags/weather_pipeline_dag.py
[2026-09-21T07:16:34.500+0000] {processor.py:925} INFO - DAG(s) 'weather_risk_pipeline' retrieved from /opt/airflow/dags/weather_pipeline_dag.py
[2026-09-21T07:16:34.527+0000] {logging_mixin.py:190} INFO - [2026-09-21T07:16:34.527+0000] {dag.py:3239} INFO - Sync 1 DAGs
[2026-09-21T07:16:34.559+0000] {processor.py:208} INFO - Processing /opt/airflow/dags/weather_pipeline_dag.py took 0.092 seconds
[2026-09-21T07:17:04.727+0000] {processor.py:186} INFO - Started process (PID=1592) to work on /opt/airflow/dags/weather_pipeline_dag.py
[2026-09-21T07:17:04.728+0000] {processor.py:914} INFO - Processing file /opt/airflow/dags/weather_pipeline_dag.py for tasks to queue
[2026-09-21T07:17:04.732+0000] {logging_mixin.py:190} INFO - [2026-09-21T07:17:04.731+0000] {dagbag.py:588} INFO - Filling up the DagBag from /opt/airflow/dags/weather_pipeline_dag.py
[2026-09-21T07:17:04.749+0000] {processor.py:925} INFO - DAG(s) 'weather_risk_pipeline' retrieved from /opt/airflow/dags/weather_pipeline_dag.py
[2026-09-21T07:17:04.796+0000] {logging_mixin.py:190} INFO - [2026-09-21T07:17:04.796+0000] {dag.py:3239} INFO - Sync 1 DAGs
[2026-09-21T07:17:04.830+0000] {processor.py:208} INFO - Processing /opt/airflow/dags/weather_pipeline_dag.py took 0.113 seconds
[2026-09-21T07:17:34.993+0000] {processor.py:186} INFO - Started process (PID=1597) to work on /opt/airflow/dags/weather_pipeline_dag.py
[2026-09-21T07:17:34.995+0000] {processor.py:914} INFO - Processing file /opt/airflow/dags/weather_pipeline_dag.py for tasks to queue
[2026-09-21T07:17:34.998+0000] {logging_mixin.py:190} INFO - [2026-09-21T07:17:34.998+0000] {dagbag.py:588} INFO - Filling up the DagBag from /opt/airflow/dags/weather_pipeline_dag.py
[2026-09-21T07:17:35.017+0000] {processor.py:925} INFO - DAG(s) 'weather_risk_pipeline' retrieved from /opt/airflow/dags/weather_pipeline_dag.py
[2026-09-21T07:17:35.068+0000] {logging_mixin.py:190} INFO - [2026-09-21T07:17:35.067+0000] {dag.py:3239} INFO - Sync 1 DAGs
[2026-09-21T07:17:35.125+0000] {processor.py:208} INFO - Processing /opt/airflow/dags/weather_pipeline_dag.py took 0.143 seconds
[2026-09-21T07:18:05.271+0000] {processor.py:186} INFO - Started process (PID=1602) to work on /opt/airflow/dags/weather_pipeline_dag.py
[2026-09-21T07:18:05.272+0000] {processor.py:914} INFO - Processing file /opt/airflow/dags/weather_pipeline_dag.py for tasks to queue
[2026-09-21T07:18:05.275+0000] {logging_mixin.py:190} INFO - [2026-09-21T07:18:05.275+0000] {dagbag.py:588} INFO - Filling up the DagBag from /opt/airflow/dags/weather_pipeline_dag.py
[2026-09-21T07:18:05.293+0000] {processor.py:925} INFO - DAG(s) 'weather_risk_pipeline' retrieved from /opt/airflow/dags/weather_pipeline_dag.py
[2026-09-21T07:18:05.341+0000] {logging_mixin.py:190} INFO - [2026-09-21T07:18:05.341+0000] {dag.py:3239} INFO - Sync 1 DAGs
[2026-09-21T07:18:05.377+0000] {processor.py:208} INFO - Processing /opt/airflow/dags/weather_pipeline_dag.py took 0.117 seconds
[2026-09-21T07:18:35.581+0000] {processor.py:186} INFO - Started process (PID=1607) to work on /opt/airflow/dags/weather_pipeline_dag.py
[2026-09-21T07:18:35.591+0000] {processor.py:914} INFO - Processing file /opt/airflow/dags/weather_pipeline_dag.py for tasks to queue
[2026-09-21T07:18:35.594+0000] {logging_mixin.py:190} INFO - [2026-09-21T07:18:35.594+0000] {dagbag.py:588} INFO - Filling up the DagBag from /opt/airflow/dags/weather_pipeline_dag.py
[2026-09-21T07:18:35.613+0000] {processor.py:925} INFO - DAG(s) 'weather_risk_pipeline' retrieved from /opt/airflow/dags/weather_pipeline_dag.py
[2026-09-21T07:18:35.662+0000] {logging_mixin.py:190} INFO - [2026-09-21T07:18:35.662+0000] {dag.py:3239} INFO - Sync 1 DAGs
[2026-09-21T07:18:35.716+0000] {processor.py:208} INFO - Processing /opt/airflow/dags/weather_pipeline_dag.py took 0.144 seconds
[2026-09-21T07:19:05.799+0000] {processor.py:186} INFO - Started process (PID=1612) to work on /opt/airflow/dags/weather_pipeline_dag.py
[2026-09-21T07:19:05.800+0000] {processor.py:914} INFO - Processing file /opt/airflow/dags/weather_pipeline_dag.py for tasks to queue
[2026-09-21T07:19:05.804+0000] {logging_mixin.py:190} INFO - [2026-09-21T07:19:05.803+0000] {dagbag.py:588} INFO - Filling up the DagBag from /opt/airflow/dags/weather_pipeline_dag.py
[2026-09-21T07:19:05.823+0000] {processor.py:925} INFO - DAG(s) 'weather_risk_pipeline' retrieved from /opt/airflow/dags/weather_pipeline_dag.py
[2026-09-21T07:19:05.863+0000] {logging_mixin.py:190} INFO - [2026-09-21T07:19:05.862+0000] {dag.py:3239} INFO - Sync 1 DAGs
[2026-09-21T07:19:05.893+0000] {processor.py:208} INFO - Processing /opt/airflow/dags/weather_pipeline_dag.py took 0.104 seconds
[2026-09-21T07:19:36.039+0000] {processor.py:186} INFO - Started process (PID=1617) to work on /opt/airflow/dags/weather_pipeline_dag.py
[2026-09-21T07:19:36.048+0000] {processor.py:914} INFO - Processing file /opt/airflow/dags/weather_pipeline_dag.py for tasks to queue
[2026-09-21T07:19:36.052+0000] {logging_mixin.py:190} INFO - [2026-09-21T07:19:36.051+0000] {dagbag.py:588} INFO - Filling up the DagBag from /opt/airflow/dags/weather_pipeline_dag.py
[2026-09-21T07:19:36.070+0000] {processor.py:925} INFO - DAG(s) 'weather_risk_pipeline' retrieved from /opt/airflow/dags/weather_pipeline_dag.py
[2026-09-21T07:19:36.121+0000] {logging_mixin.py:190} INFO - [2026-09-21T07:19:36.121+0000] {dag.py:3239} INFO - Sync 1 DAGs
[2026-09-21T07:19:36.191+0000] {processor.py:208} INFO - Processing /opt/airflow/dags/weather_pipeline_dag.py took 0.163 seconds
[2026-09-21T07:20:06.323+0000] {processor.py:186} INFO - Started process (PID=1622) to work on /opt/airflow/dags/weather_pipeline_dag.py
[2026-09-21T07:20:06.326+0000] {processor.py:914} INFO - Processing file /opt/airflow/dags/weather_pipeline_dag.py for tasks to queue
[2026-09-21T07:20:06.328+0000] {logging_mixin.py:190} INFO - [2026-09-21T07:20:06.328+0000] {dagbag.py:588} INFO - Filling up the DagBag from /opt/airflow/dags/weather_pipeline_dag.py
[2026-09-21T07:20:06.336+0000] {processor.py:925} INFO - DAG(s) 'weather_risk_pipeline' retrieved from /opt/airflow/dags/weather_pipeline_dag.py
[2026-09-21T07:20:06.378+0000] {logging_mixin.py:190} INFO - [2026-09-21T07:20:06.378+0000] {dag.py:3239} INFO - Sync 1 DAGs
[2026-09-21T07:20:06.443+0000] {processor.py:208} INFO - Processing /opt/airflow/dags/weather_pipeline_dag.py took 0.124 seconds
[2026-09-21T07:20:36.664+0000] {processor.py:186} INFO - Started process (PID=1627) to work on /opt/airflow/dags/weather_pipeline_dag.py
[2026-09-21T07:20:36.674+0000] {processor.py:914} INFO - Processing file /opt/airflow/dags/weather_pipeline_dag.py for tasks to queue
[2026-09-21T07:20:36.677+0000] {logging_mixin.py:190} INFO - [2026-09-21T07:20:36.677+0000] {dagbag.py:588} INFO - Filling up the DagBag from /opt/airflow/dags/weather_pipeline_dag.py
[2026-09-21T07:20:36.695+0000] {processor.py:925} INFO - DAG(s) 'weather_risk_pipeline' retrieved from /opt/airflow/dags/weather_pipeline_dag.py
[2026-09-21T07:20:36.747+0000] {logging_mixin.py:190} INFO - [2026-09-21T07:20:36.747+0000] {dag.py:3239} INFO - Sync 1 DAGs
[2026-09-21T07:20:36.780+0000] {processor.py:208} INFO - Processing /opt/airflow/dags/weather_pipeline_dag.py took 0.126 seconds
[2026-09-21T07:21:06.897+0000] {processor.py:186} INFO - Started process (PID=1632) to work on /opt/airflow/dags/weather_pipeline_dag.py
[2026-09-21T07:21:06.898+0000] {processor.py:914} INFO - Processing file /opt/airflow/dags/weather_pipeline_dag.py for tasks to queue
[2026-09-21T07:21:06.901+0000] {logging_mixin.py:190} INFO - [2026-09-21T07:21:06.900+0000] {dagbag.py:588} INFO - Filling up the DagBag from /opt/airflow/dags/weather_pipeline_dag.py
[2026-09-21T07:21:06.918+0000] {processor.py:925} INFO - DAG(s) 'weather_risk_pipeline' retrieved from /opt/airflow/dags/weather_pipeline_dag.py
[2026-09-21T07:21:06.969+0000] {logging_mixin.py:190} INFO - [2026-09-21T07:21:06.969+0000] {dag.py:3239} INFO - Sync 1 DAGs
[2026-09-21T07:21:07.007+0000] {processor.py:208} INFO - Processing /opt/airflow/dags/weather_pipeline_dag.py took 0.121 seconds
[2026-09-21T07:21:37.209+0000] {processor.py:186} INFO - Started process (PID=1637) to work on /opt/airflow/dags/weather_pipeline_dag.py
[2026-09-21T07:21:37.218+0000] {processor.py:914} INFO - Processing file /opt/airflow/dags/weather_pipeline_dag.py for tasks to queue
[2026-09-21T07:21:37.222+0000] {logging_mixin.py:190} INFO - [2026-09-21T07:21:37.221+0000] {dagbag.py:588} INFO - Filling up the DagBag from /opt/airflow/dags/weather_pipeline_dag.py
[2026-09-21T07:21:37.239+0000] {processor.py:925} INFO - DAG(s) 'weather_risk_pipeline' retrieved from /opt/airflow/dags/weather_pipeline_dag.py
[2026-09-21T07:21:37.289+0000] {logging_mixin.py:190} INFO - [2026-09-21T07:21:37.289+0000] {dag.py:3239} INFO - Sync 1 DAGs
[2026-09-21T07:21:37.331+0000] {processor.py:208} INFO - Processing /opt/airflow/dags/weather_pipeline_dag.py took 0.133 seconds
[2026-09-21T07:22:07.468+0000] {processor.py:186} INFO - Started process (PID=1642) to work on /opt/airflow/dags/weather_pipeline_dag.py
[2026-09-21T07:22:07.469+0000] {processor.py:914} INFO - Processing file /opt/airflow/dags/weather_pipeline_dag.py for tasks to queue
[2026-09-21T07:22:07.473+0000] {logging_mixin.py:190} INFO - [2026-09-21T07:22:07.472+0000] {dagbag.py:588} INFO - Filling up the DagBag from /opt/airflow/dags/weather_pipeline_dag.py
[2026-09-21T07:22:07.491+0000] {processor.py:925} INFO - DAG(s) 'weather_risk_pipeline' retrieved from /opt/airflow/dags/weather_pipeline_dag.py
[2026-09-21T07:22:07.539+0000] {logging_mixin.py:190} INFO - [2026-09-21T07:22:07.539+0000] {dag.py:3239} INFO - Sync 1 DAGs
[2026-09-21T07:22:07.574+0000] {processor.py:208} INFO - Processing /opt/airflow/dags/weather_pipeline_dag.py took 0.116 seconds
[2026-09-21T07:22:37.799+0000] {processor.py:186} INFO - Started process (PID=1647) to work on /opt/airflow/dags/weather_pipeline_dag.py
[2026-09-21T07:22:37.809+0000] {processor.py:914} INFO - Processing file /opt/airflow/dags/weather_pipeline_dag.py for tasks to queue
[2026-09-21T07:22:37.812+0000] {logging_mixin.py:190} INFO - [2026-09-21T07:22:37.811+0000] {dagbag.py:588} INFO - Filling up the DagBag from /opt/airflow/dags/weather_pipeline_dag.py
[2026-09-21T07:22:37.830+0000] {processor.py:925} INFO - DAG(s) 'weather_risk_pipeline' retrieved from /opt/airflow/dags/weather_pipeline_dag.py
[2026-09-21T07:22:37.879+0000] {logging_mixin.py:190} INFO - [2026-09-21T07:22:37.879+0000] {dag.py:3239} INFO - Sync 1 DAGs
[2026-09-21T07:22:37.951+0000] {processor.py:208} INFO - Processing /opt/airflow/dags/weather_pipeline_dag.py took 0.162 seconds
[2026-09-21T07:23:08.047+0000] {processor.py:186} INFO - Started process (PID=1652) to work on /opt/airflow/dags/weather_pipeline_dag.py
[2026-09-21T07:23:08.048+0000] {processor.py:914} INFO - Processing file /opt/airflow/dags/weather_pipeline_dag.py for tasks to queue
[2026-09-21T07:23:08.051+0000] {logging_mixin.py:190} INFO - [2026-09-21T07:23:08.050+0000] {dagbag.py:588} INFO - Filling up the DagBag from /opt/airflow/dags/weather_pipeline_dag.py
[2026-09-21T07:23:08.069+0000] {processor.py:925} INFO - DAG(s) 'weather_risk_pipeline' retrieved from /opt/airflow/dags/weather_pipeline_dag.py
[2026-09-21T07:23:08.115+0000] {logging_mixin.py:190} INFO - [2026-09-21T07:23:08.115+0000] {dag.py:3239} INFO - Sync 1 DAGs
[2026-09-21T07:23:08.148+0000] {processor.py:208} INFO - Processing /opt/airflow/dags/weather_pipeline_dag.py took 0.112 seconds
[2026-09-21T07:23:38.277+0000] {processor.py:186} INFO - Started process (PID=1657) to work on /opt/airflow/dags/weather_pipeline_dag.py
[2026-09-21T07:23:38.287+0000] {processor.py:914} INFO - Processing file /opt/airflow/dags/weather_pipeline_dag.py for tasks to queue
[2026-09-21T07:23:38.290+0000] {logging_mixin.py:190} INFO - [2026-09-21T07:23:38.289+0000] {dagbag.py:588} INFO - Filling up the DagBag from /opt/airflow/dags/weather_pipeline_dag.py
[2026-09-21T07:23:38.308+0000] {processor.py:925} INFO - DAG(s) 'weather_risk_pipeline' retrieved from /opt/airflow/dags/weather_pipeline_dag.py
[2026-09-21T07:23:38.358+0000] {logging_mixin.py:190} INFO - [2026-09-21T07:23:38.357+0000] {dag.py:3239} INFO - Sync 1 DAGs
[2026-09-21T07:23:38.398+0000] {processor.py:208} INFO - Processing /opt/airflow/dags/weather_pipeline_dag.py took 0.132 seconds
[2026-09-21T07:24:08.584+0000] {processor.py:186} INFO - Started process (PID=1662) to work on /opt/airflow/dags/weather_pipeline_dag.py
[2026-09-21T07:24:08.585+0000] {processor.py:914} INFO - Processing file /opt/airflow/dags/weather_pipeline_dag.py for tasks to queue
[2026-09-21T07:24:08.588+0000] {logging_mixin.py:190} INFO - [2026-09-21T07:24:08.588+0000] {dagbag.py:588} INFO - Filling up the DagBag from /opt/airflow/dags/weather_pipeline_dag.py
[2026-09-21T07:24:08.606+0000] {processor.py:925} INFO - DAG(s) 'weather_risk_pipeline' retrieved from /opt/airflow/dags/weather_pipeline_dag.py
[2026-09-21T07:24:08.654+0000] {logging_mixin.py:190} INFO - [2026-09-21T07:24:08.653+0000] {dag.py:3239} INFO - Sync 1 DAGs
[2026-09-21T07:24:08.689+0000] {processor.py:208} INFO - Processing /opt/airflow/dags/weather_pipeline_dag.py took 0.116 seconds
[2026-09-21T07:24:38.857+0000] {processor.py:186} INFO - Started process (PID=1667) to work on /opt/airflow/dags/weather_pipeline_dag.py
[2026-09-21T07:24:38.867+0000] {processor.py:914} INFO - Processing file /opt/airflow/dags/weather_pipeline_dag.py for tasks to queue
[2026-09-21T07:24:38.871+0000] {logging_mixin.py:190} INFO - [2026-09-21T07:24:38.870+0000] {dagbag.py:588} INFO - Filling up the DagBag from /opt/airflow/dags/weather_pipeline_dag.py
[2026-09-21T07:24:38.888+0000] {processor.py:925} INFO - DAG(s) 'weather_risk_pipeline' retrieved from /opt/airflow/dags/weather_pipeline_dag.py
[2026-09-21T07:24:38.937+0000] {logging_mixin.py:190} INFO - [2026-09-21T07:24:38.937+0000] {dag.py:3239} INFO - Sync 1 DAGs
[2026-09-21T07:24:38.973+0000] {processor.py:208} INFO - Processing /opt/airflow/dags/weather_pipeline_dag.py took 0.126 seconds
[2026-09-21T07:25:09.133+0000] {processor.py:186} INFO - Started process (PID=1672) to work on /opt/airflow/dags/weather_pipeline_dag.py
[2026-09-21T07:25:09.134+0000] {processor.py:914} INFO - Processing file /opt/airflow/dags/weather_pipeline_dag.py for tasks to queue
[2026-09-21T07:25:09.137+0000] {logging_mixin.py:190} INFO - [2026-09-21T07:25:09.137+0000] {dagbag.py:588} INFO - Filling up the DagBag from /opt/airflow/dags/weather_pipeline_dag.py
[2026-09-21T07:25:09.155+0000] {processor.py:925} INFO - DAG(s) 'weather_risk_pipeline' retrieved from /opt/airflow/dags/weather_pipeline_dag.py
[2026-09-21T07:25:09.204+0000] {logging_mixin.py:190} INFO - [2026-09-21T07:25:09.204+0000] {dag.py:3239} INFO - Sync 1 DAGs
[2026-09-21T07:25:09.240+0000] {processor.py:208} INFO - Processing /opt/airflow/dags/weather_pipeline_dag.py took 0.117 seconds
[2026-09-21T07:25:39.420+0000] {processor.py:186} INFO - Started process (PID=1677) to work on /opt/airflow/dags/weather_pipeline_dag.py
[2026-09-21T07:25:39.430+0000] {processor.py:914} INFO - Processing file /opt/airflow/dags/weather_pipeline_dag.py for tasks to queue
[2026-09-21T07:25:39.433+0000] {logging_mixin.py:190} INFO - [2026-09-21T07:25:39.433+0000] {dagbag.py:588} INFO - Filling up the DagBag from /opt/airflow/dags/weather_pipeline_dag.py
[2026-09-21T07:25:39.450+0000] {processor.py:925} INFO - DAG(s) 'weather_risk_pipeline' retrieved from /opt/airflow/dags/weather_pipeline_dag.py
[2026-09-21T07:25:39.499+0000] {logging_mixin.py:190} INFO - [2026-09-21T07:25:39.499+0000] {dag.py:3239} INFO - Sync 1 DAGs
[2026-09-21T07:25:39.571+0000] {processor.py:208} INFO - Processing /opt/airflow/dags/weather_pipeline_dag.py took 0.161 seconds
[2026-09-21T07:26:09.676+0000] {processor.py:186} INFO - Started process (PID=1682) to work on /opt/airflow/dags/weather_pipeline_dag.py
[2026-09-21T07:26:09.677+0000] {processor.py:914} INFO - Processing file /opt/airflow/dags/weather_pipeline_dag.py for tasks to queue
[2026-09-21T07:26:09.680+0000] {logging_mixin.py:190} INFO - [2026-09-21T07:26:09.680+0000] {dagbag.py:588} INFO - Filling up the DagBag from /opt/airflow/dags/weather_pipeline_dag.py
[2026-09-21T07:26:09.698+0000] {processor.py:925} INFO - DAG(s) 'weather_risk_pipeline' retrieved from /opt/airflow/dags/weather_pipeline_dag.py
[2026-09-21T07:26:09.746+0000] {logging_mixin.py:190} INFO - [2026-09-21T07:26:09.746+0000] {dag.py:3239} INFO - Sync 1 DAGs
[2026-09-21T07:26:09.781+0000] {processor.py:208} INFO - Processing /opt/airflow/dags/weather_pipeline_dag.py took 0.115 seconds
[2026-09-21T08:56:24.561+0000] {processor.py:186} INFO - Started process (PID=1687) to work on /opt/airflow/dags/weather_pipeline_dag.py
[2026-09-21T08:56:24.563+0000] {processor.py:914} INFO - Processing file /opt/airflow/dags/weather_pipeline_dag.py for tasks to queue
[2026-09-21T08:56:24.567+0000] {logging_mixin.py:190} INFO - [2026-09-21T08:56:24.567+0000] {dagbag.py:588} INFO - Filling up the DagBag from /opt/airflow/dags/weather_pipeline_dag.py
[2026-09-21T08:56:24.591+0000] {processor.py:925} INFO - DAG(s) 'weather_risk_pipeline' retrieved from /opt/airflow/dags/weather_pipeline_dag.py
[2026-09-21T08:56:24.631+0000] {logging_mixin.py:190} INFO - [2026-09-21T08:56:24.631+0000] {dag.py:3239} INFO - Sync 1 DAGs
[2026-09-21T08:56:24.672+0000] {processor.py:208} INFO - Processing /opt/airflow/dags/weather_pipeline_dag.py took 0.124 seconds
[2026-09-21T08:59:29.537+0000] {processor.py:186} INFO - Started process (PID=1708) to work on /opt/airflow/dags/weather_pipeline_dag.py
[2026-09-21T08:59:29.539+0000] {processor.py:914} INFO - Processing file /opt/airflow/dags/weather_pipeline_dag.py for tasks to queue
[2026-09-21T08:59:29.546+0000] {logging_mixin.py:190} INFO - [2026-09-21T08:59:29.545+0000] {dagbag.py:588} INFO - Filling up the DagBag from /opt/airflow/dags/weather_pipeline_dag.py
[2026-09-21T08:59:29.574+0000] {processor.py:925} INFO - DAG(s) 'weather_risk_pipeline' retrieved from /opt/airflow/dags/weather_pipeline_dag.py
[2026-09-21T08:59:29.598+0000] {logging_mixin.py:190} INFO - [2026-09-21T08:59:29.598+0000] {dag.py:3239} INFO - Sync 1 DAGs
[2026-09-21T08:59:29.625+0000] {processor.py:208} INFO - Processing /opt/airflow/dags/weather_pipeline_dag.py took 0.103 seconds
[2026-09-21T08:59:59.745+0000] {processor.py:186} INFO - Started process (PID=1713) to work on /opt/airflow/dags/weather_pipeline_dag.py
[2026-09-21T08:59:59.746+0000] {processor.py:914} INFO - Processing file /opt/airflow/dags/weather_pipeline_dag.py for tasks to queue
[2026-09-21T08:59:59.748+0000] {logging_mixin.py:190} INFO - [2026-09-21T08:59:59.747+0000] {dagbag.py:588} INFO - Filling up the DagBag from /opt/airflow/dags/weather_pipeline_dag.py
[2026-09-21T08:59:59.755+0000] {processor.py:925} INFO - DAG(s) 'weather_risk_pipeline' retrieved from /opt/airflow/dags/weather_pipeline_dag.py
[2026-09-21T08:59:59.777+0000] {logging_mixin.py:190} INFO - [2026-09-21T08:59:59.777+0000] {dag.py:3239} INFO - Sync 1 DAGs
[2026-09-21T08:59:59.810+0000] {processor.py:208} INFO - Processing /opt/airflow/dags/weather_pipeline_dag.py took 0.073 seconds
[2026-09-21T09:00:30.021+0000] {processor.py:186} INFO - Started process (PID=1718) to work on /opt/airflow/dags/weather_pipeline_dag.py
[2026-09-21T09:00:30.030+0000] {processor.py:914} INFO - Processing file /opt/airflow/dags/weather_pipeline_dag.py for tasks to queue
[2026-09-21T09:00:30.033+0000] {logging_mixin.py:190} INFO - [2026-09-21T09:00:30.032+0000] {dagbag.py:588} INFO - Filling up the DagBag from /opt/airflow/dags/weather_pipeline_dag.py
[2026-09-21T09:00:30.043+0000] {processor.py:925} INFO - DAG(s) 'weather_risk_pipeline' retrieved from /opt/airflow/dags/weather_pipeline_dag.py
[2026-09-21T09:00:30.066+0000] {logging_mixin.py:190} INFO - [2026-09-21T09:00:30.066+0000] {dag.py:3239} INFO - Sync 1 DAGs
[2026-09-21T09:00:30.102+0000] {processor.py:208} INFO - Processing /opt/airflow/dags/weather_pipeline_dag.py took 0.085 seconds
[2026-09-21T09:01:00.212+0000] {processor.py:186} INFO - Started process (PID=1723) to work on /opt/airflow/dags/weather_pipeline_dag.py
[2026-09-21T09:01:00.213+0000] {processor.py:914} INFO - Processing file /opt/airflow/dags/weather_pipeline_dag.py for tasks to queue
[2026-09-21T09:01:00.214+0000] {logging_mixin.py:190} INFO - [2026-09-21T09:01:00.214+0000] {dagbag.py:588} INFO - Filling up the DagBag from /opt/airflow/dags/weather_pipeline_dag.py
[2026-09-21T09:01:00.222+0000] {processor.py:925} INFO - DAG(s) 'weather_risk_pipeline' retrieved from /opt/airflow/dags/weather_pipeline_dag.py
[2026-09-21T09:01:00.246+0000] {logging_mixin.py:190} INFO - [2026-09-21T09:01:00.246+0000] {dag.py:3239} INFO - Sync 1 DAGs
[2026-09-21T09:01:00.281+0000] {processor.py:208} INFO - Processing /opt/airflow/dags/weather_pipeline_dag.py took 0.073 seconds
[2026-09-21T09:01:30.502+0000] {processor.py:186} INFO - Started process (PID=1728) to work on /opt/airflow/dags/weather_pipeline_dag.py
[2026-09-21T09:01:30.511+0000] {processor.py:914} INFO - Processing file /opt/airflow/dags/weather_pipeline_dag.py for tasks to queue
[2026-09-21T09:01:30.513+0000] {logging_mixin.py:190} INFO - [2026-09-21T09:01:30.513+0000] {dagbag.py:588} INFO - Filling up the DagBag from /opt/airflow/dags/weather_pipeline_dag.py
[2026-09-21T09:01:30.524+0000] {processor.py:925} INFO - DAG(s) 'weather_risk_pipeline' retrieved from /opt/airflow/dags/weather_pipeline_dag.py
[2026-09-21T09:01:30.545+0000] {logging_mixin.py:190} INFO - [2026-09-21T09:01:30.545+0000] {dag.py:3239} INFO - Sync 1 DAGs
[2026-09-21T09:01:30.573+0000] {processor.py:208} INFO - Processing /opt/airflow/dags/weather_pipeline_dag.py took 0.075 seconds
[2026-09-21T09:02:00.703+0000] {processor.py:186} INFO - Started process (PID=1733) to work on /opt/airflow/dags/weather_pipeline_dag.py
[2026-09-21T09:02:00.705+0000] {processor.py:914} INFO - Processing file /opt/airflow/dags/weather_pipeline_dag.py for tasks to queue
[2026-09-21T09:02:00.707+0000] {logging_mixin.py:190} INFO - [2026-09-21T09:02:00.707+0000] {dagbag.py:588} INFO - Filling up the DagBag from /opt/airflow/dags/weather_pipeline_dag.py
[2026-09-21T09:02:00.716+0000] {processor.py:925} INFO - DAG(s) 'weather_risk_pipeline' retrieved from /opt/airflow/dags/weather_pipeline_dag.py
[2026-09-21T09:02:00.738+0000] {logging_mixin.py:190} INFO - [2026-09-21T09:02:00.738+0000] {dag.py:3239} INFO - Sync 1 DAGs
[2026-09-21T09:02:00.769+0000] {processor.py:208} INFO - Processing /opt/airflow/dags/weather_pipeline_dag.py took 0.072 seconds
[2026-09-21T09:02:30.976+0000] {processor.py:186} INFO - Started process (PID=1738) to work on /opt/airflow/dags/weather_pipeline_dag.py
[2026-09-21T09:02:30.985+0000] {processor.py:914} INFO - Processing file /opt/airflow/dags/weather_pipeline_dag.py for tasks to queue
[2026-09-21T09:02:30.989+0000] {logging_mixin.py:190} INFO - [2026-09-21T09:02:30.988+0000] {dagbag.py:588} INFO - Filling up the DagBag from /opt/airflow/dags/weather_pipeline_dag.py
[2026-09-21T09:02:30.999+0000] {processor.py:925} INFO - DAG(s) 'weather_risk_pipeline' retrieved from /opt/airflow/dags/weather_pipeline_dag.py
[2026-09-21T09:02:31.019+0000] {logging_mixin.py:190} INFO - [2026-09-21T09:02:31.019+0000] {dag.py:3239} INFO - Sync 1 DAGs
[2026-09-21T09:02:31.047+0000] {processor.py:208} INFO - Processing /opt/airflow/dags/weather_pipeline_dag.py took 0.074 seconds
[2026-09-21T09:03:01.195+0000] {processor.py:186} INFO - Started process (PID=1743) to work on /opt/airflow/dags/weather_pipeline_dag.py
[2026-09-21T09:03:01.198+0000] {processor.py:914} INFO - Processing file /opt/airflow/dags/weather_pipeline_dag.py for tasks to queue
[2026-09-21T09:03:01.199+0000] {logging_mixin.py:190} INFO - [2026-09-21T09:03:01.199+0000] {dagbag.py:588} INFO - Filling up the DagBag from /opt/airflow/dags/weather_pipeline_dag.py
[2026-09-21T09:03:01.207+0000] {processor.py:925} INFO - DAG(s) 'weather_risk_pipeline' retrieved from /opt/airflow/dags/weather_pipeline_dag.py
[2026-09-21T09:03:01.228+0000] {logging_mixin.py:190} INFO - [2026-09-21T09:03:01.227+0000] {dag.py:3239} INFO - Sync 1 DAGs
[2026-09-21T09:03:01.256+0000] {processor.py:208} INFO - Processing /opt/airflow/dags/weather_pipeline_dag.py took 0.066 seconds
[2026-09-21T09:03:31.432+0000] {processor.py:186} INFO - Started process (PID=1748) to work on /opt/airflow/dags/weather_pipeline_dag.py
[2026-09-21T09:03:31.441+0000] {processor.py:914} INFO - Processing file /opt/airflow/dags/weather_pipeline_dag.py for tasks to queue
[2026-09-21T09:03:31.444+0000] {logging_mixin.py:190} INFO - [2026-09-21T09:03:31.443+0000] {dagbag.py:588} INFO - Filling up the DagBag from /opt/airflow/dags/weather_pipeline_dag.py
[2026-09-21T09:03:31.456+0000] {processor.py:925} INFO - DAG(s) 'weather_risk_pipeline' retrieved from /opt/airflow/dags/weather_pipeline_dag.py
[2026-09-21T09:03:31.475+0000] {logging_mixin.py:190} INFO - [2026-09-21T09:03:31.475+0000] {dag.py:3239} INFO - Sync 1 DAGs
[2026-09-21T09:03:31.503+0000] {processor.py:208} INFO - Processing /opt/airflow/dags/weather_pipeline_dag.py took 0.076 seconds
[2026-09-21T09:04:01.634+0000] {processor.py:186} INFO - Started process (PID=1753) to work on /opt/airflow/dags/weather_pipeline_dag.py
[2026-09-21T09:04:01.635+0000] {processor.py:914} INFO - Processing file /opt/airflow/dags/weather_pipeline_dag.py for tasks to queue
[2026-09-21T09:04:01.636+0000] {logging_mixin.py:190} INFO - [2026-09-21T09:04:01.636+0000] {dagbag.py:588} INFO - Filling up the DagBag from /opt/airflow/dags/weather_pipeline_dag.py
[2026-09-21T09:04:01.643+0000] {processor.py:925} INFO - DAG(s) 'weather_risk_pipeline' retrieved from /opt/airflow/dags/weather_pipeline_dag.py
[2026-09-21T09:04:01.665+0000] {logging_mixin.py:190} INFO - [2026-09-21T09:04:01.664+0000] {dag.py:3239} INFO - Sync 1 DAGs
[2026-09-21T09:04:01.694+0000] {processor.py:208} INFO - Processing /opt/airflow/dags/weather_pipeline_dag.py took 0.067 seconds
[2026-09-21T09:04:31.884+0000] {processor.py:186} INFO - Started process (PID=1758) to work on /opt/airflow/dags/weather_pipeline_dag.py
[2026-09-21T09:04:31.885+0000] {processor.py:914} INFO - Processing file /opt/airflow/dags/weather_pipeline_dag.py for tasks to queue
[2026-09-21T09:04:31.887+0000] {logging_mixin.py:190} INFO - [2026-09-21T09:04:31.887+0000] {dagbag.py:588} INFO - Filling up the DagBag from /opt/airflow/dags/weather_pipeline_dag.py
[2026-09-21T09:04:31.898+0000] {processor.py:925} INFO - DAG(s) 'weather_risk_pipeline' retrieved from /opt/airflow/dags/weather_pipeline_dag.py
[2026-09-21T09:04:31.927+0000] {logging_mixin.py:190} INFO - [2026-09-21T09:04:31.927+0000] {dag.py:3239} INFO - Sync 1 DAGs
[2026-09-21T09:04:31.968+0000] {processor.py:208} INFO - Processing /opt/airflow/dags/weather_pipeline_dag.py took 0.090 seconds
[2026-09-21T09:05:02.081+0000] {processor.py:186} INFO - Started process (PID=1763) to work on /opt/airflow/dags/weather_pipeline_dag.py
[2026-09-21T09:05:02.084+0000] {processor.py:914} INFO - Processing file /opt/airflow/dags/weather_pipeline_dag.py for tasks to queue
[2026-09-21T09:05:02.085+0000] {logging_mixin.py:190} INFO - [2026-09-21T09:05:02.085+0000] {dagbag.py:588} INFO - Filling up the DagBag from /opt/airflow/dags/weather_pipeline_dag.py
[2026-09-21T09:05:02.098+0000] {processor.py:925} INFO - DAG(s) 'weather_risk_pipeline' retrieved from /opt/airflow/dags/weather_pipeline_dag.py
[2026-09-21T09:05:02.137+0000] {logging_mixin.py:190} INFO - [2026-09-21T09:05:02.136+0000] {dag.py:3239} INFO - Sync 1 DAGs
[2026-09-21T09:05:02.183+0000] {processor.py:208} INFO - Processing /opt/airflow/dags/weather_pipeline_dag.py took 0.106 seconds
[2026-09-21T09:05:32.353+0000] {processor.py:186} INFO - Started process (PID=1768) to work on /opt/airflow/dags/weather_pipeline_dag.py
[2026-09-21T09:05:32.362+0000] {processor.py:914} INFO - Processing file /opt/airflow/dags/weather_pipeline_dag.py for tasks to queue
[2026-09-21T09:05:32.366+0000] {logging_mixin.py:190} INFO - [2026-09-21T09:05:32.365+0000] {dagbag.py:588} INFO - Filling up the DagBag from /opt/airflow/dags/weather_pipeline_dag.py
[2026-09-21T09:05:32.377+0000] {processor.py:925} INFO - DAG(s) 'weather_risk_pipeline' retrieved from /opt/airflow/dags/weather_pipeline_dag.py
[2026-09-21T09:05:32.397+0000] {logging_mixin.py:190} INFO - [2026-09-21T09:05:32.397+0000] {dag.py:3239} INFO - Sync 1 DAGs
[2026-09-21T09:05:32.425+0000] {processor.py:208} INFO - Processing /opt/airflow/dags/weather_pipeline_dag.py took 0.078 seconds
[2026-09-21T09:06:02.621+0000] {processor.py:186} INFO - Started process (PID=1773) to work on /opt/airflow/dags/weather_pipeline_dag.py
[2026-09-21T09:06:02.622+0000] {processor.py:914} INFO - Processing file /opt/airflow/dags/weather_pipeline_dag.py for tasks to queue
[2026-09-21T09:06:02.624+0000] {logging_mixin.py:190} INFO - [2026-09-21T09:06:02.623+0000] {dagbag.py:588} INFO - Filling up the DagBag from /opt/airflow/dags/weather_pipeline_dag.py
[2026-09-21T09:06:02.633+0000] {processor.py:925} INFO - DAG(s) 'weather_risk_pipeline' retrieved from /opt/airflow/dags/weather_pipeline_dag.py
[2026-09-21T09:06:02.655+0000] {logging_mixin.py:190} INFO - [2026-09-21T09:06:02.655+0000] {dag.py:3239} INFO - Sync 1 DAGs
[2026-09-21T09:06:02.684+0000] {processor.py:208} INFO - Processing /opt/airflow/dags/weather_pipeline_dag.py took 0.069 seconds
[2026-09-21T09:06:32.859+0000] {processor.py:186} INFO - Started process (PID=1778) to work on /opt/airflow/dags/weather_pipeline_dag.py
[2026-09-21T09:06:32.868+0000] {processor.py:914} INFO - Processing file /opt/airflow/dags/weather_pipeline_dag.py for tasks to queue
[2026-09-21T09:06:32.871+0000] {logging_mixin.py:190} INFO - [2026-09-21T09:06:32.871+0000] {dagbag.py:588} INFO - Filling up the DagBag from /opt/airflow/dags/weather_pipeline_dag.py
[2026-09-21T09:06:32.882+0000] {processor.py:925} INFO - DAG(s) 'weather_risk_pipeline' retrieved from /opt/airflow/dags/weather_pipeline_dag.py
[2026-09-21T09:06:32.902+0000] {logging_mixin.py:190} INFO - [2026-09-21T09:06:32.901+0000] {dag.py:3239} INFO - Sync 1 DAGs
[2026-09-21T09:06:32.930+0000] {processor.py:208} INFO - Processing /opt/airflow/dags/weather_pipeline_dag.py took 0.077 seconds
[2026-09-21T09:07:03.088+0000] {processor.py:186} INFO - Started process (PID=1783) to work on /opt/airflow/dags/weather_pipeline_dag.py
[2026-09-21T09:07:03.089+0000] {processor.py:914} INFO - Processing file /opt/airflow/dags/weather_pipeline_dag.py for tasks to queue
[2026-09-21T09:07:03.092+0000] {logging_mixin.py:190} INFO - [2026-09-21T09:07:03.091+0000] {dagbag.py:588} INFO - Filling up the DagBag from /opt/airflow/dags/weather_pipeline_dag.py
[2026-09-21T09:07:03.100+0000] {processor.py:925} INFO - DAG(s) 'weather_risk_pipeline' retrieved from /opt/airflow/dags/weather_pipeline_dag.py
[2026-09-21T09:07:03.130+0000] {logging_mixin.py:190} INFO - [2026-09-21T09:07:03.129+0000] {dag.py:3239} INFO - Sync 1 DAGs
[2026-09-21T09:07:03.160+0000] {processor.py:208} INFO - Processing /opt/airflow/dags/weather_pipeline_dag.py took 0.082 seconds
[2026-09-21T09:07:33.344+0000] {processor.py:186} INFO - Started process (PID=1788) to work on /opt/airflow/dags/weather_pipeline_dag.py
[2026-09-21T09:07:33.353+0000] {processor.py:914} INFO - Processing file /opt/airflow/dags/weather_pipeline_dag.py for tasks to queue
[2026-09-21T09:07:33.356+0000] {logging_mixin.py:190} INFO - [2026-09-21T09:07:33.356+0000] {dagbag.py:588} INFO - Filling up the DagBag from /opt/airflow/dags/weather_pipeline_dag.py
[2026-09-21T09:07:33.367+0000] {processor.py:925} INFO - DAG(s) 'weather_risk_pipeline' retrieved from /opt/airflow/dags/weather_pipeline_dag.py
[2026-09-21T09:07:33.391+0000] {logging_mixin.py:190} INFO - [2026-09-21T09:07:33.391+0000] {dag.py:3239} INFO - Sync 1 DAGs
[2026-09-21T09:07:33.425+0000] {processor.py:208} INFO - Processing /opt/airflow/dags/weather_pipeline_dag.py took 0.090 seconds
[2026-09-21T09:08:03.573+0000] {processor.py:186} INFO - Started process (PID=1793) to work on /opt/airflow/dags/weather_pipeline_dag.py
[2026-09-21T09:08:03.574+0000] {processor.py:914} INFO - Processing file /opt/airflow/dags/weather_pipeline_dag.py for tasks to queue
[2026-09-21T09:08:03.575+0000] {logging_mixin.py:190} INFO - [2026-09-21T09:08:03.575+0000] {dagbag.py:588} INFO - Filling up the DagBag from /opt/airflow/dags/weather_pipeline_dag.py
[2026-09-21T09:08:03.582+0000] {processor.py:925} INFO - DAG(s) 'weather_risk_pipeline' retrieved from /opt/airflow/dags/weather_pipeline_dag.py
[2026-09-21T09:08:03.606+0000] {logging_mixin.py:190} INFO - [2026-09-21T09:08:03.606+0000] {dag.py:3239} INFO - Sync 1 DAGs
[2026-09-21T09:08:03.639+0000] {processor.py:208} INFO - Processing /opt/airflow/dags/weather_pipeline_dag.py took 0.073 seconds
[2026-09-21T09:08:33.805+0000] {processor.py:186} INFO - Started process (PID=1798) to work on /opt/airflow/dags/weather_pipeline_dag.py
[2026-09-21T09:08:33.806+0000] {processor.py:914} INFO - Processing file /opt/airflow/dags/weather_pipeline_dag.py for tasks to queue
[2026-09-21T09:08:33.808+0000] {logging_mixin.py:190} INFO - [2026-09-21T09:08:33.808+0000] {dagbag.py:588} INFO - Filling up the DagBag from /opt/airflow/dags/weather_pipeline_dag.py
[2026-09-21T09:08:33.817+0000] {processor.py:925} INFO - DAG(s) 'weather_risk_pipeline' retrieved from /opt/airflow/dags/weather_pipeline_dag.py
[2026-09-21T09:08:33.845+0000] {logging_mixin.py:190} INFO - [2026-09-21T09:08:33.844+0000] {dag.py:3239} INFO - Sync 1 DAGs
[2026-09-21T09:08:33.873+0000] {processor.py:208} INFO - Processing /opt/airflow/dags/weather_pipeline_dag.py took 0.075 seconds
[2026-09-21T09:09:04.030+0000] {processor.py:186} INFO - Started process (PID=1803) to work on /opt/airflow/dags/weather_pipeline_dag.py
[2026-09-21T09:09:04.031+0000] {processor.py:914} INFO - Processing file /opt/airflow/dags/weather_pipeline_dag.py for tasks to queue
[2026-09-21T09:09:04.034+0000] {logging_mixin.py:190} INFO - [2026-09-21T09:09:04.033+0000] {dagbag.py:588} INFO - Filling up the DagBag from /opt/airflow/dags/weather_pipeline_dag.py
[2026-09-21T09:09:04.042+0000] {processor.py:925} INFO - DAG(s) 'weather_risk_pipeline' retrieved from /opt/airflow/dags/weather_pipeline_dag.py
[2026-09-21T09:09:04.068+0000] {logging_mixin.py:190} INFO - [2026-09-21T09:09:04.068+0000] {dag.py:3239} INFO - Sync 1 DAGs
[2026-09-21T09:09:04.101+0000] {processor.py:208} INFO - Processing /opt/airflow/dags/weather_pipeline_dag.py took 0.080 seconds
[2026-09-21T09:09:34.265+0000] {processor.py:186} INFO - Started process (PID=1808) to work on /opt/airflow/dags/weather_pipeline_dag.py
[2026-09-21T09:09:34.266+0000] {processor.py:914} INFO - Processing file /opt/airflow/dags/weather_pipeline_dag.py for tasks to queue
[2026-09-21T09:09:34.268+0000] {logging_mixin.py:190} INFO - [2026-09-21T09:09:34.268+0000] {dagbag.py:588} INFO - Filling up the DagBag from /opt/airflow/dags/weather_pipeline_dag.py
[2026-09-21T09:09:34.278+0000] {processor.py:925} INFO - DAG(s) 'weather_risk_pipeline' retrieved from /opt/airflow/dags/weather_pipeline_dag.py
[2026-09-21T09:09:34.306+0000] {logging_mixin.py:190} INFO - [2026-09-21T09:09:34.306+0000] {dag.py:3239} INFO - Sync 1 DAGs
[2026-09-21T09:09:34.339+0000] {processor.py:208} INFO - Processing /opt/airflow/dags/weather_pipeline_dag.py took 0.079 seconds
[2026-09-21T09:10:04.515+0000] {processor.py:186} INFO - Started process (PID=1813) to work on /opt/airflow/dags/weather_pipeline_dag.py
[2026-09-21T09:10:04.524+0000] {processor.py:914} INFO - Processing file /opt/airflow/dags/weather_pipeline_dag.py for tasks to queue
[2026-09-21T09:10:04.528+0000] {logging_mixin.py:190} INFO - [2026-09-21T09:10:04.527+0000] {dagbag.py:588} INFO - Filling up the DagBag from /opt/airflow/dags/weather_pipeline_dag.py
[2026-09-21T09:10:04.537+0000] {processor.py:925} INFO - DAG(s) 'weather_risk_pipeline' retrieved from /opt/airflow/dags/weather_pipeline_dag.py
[2026-09-21T09:10:04.560+0000] {logging_mixin.py:190} INFO - [2026-09-21T09:10:04.560+0000] {dag.py:3239} INFO - Sync 1 DAGs
[2026-09-21T09:10:04.589+0000] {processor.py:208} INFO - Processing /opt/airflow/dags/weather_pipeline_dag.py took 0.083 seconds
[2026-09-21T09:10:34.758+0000] {processor.py:186} INFO - Started process (PID=1818) to work on /opt/airflow/dags/weather_pipeline_dag.py
[2026-09-21T09:10:34.759+0000] {processor.py:914} INFO - Processing file /opt/airflow/dags/weather_pipeline_dag.py for tasks to queue
[2026-09-21T09:10:34.760+0000] {logging_mixin.py:190} INFO - [2026-09-21T09:10:34.760+0000] {dagbag.py:588} INFO - Filling up the DagBag from /opt/airflow/dags/weather_pipeline_dag.py
[2026-09-21T09:10:34.768+0000] {processor.py:925} INFO - DAG(s) 'weather_risk_pipeline' retrieved from /opt/airflow/dags/weather_pipeline_dag.py
[2026-09-21T09:10:34.792+0000] {logging_mixin.py:190} INFO - [2026-09-21T09:10:34.791+0000] {dag.py:3239} INFO - Sync 1 DAGs
[2026-09-21T09:10:34.822+0000] {processor.py:208} INFO - Processing /opt/airflow/dags/weather_pipeline_dag.py took 0.073 seconds
[2026-09-21T09:11:05.004+0000] {processor.py:186} INFO - Started process (PID=1823) to work on /opt/airflow/dags/weather_pipeline_dag.py
[2026-09-21T09:11:05.006+0000] {processor.py:914} INFO - Processing file /opt/airflow/dags/weather_pipeline_dag.py for tasks to queue
[2026-09-21T09:11:05.008+0000] {logging_mixin.py:190} INFO - [2026-09-21T09:11:05.007+0000] {dagbag.py:588} INFO - Filling up the DagBag from /opt/airflow/dags/weather_pipeline_dag.py
[2026-09-21T09:11:05.015+0000] {processor.py:925} INFO - DAG(s) 'weather_risk_pipeline' retrieved from /opt/airflow/dags/weather_pipeline_dag.py
[2026-09-21T09:11:05.039+0000] {logging_mixin.py:190} INFO - [2026-09-21T09:11:05.039+0000] {dag.py:3239} INFO - Sync 1 DAGs
[2026-09-21T09:11:05.079+0000] {processor.py:208} INFO - Processing /opt/airflow/dags/weather_pipeline_dag.py took 0.084 seconds
[2026-09-21T09:11:35.251+0000] {processor.py:186} INFO - Started process (PID=1828) to work on /opt/airflow/dags/weather_pipeline_dag.py
[2026-09-21T09:11:35.251+0000] {processor.py:914} INFO - Processing file /opt/airflow/dags/weather_pipeline_dag.py for tasks to queue
[2026-09-21T09:11:35.254+0000] {logging_mixin.py:190} INFO - [2026-09-21T09:11:35.253+0000] {dagbag.py:588} INFO - Filling up the DagBag from /opt/airflow/dags/weather_pipeline_dag.py
[2026-09-21T09:11:35.261+0000] {processor.py:925} INFO - DAG(s) 'weather_risk_pipeline' retrieved from /opt/airflow/dags/weather_pipeline_dag.py
[2026-09-21T09:11:35.283+0000] {logging_mixin.py:190} INFO - [2026-09-21T09:11:35.282+0000] {dag.py:3239} INFO - Sync 1 DAGs
[2026-09-21T09:11:35.314+0000] {processor.py:208} INFO - Processing /opt/airflow/dags/weather_pipeline_dag.py took 0.073 seconds
[2026-09-21T09:12:05.470+0000] {processor.py:186} INFO - Started process (PID=1833) to work on /opt/airflow/dags/weather_pipeline_dag.py
[2026-09-21T09:12:05.479+0000] {processor.py:914} INFO - Processing file /opt/airflow/dags/weather_pipeline_dag.py for tasks to queue
[2026-09-21T09:12:05.482+0000] {logging_mixin.py:190} INFO - [2026-09-21T09:12:05.481+0000] {dagbag.py:588} INFO - Filling up the DagBag from /opt/airflow/dags/weather_pipeline_dag.py
[2026-09-21T09:12:05.492+0000] {processor.py:925} INFO - DAG(s) 'weather_risk_pipeline' retrieved from /opt/airflow/dags/weather_pipeline_dag.py
[2026-09-21T09:12:05.513+0000] {logging_mixin.py:190} INFO - [2026-09-21T09:12:05.513+0000] {dag.py:3239} INFO - Sync 1 DAGs
[2026-09-21T09:12:05.546+0000] {processor.py:208} INFO - Processing /opt/airflow/dags/weather_pipeline_dag.py took 0.085 seconds
[2026-09-21T09:12:35.688+0000] {processor.py:186} INFO - Started process (PID=1838) to work on /opt/airflow/dags/weather_pipeline_dag.py
[2026-09-21T09:12:35.688+0000] {processor.py:914} INFO - Processing file /opt/airflow/dags/weather_pipeline_dag.py for tasks to queue
[2026-09-21T09:12:35.690+0000] {logging_mixin.py:190} INFO - [2026-09-21T09:12:35.690+0000] {dagbag.py:588} INFO - Filling up the DagBag from /opt/airflow/dags/weather_pipeline_dag.py
[2026-09-21T09:12:35.698+0000] {processor.py:925} INFO - DAG(s) 'weather_risk_pipeline' retrieved from /opt/airflow/dags/weather_pipeline_dag.py
[2026-09-21T09:12:35.722+0000] {logging_mixin.py:190} INFO - [2026-09-21T09:12:35.722+0000] {dag.py:3239} INFO - Sync 1 DAGs
[2026-09-21T09:12:35.756+0000] {processor.py:208} INFO - Processing /opt/airflow/dags/weather_pipeline_dag.py took 0.078 seconds
[2026-09-21T09:13:05.946+0000] {processor.py:186} INFO - Started process (PID=1843) to work on /opt/airflow/dags/weather_pipeline_dag.py
[2026-09-21T09:13:05.955+0000] {processor.py:914} INFO - Processing file /opt/airflow/dags/weather_pipeline_dag.py for tasks to queue
[2026-09-21T09:13:05.959+0000] {logging_mixin.py:190} INFO - [2026-09-21T09:13:05.958+0000] {dagbag.py:588} INFO - Filling up the DagBag from /opt/airflow/dags/weather_pipeline_dag.py
[2026-09-21T09:13:05.968+0000] {processor.py:925} INFO - DAG(s) 'weather_risk_pipeline' retrieved from /opt/airflow/dags/weather_pipeline_dag.py
[2026-09-21T09:13:05.990+0000] {logging_mixin.py:190} INFO - [2026-09-21T09:13:05.989+0000] {dag.py:3239} INFO - Sync 1 DAGs
[2026-09-21T09:13:06.020+0000] {processor.py:208} INFO - Processing /opt/airflow/dags/weather_pipeline_dag.py took 0.080 seconds
[2026-09-21T09:13:36.158+0000] {processor.py:186} INFO - Started process (PID=1848) to work on /opt/airflow/dags/weather_pipeline_dag.py
[2026-09-21T09:13:36.160+0000] {processor.py:914} INFO - Processing file /opt/airflow/dags/weather_pipeline_dag.py for tasks to queue
[2026-09-21T09:13:36.161+0000] {logging_mixin.py:190} INFO - [2026-09-21T09:13:36.161+0000] {dagbag.py:588} INFO - Filling up the DagBag from /opt/airflow/dags/weather_pipeline_dag.py
[2026-09-21T09:13:36.172+0000] {processor.py:925} INFO - DAG(s) 'weather_risk_pipeline' retrieved from /opt/airflow/dags/weather_pipeline_dag.py
[2026-09-21T09:13:36.205+0000] {logging_mixin.py:190} INFO - [2026-09-21T09:13:36.205+0000] {dag.py:3239} INFO - Sync 1 DAGs
[2026-09-21T09:13:36.246+0000] {processor.py:208} INFO - Processing /opt/airflow/dags/weather_pipeline_dag.py took 0.095 seconds
[2026-09-21T09:14:06.411+0000] {processor.py:186} INFO - Started process (PID=1853) to work on /opt/airflow/dags/weather_pipeline_dag.py
[2026-09-21T09:14:06.420+0000] {processor.py:914} INFO - Processing file /opt/airflow/dags/weather_pipeline_dag.py for tasks to queue
[2026-09-21T09:14:06.423+0000] {logging_mixin.py:190} INFO - [2026-09-21T09:14:06.423+0000] {dagbag.py:588} INFO - Filling up the DagBag from /opt/airflow/dags/weather_pipeline_dag.py
[2026-09-21T09:14:06.434+0000] {processor.py:925} INFO - DAG(s) 'weather_risk_pipeline' retrieved from /opt/airflow/dags/weather_pipeline_dag.py
[2026-09-21T09:14:06.457+0000] {logging_mixin.py:190} INFO - [2026-09-21T09:14:06.457+0000] {dag.py:3239} INFO - Sync 1 DAGs
[2026-09-21T09:14:06.487+0000] {processor.py:208} INFO - Processing /opt/airflow/dags/weather_pipeline_dag.py took 0.086 seconds
[2026-09-21T09:14:36.633+0000] {processor.py:186} INFO - Started process (PID=1858) to work on /opt/airflow/dags/weather_pipeline_dag.py
[2026-09-21T09:14:36.635+0000] {processor.py:914} INFO - Processing file /opt/airflow/dags/weather_pipeline_dag.py for tasks to queue
[2026-09-21T09:14:36.636+0000] {logging_mixin.py:190} INFO - [2026-09-21T09:14:36.636+0000] {dagbag.py:588} INFO - Filling up the DagBag from /opt/airflow/dags/weather_pipeline_dag.py
[2026-09-21T09:14:36.644+0000] {processor.py:925} INFO - DAG(s) 'weather_risk_pipeline' retrieved from /opt/airflow/dags/weather_pipeline_dag.py
[2026-09-21T09:14:36.666+0000] {logging_mixin.py:190} INFO - [2026-09-21T09:14:36.665+0000] {dag.py:3239} INFO - Sync 1 DAGs
[2026-09-21T09:14:36.695+0000] {processor.py:208} INFO - Processing /opt/airflow/dags/weather_pipeline_dag.py took 0.067 seconds
[2026-09-21T09:15:06.875+0000] {processor.py:186} INFO - Started process (PID=1863) to work on /opt/airflow/dags/weather_pipeline_dag.py
[2026-09-21T09:15:06.884+0000] {processor.py:914} INFO - Processing file /opt/airflow/dags/weather_pipeline_dag.py for tasks to queue
[2026-09-21T09:15:06.887+0000] {logging_mixin.py:190} INFO - [2026-09-21T09:15:06.886+0000] {dagbag.py:588} INFO - Filling up the DagBag from /opt/airflow/dags/weather_pipeline_dag.py
[2026-09-21T09:15:06.898+0000] {processor.py:925} INFO - DAG(s) 'weather_risk_pipeline' retrieved from /opt/airflow/dags/weather_pipeline_dag.py
[2026-09-21T09:15:06.918+0000] {logging_mixin.py:190} INFO - [2026-09-21T09:15:06.917+0000] {dag.py:3239} INFO - Sync 1 DAGs
[2026-09-21T09:15:06.948+0000] {processor.py:208} INFO - Processing /opt/airflow/dags/weather_pipeline_dag.py took 0.080 seconds
[2026-09-21T09:15:37.103+0000] {processor.py:186} INFO - Started process (PID=1868) to work on /opt/airflow/dags/weather_pipeline_dag.py
[2026-09-21T09:15:37.104+0000] {processor.py:914} INFO - Processing file /opt/airflow/dags/weather_pipeline_dag.py for tasks to queue
[2026-09-21T09:15:37.106+0000] {logging_mixin.py:190} INFO - [2026-09-21T09:15:37.105+0000] {dagbag.py:588} INFO - Filling up the DagBag from /opt/airflow/dags/weather_pipeline_dag.py
[2026-09-21T09:15:37.117+0000] {processor.py:925} INFO - DAG(s) 'weather_risk_pipeline' retrieved from /opt/airflow/dags/weather_pipeline_dag.py
[2026-09-21T09:15:37.138+0000] {logging_mixin.py:190} INFO - [2026-09-21T09:15:37.138+0000] {dag.py:3239} INFO - Sync 1 DAGs
[2026-09-21T09:15:37.168+0000] {processor.py:208} INFO - Processing /opt/airflow/dags/weather_pipeline_dag.py took 0.070 seconds
[2026-09-21T09:16:07.378+0000] {processor.py:186} INFO - Started process (PID=1873) to work on /opt/airflow/dags/weather_pipeline_dag.py
[2026-09-21T09:16:07.380+0000] {processor.py:914} INFO - Processing file /opt/airflow/dags/weather_pipeline_dag.py for tasks to queue
[2026-09-21T09:16:07.383+0000] {logging_mixin.py:190} INFO - [2026-09-21T09:16:07.382+0000] {dagbag.py:588} INFO - Filling up the DagBag from /opt/airflow/dags/weather_pipeline_dag.py
[2026-09-21T09:16:07.392+0000] {processor.py:925} INFO - DAG(s) 'weather_risk_pipeline' retrieved from /opt/airflow/dags/weather_pipeline_dag.py
[2026-09-21T09:16:07.414+0000] {logging_mixin.py:190} INFO - [2026-09-21T09:16:07.413+0000] {dag.py:3239} INFO - Sync 1 DAGs
[2026-09-21T09:16:07.443+0000] {processor.py:208} INFO - Processing /opt/airflow/dags/weather_pipeline_dag.py took 0.071 seconds
[2026-09-21T09:16:37.591+0000] {processor.py:186} INFO - Started process (PID=1878) to work on /opt/airflow/dags/weather_pipeline_dag.py
[2026-09-21T09:16:37.601+0000] {processor.py:914} INFO - Processing file /opt/airflow/dags/weather_pipeline_dag.py for tasks to queue
[2026-09-21T09:16:37.604+0000] {logging_mixin.py:190} INFO - [2026-09-21T09:16:37.603+0000] {dagbag.py:588} INFO - Filling up the DagBag from /opt/airflow/dags/weather_pipeline_dag.py
[2026-09-21T09:16:37.615+0000] {processor.py:925} INFO - DAG(s) 'weather_risk_pipeline' retrieved from /opt/airflow/dags/weather_pipeline_dag.py
[2026-09-21T09:16:37.636+0000] {logging_mixin.py:190} INFO - [2026-09-21T09:16:37.635+0000] {dag.py:3239} INFO - Sync 1 DAGs
[2026-09-21T09:16:37.664+0000] {processor.py:208} INFO - Processing /opt/airflow/dags/weather_pipeline_dag.py took 0.082 seconds
[2026-09-21T09:17:07.857+0000] {processor.py:186} INFO - Started process (PID=1883) to work on /opt/airflow/dags/weather_pipeline_dag.py
[2026-09-21T09:17:07.859+0000] {processor.py:914} INFO - Processing file /opt/airflow/dags/weather_pipeline_dag.py for tasks to queue
[2026-09-21T09:17:07.861+0000] {logging_mixin.py:190} INFO - [2026-09-21T09:17:07.861+0000] {dagbag.py:588} INFO - Filling up the DagBag from /opt/airflow/dags/weather_pipeline_dag.py
[2026-09-21T09:17:07.872+0000] {processor.py:925} INFO - DAG(s) 'weather_risk_pipeline' retrieved from /opt/airflow/dags/weather_pipeline_dag.py
[2026-09-21T09:17:07.891+0000] {logging_mixin.py:190} INFO - [2026-09-21T09:17:07.891+0000] {dag.py:3239} INFO - Sync 1 DAGs
[2026-09-21T09:17:07.923+0000] {processor.py:208} INFO - Processing /opt/airflow/dags/weather_pipeline_dag.py took 0.071 seconds
[2026-09-21T09:17:38.103+0000] {processor.py:186} INFO - Started process (PID=1888) to work on /opt/airflow/dags/weather_pipeline_dag.py
[2026-09-21T09:17:38.112+0000] {processor.py:914} INFO - Processing file /opt/airflow/dags/weather_pipeline_dag.py for tasks to queue
[2026-09-21T09:17:38.116+0000] {logging_mixin.py:190} INFO - [2026-09-21T09:17:38.115+0000] {dagbag.py:588} INFO - Filling up the DagBag from /opt/airflow/dags/weather_pipeline_dag.py
[2026-09-21T09:17:38.134+0000] {processor.py:925} INFO - DAG(s) 'weather_risk_pipeline' retrieved from /opt/airflow/dags/weather_pipeline_dag.py
[2026-09-21T09:17:38.194+0000] {logging_mixin.py:190} INFO - [2026-09-21T09:17:38.193+0000] {dag.py:3239} INFO - Sync 1 DAGs
[2026-09-21T09:17:38.254+0000] {processor.py:208} INFO - Processing /opt/airflow/dags/weather_pipeline_dag.py took 0.162 seconds
[2026-09-21T09:18:08.352+0000] {processor.py:186} INFO - Started process (PID=1893) to work on /opt/airflow/dags/weather_pipeline_dag.py
[2026-09-21T09:18:08.362+0000] {processor.py:914} INFO - Processing file /opt/airflow/dags/weather_pipeline_dag.py for tasks to queue
[2026-09-21T09:18:08.365+0000] {logging_mixin.py:190} INFO - [2026-09-21T09:18:08.365+0000] {dagbag.py:588} INFO - Filling up the DagBag from /opt/airflow/dags/weather_pipeline_dag.py
[2026-09-21T09:18:08.386+0000] {processor.py:925} INFO - DAG(s) 'weather_risk_pipeline' retrieved from /opt/airflow/dags/weather_pipeline_dag.py
[2026-09-21T09:18:08.423+0000] {logging_mixin.py:190} INFO - [2026-09-21T09:18:08.423+0000] {dag.py:3239} INFO - Sync 1 DAGs
[2026-09-21T09:18:08.469+0000] {processor.py:208} INFO - Processing /opt/airflow/dags/weather_pipeline_dag.py took 0.128 seconds
[2026-09-21T09:18:38.675+0000] {processor.py:186} INFO - Started process (PID=1898) to work on /opt/airflow/dags/weather_pipeline_dag.py
[2026-09-21T09:18:38.676+0000] {processor.py:914} INFO - Processing file /opt/airflow/dags/weather_pipeline_dag.py for tasks to queue
[2026-09-21T09:18:38.680+0000] {logging_mixin.py:190} INFO - [2026-09-21T09:18:38.679+0000] {dagbag.py:588} INFO - Filling up the DagBag from /opt/airflow/dags/weather_pipeline_dag.py
[2026-09-21T09:18:38.698+0000] {processor.py:925} INFO - DAG(s) 'weather_risk_pipeline' retrieved from /opt/airflow/dags/weather_pipeline_dag.py
[2026-09-21T09:18:38.745+0000] {logging_mixin.py:190} INFO - [2026-09-21T09:18:38.745+0000] {dag.py:3239} INFO - Sync 1 DAGs
[2026-09-21T09:18:38.789+0000] {processor.py:208} INFO - Processing /opt/airflow/dags/weather_pipeline_dag.py took 0.123 seconds
[2026-09-21T09:19:08.910+0000] {processor.py:186} INFO - Started process (PID=1903) to work on /opt/airflow/dags/weather_pipeline_dag.py
[2026-09-21T09:19:08.912+0000] {processor.py:914} INFO - Processing file /opt/airflow/dags/weather_pipeline_dag.py for tasks to queue
[2026-09-21T09:19:08.915+0000] {logging_mixin.py:190} INFO - [2026-09-21T09:19:08.914+0000] {dagbag.py:588} INFO - Filling up the DagBag from /opt/airflow/dags/weather_pipeline_dag.py
[2026-09-21T09:19:08.932+0000] {processor.py:925} INFO - DAG(s) 'weather_risk_pipeline' retrieved from /opt/airflow/dags/weather_pipeline_dag.py
[2026-09-21T09:19:08.982+0000] {logging_mixin.py:190} INFO - [2026-09-21T09:19:08.981+0000] {dag.py:3239} INFO - Sync 1 DAGs
[2026-09-21T09:19:09.014+0000] {processor.py:208} INFO - Processing /opt/airflow/dags/weather_pipeline_dag.py took 0.114 seconds
[2026-09-21T09:19:39.216+0000] {processor.py:186} INFO - Started process (PID=1908) to work on /opt/airflow/dags/weather_pipeline_dag.py
[2026-09-21T09:19:39.217+0000] {processor.py:914} INFO - Processing file /opt/airflow/dags/weather_pipeline_dag.py for tasks to queue
[2026-09-21T09:19:39.220+0000] {logging_mixin.py:190} INFO - [2026-09-21T09:19:39.220+0000] {dagbag.py:588} INFO - Filling up the DagBag from /opt/airflow/dags/weather_pipeline_dag.py
[2026-09-21T09:19:39.239+0000] {processor.py:925} INFO - DAG(s) 'weather_risk_pipeline' retrieved from /opt/airflow/dags/weather_pipeline_dag.py
[2026-09-21T09:19:39.281+0000] {logging_mixin.py:190} INFO - [2026-09-21T09:19:39.281+0000] {dag.py:3239} INFO - Sync 1 DAGs
[2026-09-21T09:19:39.327+0000] {processor.py:208} INFO - Processing /opt/airflow/dags/weather_pipeline_dag.py took 0.122 seconds
[2026-09-21T09:20:09.435+0000] {processor.py:186} INFO - Started process (PID=1913) to work on /opt/airflow/dags/weather_pipeline_dag.py
[2026-09-21T09:20:09.436+0000] {processor.py:914} INFO - Processing file /opt/airflow/dags/weather_pipeline_dag.py for tasks to queue
[2026-09-21T09:20:09.439+0000] {logging_mixin.py:190} INFO - [2026-09-21T09:20:09.439+0000] {dagbag.py:588} INFO - Filling up the DagBag from /opt/airflow/dags/weather_pipeline_dag.py
[2026-09-21T09:20:09.457+0000] {processor.py:925} INFO - DAG(s) 'weather_risk_pipeline' retrieved from /opt/airflow/dags/weather_pipeline_dag.py
[2026-09-21T09:20:09.508+0000] {logging_mixin.py:190} INFO - [2026-09-21T09:20:09.507+0000] {dag.py:3239} INFO - Sync 1 DAGs
[2026-09-21T09:20:09.544+0000] {processor.py:208} INFO - Processing /opt/airflow/dags/weather_pipeline_dag.py took 0.119 seconds
[2026-09-21T09:20:39.754+0000] {processor.py:186} INFO - Started process (PID=1918) to work on /opt/airflow/dags/weather_pipeline_dag.py
[2026-09-21T09:20:39.755+0000] {processor.py:914} INFO - Processing file /opt/airflow/dags/weather_pipeline_dag.py for tasks to queue
[2026-09-21T09:20:39.759+0000] {logging_mixin.py:190} INFO - [2026-09-21T09:20:39.758+0000] {dagbag.py:588} INFO - Filling up the DagBag from /opt/airflow/dags/weather_pipeline_dag.py
[2026-09-21T09:20:39.777+0000] {processor.py:925} INFO - DAG(s) 'weather_risk_pipeline' retrieved from /opt/airflow/dags/weather_pipeline_dag.py
[2026-09-21T09:20:39.827+0000] {logging_mixin.py:190} INFO - [2026-09-21T09:20:39.827+0000] {dag.py:3239} INFO - Sync 1 DAGs
[2026-09-21T09:20:39.874+0000] {processor.py:208} INFO - Processing /opt/airflow/dags/weather_pipeline_dag.py took 0.129 seconds
[2026-09-21T09:21:09.973+0000] {processor.py:186} INFO - Started process (PID=1923) to work on /opt/airflow/dags/weather_pipeline_dag.py
[2026-09-21T09:21:09.974+0000] {processor.py:914} INFO - Processing file /opt/airflow/dags/weather_pipeline_dag.py for tasks to queue
[2026-09-21T09:21:09.977+0000] {logging_mixin.py:190} INFO - [2026-09-21T09:21:09.977+0000] {dagbag.py:588} INFO - Filling up the DagBag from /opt/airflow/dags/weather_pipeline_dag.py
[2026-09-21T09:21:09.995+0000] {processor.py:925} INFO - DAG(s) 'weather_risk_pipeline' retrieved from /opt/airflow/dags/weather_pipeline_dag.py
[2026-09-21T09:21:10.045+0000] {logging_mixin.py:190} INFO - [2026-09-21T09:21:10.044+0000] {dag.py:3239} INFO - Sync 1 DAGs
[2026-09-21T09:21:10.079+0000] {processor.py:208} INFO - Processing /opt/airflow/dags/weather_pipeline_dag.py took 0.116 seconds
[2026-09-21T09:21:40.305+0000] {processor.py:186} INFO - Started process (PID=1928) to work on /opt/airflow/dags/weather_pipeline_dag.py
[2026-09-21T09:21:40.314+0000] {processor.py:914} INFO - Processing file /opt/airflow/dags/weather_pipeline_dag.py for tasks to queue
[2026-09-21T09:21:40.318+0000] {logging_mixin.py:190} INFO - [2026-09-21T09:21:40.317+0000] {dagbag.py:588} INFO - Filling up the DagBag from /opt/airflow/dags/weather_pipeline_dag.py
[2026-09-21T09:21:40.336+0000] {processor.py:925} INFO - DAG(s) 'weather_risk_pipeline' retrieved from /opt/airflow/dags/weather_pipeline_dag.py
[2026-09-21T09:21:40.387+0000] {logging_mixin.py:190} INFO - [2026-09-21T09:21:40.386+0000] {dag.py:3239} INFO - Sync 1 DAGs
[2026-09-21T09:21:40.460+0000] {processor.py:208} INFO - Processing /opt/airflow/dags/weather_pipeline_dag.py took 0.164 seconds
[2026-09-21T09:22:10.533+0000] {processor.py:186} INFO - Started process (PID=1933) to work on /opt/airflow/dags/weather_pipeline_dag.py
[2026-09-21T09:22:10.535+0000] {processor.py:914} INFO - Processing file /opt/airflow/dags/weather_pipeline_dag.py for tasks to queue
[2026-09-21T09:22:10.538+0000] {logging_mixin.py:190} INFO - [2026-09-21T09:22:10.537+0000] {dagbag.py:588} INFO - Filling up the DagBag from /opt/airflow/dags/weather_pipeline_dag.py
[2026-09-21T09:22:10.556+0000] {processor.py:925} INFO - DAG(s) 'weather_risk_pipeline' retrieved from /opt/airflow/dags/weather_pipeline_dag.py
[2026-09-21T09:22:10.605+0000] {logging_mixin.py:190} INFO - [2026-09-21T09:22:10.605+0000] {dag.py:3239} INFO - Sync 1 DAGs
[2026-09-21T09:22:10.639+0000] {processor.py:208} INFO - Processing /opt/airflow/dags/weather_pipeline_dag.py took 0.116 seconds
[2026-09-21T09:22:40.748+0000] {processor.py:186} INFO - Started process (PID=1938) to work on /opt/airflow/dags/weather_pipeline_dag.py
[2026-09-21T09:22:40.757+0000] {processor.py:914} INFO - Processing file /opt/airflow/dags/weather_pipeline_dag.py for tasks to queue
[2026-09-21T09:22:40.761+0000] {logging_mixin.py:190} INFO - [2026-09-21T09:22:40.760+0000] {dagbag.py:588} INFO - Filling up the DagBag from /opt/airflow/dags/weather_pipeline_dag.py
[2026-09-21T09:22:40.780+0000] {processor.py:925} INFO - DAG(s) 'weather_risk_pipeline' retrieved from /opt/airflow/dags/weather_pipeline_dag.py
[2026-09-21T09:22:40.831+0000] {logging_mixin.py:190} INFO - [2026-09-21T09:22:40.831+0000] {dag.py:3239} INFO - Sync 1 DAGs
[2026-09-21T09:22:40.905+0000] {processor.py:208} INFO - Processing /opt/airflow/dags/weather_pipeline_dag.py took 0.167 seconds
[2026-09-21T09:23:11.085+0000] {processor.py:186} INFO - Started process (PID=1943) to work on /opt/airflow/dags/weather_pipeline_dag.py
[2026-09-21T09:23:11.087+0000] {processor.py:914} INFO - Processing file /opt/airflow/dags/weather_pipeline_dag.py for tasks to queue
[2026-09-21T09:23:11.090+0000] {logging_mixin.py:190} INFO - [2026-09-21T09:23:11.090+0000] {dagbag.py:588} INFO - Filling up the DagBag from /opt/airflow/dags/weather_pipeline_dag.py
[2026-09-21T09:23:11.110+0000] {processor.py:925} INFO - DAG(s) 'weather_risk_pipeline' retrieved from /opt/airflow/dags/weather_pipeline_dag.py
[2026-09-21T09:23:11.160+0000] {logging_mixin.py:190} INFO - [2026-09-21T09:23:11.160+0000] {dag.py:3239} INFO - Sync 1 DAGs
[2026-09-21T09:23:11.213+0000] {processor.py:208} INFO - Processing /opt/airflow/dags/weather_pipeline_dag.py took 0.139 seconds
[2026-09-21T09:23:41.337+0000] {processor.py:186} INFO - Started process (PID=1948) to work on /opt/airflow/dags/weather_pipeline_dag.py
[2026-09-21T09:23:41.347+0000] {processor.py:914} INFO - Processing file /opt/airflow/dags/weather_pipeline_dag.py for tasks to queue
[2026-09-21T09:23:41.350+0000] {logging_mixin.py:190} INFO - [2026-09-21T09:23:41.349+0000] {dagbag.py:588} INFO - Filling up the DagBag from /opt/airflow/dags/weather_pipeline_dag.py
[2026-09-21T09:23:41.368+0000] {processor.py:925} INFO - DAG(s) 'weather_risk_pipeline' retrieved from /opt/airflow/dags/weather_pipeline_dag.py
[2026-09-21T09:23:41.418+0000] {logging_mixin.py:190} INFO - [2026-09-21T09:23:41.418+0000] {dag.py:3239} INFO - Sync 1 DAGs
[2026-09-21T09:23:41.450+0000] {processor.py:208} INFO - Processing /opt/airflow/dags/weather_pipeline_dag.py took 0.124 seconds
[2026-09-21T09:24:11.632+0000] {processor.py:186} INFO - Started process (PID=1953) to work on /opt/airflow/dags/weather_pipeline_dag.py
[2026-09-21T09:24:11.633+0000] {processor.py:914} INFO - Processing file /opt/airflow/dags/weather_pipeline_dag.py for tasks to queue
[2026-09-21T09:24:11.636+0000] {logging_mixin.py:190} INFO - [2026-09-21T09:24:11.636+0000] {dagbag.py:588} INFO - Filling up the DagBag from /opt/airflow/dags/weather_pipeline_dag.py
[2026-09-21T09:24:11.653+0000] {processor.py:925} INFO - DAG(s) 'weather_risk_pipeline' retrieved from /opt/airflow/dags/weather_pipeline_dag.py
[2026-09-21T09:24:11.703+0000] {logging_mixin.py:190} INFO - [2026-09-21T09:24:11.702+0000] {dag.py:3239} INFO - Sync 1 DAGs
[2026-09-21T09:24:11.745+0000] {processor.py:208} INFO - Processing /opt/airflow/dags/weather_pipeline_dag.py took 0.123 seconds
[2026-09-21T09:24:41.855+0000] {processor.py:186} INFO - Started process (PID=1958) to work on /opt/airflow/dags/weather_pipeline_dag.py
[2026-09-21T09:24:41.864+0000] {processor.py:914} INFO - Processing file /opt/airflow/dags/weather_pipeline_dag.py for tasks to queue
[2026-09-21T09:24:41.867+0000] {logging_mixin.py:190} INFO - [2026-09-21T09:24:41.867+0000] {dagbag.py:588} INFO - Filling up the DagBag from /opt/airflow/dags/weather_pipeline_dag.py
[2026-09-21T09:24:41.887+0000] {processor.py:925} INFO - DAG(s) 'weather_risk_pipeline' retrieved from /opt/airflow/dags/weather_pipeline_dag.py
[2026-09-21T09:24:41.933+0000] {logging_mixin.py:190} INFO - [2026-09-21T09:24:41.933+0000] {dag.py:3239} INFO - Sync 1 DAGs
[2026-09-21T09:24:41.966+0000] {processor.py:208} INFO - Processing /opt/airflow/dags/weather_pipeline_dag.py took 0.122 seconds
[2026-09-21T09:25:12.164+0000] {processor.py:186} INFO - Started process (PID=1963) to work on /opt/airflow/dags/weather_pipeline_dag.py
[2026-09-21T09:25:12.165+0000] {processor.py:914} INFO - Processing file /opt/airflow/dags/weather_pipeline_dag.py for tasks to queue
[2026-09-21T09:25:12.168+0000] {logging_mixin.py:190} INFO - [2026-09-21T09:25:12.168+0000] {dagbag.py:588} INFO - Filling up the DagBag from /opt/airflow/dags/weather_pipeline_dag.py
[2026-09-21T09:25:12.188+0000] {processor.py:925} INFO - DAG(s) 'weather_risk_pipeline' retrieved from /opt/airflow/dags/weather_pipeline_dag.py
[2026-09-21T09:25:12.238+0000] {logging_mixin.py:190} INFO - [2026-09-21T09:25:12.238+0000] {dag.py:3239} INFO - Sync 1 DAGs
[2026-09-21T09:25:12.285+0000] {processor.py:208} INFO - Processing /opt/airflow/dags/weather_pipeline_dag.py took 0.131 seconds
[2026-09-21T09:25:42.408+0000] {processor.py:186} INFO - Started process (PID=1968) to work on /opt/airflow/dags/weather_pipeline_dag.py
[2026-09-21T09:25:42.418+0000] {processor.py:914} INFO - Processing file /opt/airflow/dags/weather_pipeline_dag.py for tasks to queue
[2026-09-21T09:25:42.421+0000] {logging_mixin.py:190} INFO - [2026-09-21T09:25:42.420+0000] {dagbag.py:588} INFO - Filling up the DagBag from /opt/airflow/dags/weather_pipeline_dag.py
[2026-09-21T09:25:42.440+0000] {processor.py:925} INFO - DAG(s) 'weather_risk_pipeline' retrieved from /opt/airflow/dags/weather_pipeline_dag.py
[2026-09-21T09:25:42.490+0000] {logging_mixin.py:190} INFO - [2026-09-21T09:25:42.489+0000] {dag.py:3239} INFO - Sync 1 DAGs
[2026-09-21T09:25:42.534+0000] {processor.py:208} INFO - Processing /opt/airflow/dags/weather_pipeline_dag.py took 0.136 seconds
[2026-09-21T09:26:12.729+0000] {processor.py:186} INFO - Started process (PID=1973) to work on /opt/airflow/dags/weather_pipeline_dag.py
[2026-09-21T09:26:12.731+0000] {processor.py:914} INFO - Processing file /opt/airflow/dags/weather_pipeline_dag.py for tasks to queue
[2026-09-21T09:26:12.735+0000] {logging_mixin.py:190} INFO - [2026-09-21T09:26:12.734+0000] {dagbag.py:588} INFO - Filling up the DagBag from /opt/airflow/dags/weather_pipeline_dag.py
[2026-09-21T09:26:12.752+0000] {processor.py:925} INFO - DAG(s) 'weather_risk_pipeline' retrieved from /opt/airflow/dags/weather_pipeline_dag.py
[2026-09-21T09:26:12.800+0000] {logging_mixin.py:190} INFO - [2026-09-21T09:26:12.800+0000] {dag.py:3239} INFO - Sync 1 DAGs
[2026-09-21T09:26:12.836+0000] {processor.py:208} INFO - Processing /opt/airflow/dags/weather_pipeline_dag.py took 0.117 seconds
[2026-09-21T09:26:42.989+0000] {processor.py:186} INFO - Started process (PID=1994) to work on /opt/airflow/dags/weather_pipeline_dag.py
[2026-09-21T09:26:42.998+0000] {processor.py:914} INFO - Processing file /opt/airflow/dags/weather_pipeline_dag.py for tasks to queue
[2026-09-21T09:26:43.001+0000] {logging_mixin.py:190} INFO - [2026-09-21T09:26:43.001+0000] {dagbag.py:588} INFO - Filling up the DagBag from /opt/airflow/dags/weather_pipeline_dag.py
[2026-09-21T09:26:43.020+0000] {processor.py:925} INFO - DAG(s) 'weather_risk_pipeline' retrieved from /opt/airflow/dags/weather_pipeline_dag.py
[2026-09-21T09:26:43.070+0000] {logging_mixin.py:190} INFO - [2026-09-21T09:26:43.069+0000] {dag.py:3239} INFO - Sync 1 DAGs
[2026-09-21T09:26:43.092+0000] {logging_mixin.py:190} INFO - [2026-09-21T09:26:43.092+0000] {dag.py:4180} INFO - Setting next_dagrun for weather_risk_pipeline to 2026-09-20 06:00:00+00:00, run_after=2026-09-21 06:00:00+00:00
[2026-09-21T09:26:43.117+0000] {processor.py:208} INFO - Processing /opt/airflow/dags/weather_pipeline_dag.py took 0.139 seconds
[2026-09-21T09:27:13.259+0000] {processor.py:186} INFO - Started process (PID=2003) to work on /opt/airflow/dags/weather_pipeline_dag.py
[2026-09-21T09:27:13.260+0000] {processor.py:914} INFO - Processing file /opt/airflow/dags/weather_pipeline_dag.py for tasks to queue
[2026-09-21T09:27:13.264+0000] {logging_mixin.py:190} INFO - [2026-09-21T09:27:13.263+0000] {dagbag.py:588} INFO - Filling up the DagBag from /opt/airflow/dags/weather_pipeline_dag.py
[2026-09-21T09:27:13.282+0000] {processor.py:925} INFO - DAG(s) 'weather_risk_pipeline' retrieved from /opt/airflow/dags/weather_pipeline_dag.py
[2026-09-21T09:27:13.328+0000] {logging_mixin.py:190} INFO - [2026-09-21T09:27:13.328+0000] {dag.py:3239} INFO - Sync 1 DAGs
[2026-09-21T09:27:13.359+0000] {processor.py:208} INFO - Processing /opt/airflow/dags/weather_pipeline_dag.py took 0.110 seconds
[2026-09-21T09:27:43.527+0000] {processor.py:186} INFO - Started process (PID=2044) to work on /opt/airflow/dags/weather_pipeline_dag.py
[2026-09-21T09:27:43.536+0000] {processor.py:914} INFO - Processing file /opt/airflow/dags/weather_pipeline_dag.py for tasks to queue
[2026-09-21T09:27:43.540+0000] {logging_mixin.py:190} INFO - [2026-09-21T09:27:43.539+0000] {dagbag.py:588} INFO - Filling up the DagBag from /opt/airflow/dags/weather_pipeline_dag.py
[2026-09-21T09:27:43.558+0000] {processor.py:925} INFO - DAG(s) 'weather_risk_pipeline' retrieved from /opt/airflow/dags/weather_pipeline_dag.py
[2026-09-21T09:27:43.611+0000] {logging_mixin.py:190} INFO - [2026-09-21T09:27:43.610+0000] {dag.py:3239} INFO - Sync 1 DAGs
[2026-09-21T09:27:43.646+0000] {processor.py:208} INFO - Processing /opt/airflow/dags/weather_pipeline_dag.py took 0.130 seconds
[2026-09-21T09:28:13.785+0000] {processor.py:186} INFO - Started process (PID=2049) to work on /opt/airflow/dags/weather_pipeline_dag.py
[2026-09-21T09:28:13.786+0000] {processor.py:914} INFO - Processing file /opt/airflow/dags/weather_pipeline_dag.py for tasks to queue
[2026-09-21T09:28:13.789+0000] {logging_mixin.py:190} INFO - [2026-09-21T09:28:13.789+0000] {dagbag.py:588} INFO - Filling up the DagBag from /opt/airflow/dags/weather_pipeline_dag.py
[2026-09-21T09:28:13.808+0000] {processor.py:925} INFO - DAG(s) 'weather_risk_pipeline' retrieved from /opt/airflow/dags/weather_pipeline_dag.py
[2026-09-21T09:28:13.860+0000] {logging_mixin.py:190} INFO - [2026-09-21T09:28:13.859+0000] {dag.py:3239} INFO - Sync 1 DAGs
[2026-09-21T09:28:13.927+0000] {processor.py:208} INFO - Processing /opt/airflow/dags/weather_pipeline_dag.py took 0.152 seconds
[2026-09-21T09:28:44.092+0000] {processor.py:186} INFO - Started process (PID=2054) to work on /opt/airflow/dags/weather_pipeline_dag.py
[2026-09-21T09:28:44.093+0000] {processor.py:914} INFO - Processing file /opt/airflow/dags/weather_pipeline_dag.py for tasks to queue
[2026-09-21T09:28:44.096+0000] {logging_mixin.py:190} INFO - [2026-09-21T09:28:44.096+0000] {dagbag.py:588} INFO - Filling up the DagBag from /opt/airflow/dags/weather_pipeline_dag.py
[2026-09-21T09:28:44.113+0000] {processor.py:925} INFO - DAG(s) 'weather_risk_pipeline' retrieved from /opt/airflow/dags/weather_pipeline_dag.py
[2026-09-21T09:28:44.160+0000] {logging_mixin.py:190} INFO - [2026-09-21T09:28:44.160+0000] {dag.py:3239} INFO - Sync 1 DAGs
[2026-09-21T09:28:44.193+0000] {processor.py:208} INFO - Processing /opt/airflow/dags/weather_pipeline_dag.py took 0.112 seconds
[2026-09-21T09:29:14.357+0000] {processor.py:186} INFO - Started process (PID=2059) to work on /opt/airflow/dags/weather_pipeline_dag.py
[2026-09-21T09:29:14.358+0000] {processor.py:914} INFO - Processing file /opt/airflow/dags/weather_pipeline_dag.py for tasks to queue
[2026-09-21T09:29:14.362+0000] {logging_mixin.py:190} INFO - [2026-09-21T09:29:14.361+0000] {dagbag.py:588} INFO - Filling up the DagBag from /opt/airflow/dags/weather_pipeline_dag.py
[2026-09-21T09:29:14.379+0000] {processor.py:925} INFO - DAG(s) 'weather_risk_pipeline' retrieved from /opt/airflow/dags/weather_pipeline_dag.py
[2026-09-21T09:29:14.432+0000] {logging_mixin.py:190} INFO - [2026-09-21T09:29:14.431+0000] {dag.py:3239} INFO - Sync 1 DAGs
[2026-09-21T09:29:14.499+0000] {processor.py:208} INFO - Processing /opt/airflow/dags/weather_pipeline_dag.py took 0.153 seconds
[2026-09-21T09:29:44.638+0000] {processor.py:186} INFO - Started process (PID=2064) to work on /opt/airflow/dags/weather_pipeline_dag.py
[2026-09-21T09:29:44.639+0000] {processor.py:914} INFO - Processing file /opt/airflow/dags/weather_pipeline_dag.py for tasks to queue
[2026-09-21T09:29:44.642+0000] {logging_mixin.py:190} INFO - [2026-09-21T09:29:44.642+0000] {dagbag.py:588} INFO - Filling up the DagBag from /opt/airflow/dags/weather_pipeline_dag.py
[2026-09-21T09:29:44.660+0000] {processor.py:925} INFO - DAG(s) 'weather_risk_pipeline' retrieved from /opt/airflow/dags/weather_pipeline_dag.py
[2026-09-21T09:29:44.708+0000] {logging_mixin.py:190} INFO - [2026-09-21T09:29:44.708+0000] {dag.py:3239} INFO - Sync 1 DAGs
[2026-09-21T09:29:44.769+0000] {processor.py:208} INFO - Processing /opt/airflow/dags/weather_pipeline_dag.py took 0.142 seconds
[2026-09-21T09:30:14.948+0000] {processor.py:186} INFO - Started process (PID=2069) to work on /opt/airflow/dags/weather_pipeline_dag.py
[2026-09-21T09:30:14.949+0000] {processor.py:914} INFO - Processing file /opt/airflow/dags/weather_pipeline_dag.py for tasks to queue
[2026-09-21T09:30:14.952+0000] {logging_mixin.py:190} INFO - [2026-09-21T09:30:14.952+0000] {dagbag.py:588} INFO - Filling up the DagBag from /opt/airflow/dags/weather_pipeline_dag.py
[2026-09-21T09:30:14.970+0000] {processor.py:925} INFO - DAG(s) 'weather_risk_pipeline' retrieved from /opt/airflow/dags/weather_pipeline_dag.py
[2026-09-21T09:30:15.018+0000] {logging_mixin.py:190} INFO - [2026-09-21T09:30:15.018+0000] {dag.py:3239} INFO - Sync 1 DAGs
[2026-09-21T09:30:15.054+0000] {processor.py:208} INFO - Processing /opt/airflow/dags/weather_pipeline_dag.py took 0.116 seconds
[2026-09-21T09:30:45.199+0000] {processor.py:186} INFO - Started process (PID=2074) to work on /opt/airflow/dags/weather_pipeline_dag.py
[2026-09-21T09:30:45.208+0000] {processor.py:914} INFO - Processing file /opt/airflow/dags/weather_pipeline_dag.py for tasks to queue
[2026-09-21T09:30:45.212+0000] {logging_mixin.py:190} INFO - [2026-09-21T09:30:45.211+0000] {dagbag.py:588} INFO - Filling up the DagBag from /opt/airflow/dags/weather_pipeline_dag.py
[2026-09-21T09:30:45.231+0000] {processor.py:925} INFO - DAG(s) 'weather_risk_pipeline' retrieved from /opt/airflow/dags/weather_pipeline_dag.py
[2026-09-21T09:30:45.282+0000] {logging_mixin.py:190} INFO - [2026-09-21T09:30:45.281+0000] {dag.py:3239} INFO - Sync 1 DAGs
[2026-09-21T09:30:45.330+0000] {processor.py:208} INFO - Processing /opt/airflow/dags/weather_pipeline_dag.py took 0.141 seconds
[2026-09-21T09:31:15.506+0000] {processor.py:186} INFO - Started process (PID=2079) to work on /opt/airflow/dags/weather_pipeline_dag.py
[2026-09-21T09:31:15.507+0000] {processor.py:914} INFO - Processing file /opt/airflow/dags/weather_pipeline_dag.py for tasks to queue
[2026-09-21T09:31:15.510+0000] {logging_mixin.py:190} INFO - [2026-09-21T09:31:15.510+0000] {dagbag.py:588} INFO - Filling up the DagBag from /opt/airflow/dags/weather_pipeline_dag.py
[2026-09-21T09:31:15.529+0000] {processor.py:925} INFO - DAG(s) 'weather_risk_pipeline' retrieved from /opt/airflow/dags/weather_pipeline_dag.py
[2026-09-21T09:31:15.576+0000] {logging_mixin.py:190} INFO - [2026-09-21T09:31:15.576+0000] {dag.py:3239} INFO - Sync 1 DAGs
[2026-09-21T09:31:15.611+0000] {processor.py:208} INFO - Processing /opt/airflow/dags/weather_pipeline_dag.py took 0.116 seconds
[2026-09-21T09:31:45.822+0000] {processor.py:186} INFO - Started process (PID=2084) to work on /opt/airflow/dags/weather_pipeline_dag.py
[2026-09-21T09:31:45.831+0000] {processor.py:914} INFO - Processing file /opt/airflow/dags/weather_pipeline_dag.py for tasks to queue
[2026-09-21T09:31:45.835+0000] {logging_mixin.py:190} INFO - [2026-09-21T09:31:45.834+0000] {dagbag.py:588} INFO - Filling up the DagBag from /opt/airflow/dags/weather_pipeline_dag.py
[2026-09-21T09:31:45.853+0000] {processor.py:925} INFO - DAG(s) 'weather_risk_pipeline' retrieved from /opt/airflow/dags/weather_pipeline_dag.py
[2026-09-21T09:31:45.908+0000] {logging_mixin.py:190} INFO - [2026-09-21T09:31:45.907+0000] {dag.py:3239} INFO - Sync 1 DAGs
[2026-09-21T09:31:45.971+0000] {processor.py:208} INFO - Processing /opt/airflow/dags/weather_pipeline_dag.py took 0.159 seconds
[2026-09-21T09:32:16.059+0000] {processor.py:186} INFO - Started process (PID=2089) to work on /opt/airflow/dags/weather_pipeline_dag.py
[2026-09-21T09:32:16.061+0000] {processor.py:914} INFO - Processing file /opt/airflow/dags/weather_pipeline_dag.py for tasks to queue
[2026-09-21T09:32:16.064+0000] {logging_mixin.py:190} INFO - [2026-09-21T09:32:16.063+0000] {dagbag.py:588} INFO - Filling up the DagBag from /opt/airflow/dags/weather_pipeline_dag.py
[2026-09-21T09:32:16.082+0000] {processor.py:925} INFO - DAG(s) 'weather_risk_pipeline' retrieved from /opt/airflow/dags/weather_pipeline_dag.py
[2026-09-21T09:32:16.134+0000] {logging_mixin.py:190} INFO - [2026-09-21T09:32:16.133+0000] {dag.py:3239} INFO - Sync 1 DAGs
[2026-09-21T09:32:16.202+0000] {processor.py:208} INFO - Processing /opt/airflow/dags/weather_pipeline_dag.py took 0.153 seconds
[2026-09-21T09:32:46.385+0000] {processor.py:186} INFO - Started process (PID=2094) to work on /opt/airflow/dags/weather_pipeline_dag.py
[2026-09-21T09:32:46.394+0000] {processor.py:914} INFO - Processing file /opt/airflow/dags/weather_pipeline_dag.py for tasks to queue
[2026-09-21T09:32:46.396+0000] {logging_mixin.py:190} INFO - [2026-09-21T09:32:46.395+0000] {dagbag.py:588} INFO - Filling up the DagBag from /opt/airflow/dags/weather_pipeline_dag.py
[2026-09-21T09:32:46.407+0000] {processor.py:925} INFO - DAG(s) 'weather_risk_pipeline' retrieved from /opt/airflow/dags/weather_pipeline_dag.py
[2026-09-21T09:32:46.436+0000] {logging_mixin.py:190} INFO - [2026-09-21T09:32:46.436+0000] {dag.py:3239} INFO - Sync 1 DAGs
[2026-09-21T09:32:46.475+0000] {processor.py:208} INFO - Processing /opt/airflow/dags/weather_pipeline_dag.py took 0.094 seconds
[2026-09-21T09:33:16.624+0000] {processor.py:186} INFO - Started process (PID=2099) to work on /opt/airflow/dags/weather_pipeline_dag.py
[2026-09-21T09:33:16.626+0000] {processor.py:914} INFO - Processing file /opt/airflow/dags/weather_pipeline_dag.py for tasks to queue
[2026-09-21T09:33:16.629+0000] {logging_mixin.py:190} INFO - [2026-09-21T09:33:16.628+0000] {dagbag.py:588} INFO - Filling up the DagBag from /opt/airflow/dags/weather_pipeline_dag.py
[2026-09-21T09:33:16.647+0000] {processor.py:925} INFO - DAG(s) 'weather_risk_pipeline' retrieved from /opt/airflow/dags/weather_pipeline_dag.py
[2026-09-21T09:33:16.697+0000] {logging_mixin.py:190} INFO - [2026-09-21T09:33:16.696+0000] {dag.py:3239} INFO - Sync 1 DAGs
[2026-09-21T09:33:16.746+0000] {processor.py:208} INFO - Processing /opt/airflow/dags/weather_pipeline_dag.py took 0.132 seconds
[2026-09-21T09:33:46.869+0000] {processor.py:186} INFO - Started process (PID=2104) to work on /opt/airflow/dags/weather_pipeline_dag.py
[2026-09-21T09:33:46.879+0000] {processor.py:914} INFO - Processing file /opt/airflow/dags/weather_pipeline_dag.py for tasks to queue
[2026-09-21T09:33:46.882+0000] {logging_mixin.py:190} INFO - [2026-09-21T09:33:46.882+0000] {dagbag.py:588} INFO - Filling up the DagBag from /opt/airflow/dags/weather_pipeline_dag.py
[2026-09-21T09:33:46.903+0000] {processor.py:925} INFO - DAG(s) 'weather_risk_pipeline' retrieved from /opt/airflow/dags/weather_pipeline_dag.py
[2026-09-21T09:33:46.952+0000] {logging_mixin.py:190} INFO - [2026-09-21T09:33:46.952+0000] {dag.py:3239} INFO - Sync 1 DAGs
[2026-09-21T09:33:46.998+0000] {processor.py:208} INFO - Processing /opt/airflow/dags/weather_pipeline_dag.py took 0.138 seconds
[2026-09-21T09:34:17.162+0000] {processor.py:186} INFO - Started process (PID=2109) to work on /opt/airflow/dags/weather_pipeline_dag.py
[2026-09-21T09:34:17.163+0000] {processor.py:914} INFO - Processing file /opt/airflow/dags/weather_pipeline_dag.py for tasks to queue
[2026-09-21T09:34:17.166+0000] {logging_mixin.py:190} INFO - [2026-09-21T09:34:17.166+0000] {dagbag.py:588} INFO - Filling up the DagBag from /opt/airflow/dags/weather_pipeline_dag.py
[2026-09-21T09:34:17.184+0000] {processor.py:925} INFO - DAG(s) 'weather_risk_pipeline' retrieved from /opt/airflow/dags/weather_pipeline_dag.py
[2026-09-21T09:34:17.233+0000] {logging_mixin.py:190} INFO - [2026-09-21T09:34:17.232+0000] {dag.py:3239} INFO - Sync 1 DAGs
[2026-09-21T09:34:17.267+0000] {processor.py:208} INFO - Processing /opt/airflow/dags/weather_pipeline_dag.py took 0.115 seconds
[2026-09-21T09:34:47.422+0000] {processor.py:186} INFO - Started process (PID=2114) to work on /opt/airflow/dags/weather_pipeline_dag.py
[2026-09-21T09:34:47.423+0000] {processor.py:914} INFO - Processing file /opt/airflow/dags/weather_pipeline_dag.py for tasks to queue
[2026-09-21T09:34:47.426+0000] {logging_mixin.py:190} INFO - [2026-09-21T09:34:47.425+0000] {dagbag.py:588} INFO - Filling up the DagBag from /opt/airflow/dags/weather_pipeline_dag.py
[2026-09-21T09:34:47.444+0000] {processor.py:925} INFO - DAG(s) 'weather_risk_pipeline' retrieved from /opt/airflow/dags/weather_pipeline_dag.py
[2026-09-21T09:34:47.496+0000] {logging_mixin.py:190} INFO - [2026-09-21T09:34:47.495+0000] {dag.py:3239} INFO - Sync 1 DAGs
[2026-09-21T09:34:47.543+0000] {processor.py:208} INFO - Processing /opt/airflow/dags/weather_pipeline_dag.py took 0.132 seconds
[2026-09-21T09:35:17.677+0000] {processor.py:186} INFO - Started process (PID=2119) to work on /opt/airflow/dags/weather_pipeline_dag.py
[2026-09-21T09:35:17.686+0000] {processor.py:914} INFO - Processing file /opt/airflow/dags/weather_pipeline_dag.py for tasks to queue
[2026-09-21T09:35:17.690+0000] {logging_mixin.py:190} INFO - [2026-09-21T09:35:17.689+0000] {dagbag.py:588} INFO - Filling up the DagBag from /opt/airflow/dags/weather_pipeline_dag.py
[2026-09-21T09:35:17.710+0000] {processor.py:925} INFO - DAG(s) 'weather_risk_pipeline' retrieved from /opt/airflow/dags/weather_pipeline_dag.py
[2026-09-21T09:35:17.765+0000] {logging_mixin.py:190} INFO - [2026-09-21T09:35:17.765+0000] {dag.py:3239} INFO - Sync 1 DAGs
[2026-09-21T09:35:17.836+0000] {processor.py:208} INFO - Processing /opt/airflow/dags/weather_pipeline_dag.py took 0.169 seconds
[2026-09-21T09:35:47.947+0000] {processor.py:186} INFO - Started process (PID=2124) to work on /opt/airflow/dags/weather_pipeline_dag.py
[2026-09-21T09:35:47.948+0000] {processor.py:914} INFO - Processing file /opt/airflow/dags/weather_pipeline_dag.py for tasks to queue
[2026-09-21T09:35:47.951+0000] {logging_mixin.py:190} INFO - [2026-09-21T09:35:47.951+0000] {dagbag.py:588} INFO - Filling up the DagBag from /opt/airflow/dags/weather_pipeline_dag.py
[2026-09-21T09:35:47.971+0000] {processor.py:925} INFO - DAG(s) 'weather_risk_pipeline' retrieved from /opt/airflow/dags/weather_pipeline_dag.py
[2026-09-21T09:35:48.017+0000] {logging_mixin.py:190} INFO - [2026-09-21T09:35:48.017+0000] {dag.py:3239} INFO - Sync 1 DAGs
[2026-09-21T09:35:48.061+0000] {processor.py:208} INFO - Processing /opt/airflow/dags/weather_pipeline_dag.py took 0.126 seconds
[2026-09-21T09:36:18.278+0000] {processor.py:186} INFO - Started process (PID=2129) to work on /opt/airflow/dags/weather_pipeline_dag.py
[2026-09-21T09:36:18.287+0000] {processor.py:914} INFO - Processing file /opt/airflow/dags/weather_pipeline_dag.py for tasks to queue
[2026-09-21T09:36:18.291+0000] {logging_mixin.py:190} INFO - [2026-09-21T09:36:18.290+0000] {dagbag.py:588} INFO - Filling up the DagBag from /opt/airflow/dags/weather_pipeline_dag.py
[2026-09-21T09:36:18.311+0000] {processor.py:925} INFO - DAG(s) 'weather_risk_pipeline' retrieved from /opt/airflow/dags/weather_pipeline_dag.py
[2026-09-21T09:36:18.361+0000] {logging_mixin.py:190} INFO - [2026-09-21T09:36:18.361+0000] {dag.py:3239} INFO - Sync 1 DAGs
[2026-09-21T09:36:18.432+0000] {processor.py:208} INFO - Processing /opt/airflow/dags/weather_pipeline_dag.py took 0.164 seconds
[2026-09-21T09:36:48.510+0000] {processor.py:186} INFO - Started process (PID=2134) to work on /opt/airflow/dags/weather_pipeline_dag.py
[2026-09-21T09:36:48.520+0000] {processor.py:914} INFO - Processing file /opt/airflow/dags/weather_pipeline_dag.py for tasks to queue
[2026-09-21T09:36:48.523+0000] {logging_mixin.py:190} INFO - [2026-09-21T09:36:48.523+0000] {dagbag.py:588} INFO - Filling up the DagBag from /opt/airflow/dags/weather_pipeline_dag.py
[2026-09-21T09:36:48.542+0000] {processor.py:925} INFO - DAG(s) 'weather_risk_pipeline' retrieved from /opt/airflow/dags/weather_pipeline_dag.py
[2026-09-21T09:36:48.596+0000] {logging_mixin.py:190} INFO - [2026-09-21T09:36:48.595+0000] {dag.py:3239} INFO - Sync 1 DAGs
[2026-09-21T09:36:48.672+0000] {processor.py:208} INFO - Processing /opt/airflow/dags/weather_pipeline_dag.py took 0.173 seconds
[2026-09-21T09:37:18.874+0000] {processor.py:186} INFO - Started process (PID=2155) to work on /opt/airflow/dags/weather_pipeline_dag.py
[2026-09-21T09:37:18.875+0000] {processor.py:914} INFO - Processing file /opt/airflow/dags/weather_pipeline_dag.py for tasks to queue
[2026-09-21T09:37:18.879+0000] {logging_mixin.py:190} INFO - [2026-09-21T09:37:18.878+0000] {dagbag.py:588} INFO - Filling up the DagBag from /opt/airflow/dags/weather_pipeline_dag.py
[2026-09-21T09:37:18.898+0000] {processor.py:925} INFO - DAG(s) 'weather_risk_pipeline' retrieved from /opt/airflow/dags/weather_pipeline_dag.py
[2026-09-21T09:37:18.948+0000] {logging_mixin.py:190} INFO - [2026-09-21T09:37:18.948+0000] {dag.py:3239} INFO - Sync 1 DAGs
[2026-09-21T09:37:19.008+0000] {processor.py:208} INFO - Processing /opt/airflow/dags/weather_pipeline_dag.py took 0.144 seconds
[2026-09-21T09:37:49.112+0000] {processor.py:186} INFO - Started process (PID=2160) to work on /opt/airflow/dags/weather_pipeline_dag.py
[2026-09-21T09:37:49.116+0000] {processor.py:914} INFO - Processing file /opt/airflow/dags/weather_pipeline_dag.py for tasks to queue
[2026-09-21T09:37:49.120+0000] {logging_mixin.py:190} INFO - [2026-09-21T09:37:49.119+0000] {dagbag.py:588} INFO - Filling up the DagBag from /opt/airflow/dags/weather_pipeline_dag.py
[2026-09-21T09:37:49.139+0000] {processor.py:925} INFO - DAG(s) 'weather_risk_pipeline' retrieved from /opt/airflow/dags/weather_pipeline_dag.py
[2026-09-21T09:37:49.167+0000] {logging_mixin.py:190} INFO - [2026-09-21T09:37:49.166+0000] {dag.py:3239} INFO - Sync 1 DAGs
[2026-09-21T09:37:49.201+0000] {processor.py:208} INFO - Processing /opt/airflow/dags/weather_pipeline_dag.py took 0.104 seconds
[2026-09-21T09:38:19.430+0000] {processor.py:186} INFO - Started process (PID=2165) to work on /opt/airflow/dags/weather_pipeline_dag.py
[2026-09-21T09:38:19.432+0000] {processor.py:914} INFO - Processing file /opt/airflow/dags/weather_pipeline_dag.py for tasks to queue
[2026-09-21T09:38:19.436+0000] {logging_mixin.py:190} INFO - [2026-09-21T09:38:19.435+0000] {dagbag.py:588} INFO - Filling up the DagBag from /opt/airflow/dags/weather_pipeline_dag.py
[2026-09-21T09:38:19.461+0000] {processor.py:925} INFO - DAG(s) 'weather_risk_pipeline' retrieved from /opt/airflow/dags/weather_pipeline_dag.py
[2026-09-21T09:38:19.512+0000] {logging_mixin.py:190} INFO - [2026-09-21T09:38:19.512+0000] {dag.py:3239} INFO - Sync 1 DAGs
[2026-09-21T09:38:19.571+0000] {processor.py:208} INFO - Processing /opt/airflow/dags/weather_pipeline_dag.py took 0.151 seconds
[2026-09-21T09:38:49.641+0000] {processor.py:186} INFO - Started process (PID=2170) to work on /opt/airflow/dags/weather_pipeline_dag.py
[2026-09-21T09:38:49.650+0000] {processor.py:914} INFO - Processing file /opt/airflow/dags/weather_pipeline_dag.py for tasks to queue
[2026-09-21T09:38:49.654+0000] {logging_mixin.py:190} INFO - [2026-09-21T09:38:49.653+0000] {dagbag.py:588} INFO - Filling up the DagBag from /opt/airflow/dags/weather_pipeline_dag.py
[2026-09-21T09:38:49.672+0000] {processor.py:925} INFO - DAG(s) 'weather_risk_pipeline' retrieved from /opt/airflow/dags/weather_pipeline_dag.py
[2026-09-21T09:38:49.724+0000] {logging_mixin.py:190} INFO - [2026-09-21T09:38:49.724+0000] {dag.py:3239} INFO - Sync 1 DAGs
[2026-09-21T09:38:49.785+0000] {processor.py:208} INFO - Processing /opt/airflow/dags/weather_pipeline_dag.py took 0.154 seconds
[2026-09-21T09:39:19.989+0000] {processor.py:186} INFO - Started process (PID=2175) to work on /opt/airflow/dags/weather_pipeline_dag.py
[2026-09-21T09:39:19.991+0000] {processor.py:914} INFO - Processing file /opt/airflow/dags/weather_pipeline_dag.py for tasks to queue
[2026-09-21T09:39:19.994+0000] {logging_mixin.py:190} INFO - [2026-09-21T09:39:19.993+0000] {dagbag.py:588} INFO - Filling up the DagBag from /opt/airflow/dags/weather_pipeline_dag.py
[2026-09-21T09:39:20.012+0000] {processor.py:925} INFO - DAG(s) 'weather_risk_pipeline' retrieved from /opt/airflow/dags/weather_pipeline_dag.py
[2026-09-21T09:39:20.064+0000] {logging_mixin.py:190} INFO - [2026-09-21T09:39:20.064+0000] {dag.py:3239} INFO - Sync 1 DAGs
[2026-09-21T09:39:20.129+0000] {processor.py:208} INFO - Processing /opt/airflow/dags/weather_pipeline_dag.py took 0.149 seconds
[2026-09-21T09:39:50.199+0000] {processor.py:186} INFO - Started process (PID=2180) to work on /opt/airflow/dags/weather_pipeline_dag.py
[2026-09-21T09:39:50.200+0000] {processor.py:914} INFO - Processing file /opt/airflow/dags/weather_pipeline_dag.py for tasks to queue
[2026-09-21T09:39:50.203+0000] {logging_mixin.py:190} INFO - [2026-09-21T09:39:50.203+0000] {dagbag.py:588} INFO - Filling up the DagBag from /opt/airflow/dags/weather_pipeline_dag.py
[2026-09-21T09:39:50.220+0000] {processor.py:925} INFO - DAG(s) 'weather_risk_pipeline' retrieved from /opt/airflow/dags/weather_pipeline_dag.py
[2026-09-21T09:39:50.251+0000] {logging_mixin.py:190} INFO - [2026-09-21T09:39:50.251+0000] {dag.py:3239} INFO - Sync 1 DAGs
[2026-09-21T09:39:50.285+0000] {processor.py:208} INFO - Processing /opt/airflow/dags/weather_pipeline_dag.py took 0.096 seconds
[2026-09-21T09:40:20.405+0000] {processor.py:186} INFO - Started process (PID=2185) to work on /opt/airflow/dags/weather_pipeline_dag.py
[2026-09-21T09:40:20.407+0000] {processor.py:914} INFO - Processing file /opt/airflow/dags/weather_pipeline_dag.py for tasks to queue
[2026-09-21T09:40:20.410+0000] {logging_mixin.py:190} INFO - [2026-09-21T09:40:20.410+0000] {dagbag.py:588} INFO - Filling up the DagBag from /opt/airflow/dags/weather_pipeline_dag.py
[2026-09-21T09:40:20.429+0000] {processor.py:925} INFO - DAG(s) 'weather_risk_pipeline' retrieved from /opt/airflow/dags/weather_pipeline_dag.py
[2026-09-21T09:40:20.477+0000] {logging_mixin.py:190} INFO - [2026-09-21T09:40:20.476+0000] {dag.py:3239} INFO - Sync 1 DAGs
[2026-09-21T09:40:20.512+0000] {processor.py:208} INFO - Processing /opt/airflow/dags/weather_pipeline_dag.py took 0.117 seconds
[2026-09-21T09:40:50.726+0000] {processor.py:186} INFO - Started process (PID=2190) to work on /opt/airflow/dags/weather_pipeline_dag.py
[2026-09-21T09:40:50.735+0000] {processor.py:914} INFO - Processing file /opt/airflow/dags/weather_pipeline_dag.py for tasks to queue
[2026-09-21T09:40:50.739+0000] {logging_mixin.py:190} INFO - [2026-09-21T09:40:50.738+0000] {dagbag.py:588} INFO - Filling up the DagBag from /opt/airflow/dags/weather_pipeline_dag.py
[2026-09-21T09:40:50.758+0000] {processor.py:925} INFO - DAG(s) 'weather_risk_pipeline' retrieved from /opt/airflow/dags/weather_pipeline_dag.py
[2026-09-21T09:40:50.809+0000] {logging_mixin.py:190} INFO - [2026-09-21T09:40:50.809+0000] {dag.py:3239} INFO - Sync 1 DAGs
[2026-09-21T09:40:50.856+0000] {processor.py:208} INFO - Processing /opt/airflow/dags/weather_pipeline_dag.py took 0.141 seconds
[2026-09-21T09:41:20.944+0000] {processor.py:186} INFO - Started process (PID=2195) to work on /opt/airflow/dags/weather_pipeline_dag.py
[2026-09-21T09:41:20.945+0000] {processor.py:914} INFO - Processing file /opt/airflow/dags/weather_pipeline_dag.py for tasks to queue
[2026-09-21T09:41:20.948+0000] {logging_mixin.py:190} INFO - [2026-09-21T09:41:20.948+0000] {dagbag.py:588} INFO - Filling up the DagBag from /opt/airflow/dags/weather_pipeline_dag.py
[2026-09-21T09:41:20.967+0000] {processor.py:925} INFO - DAG(s) 'weather_risk_pipeline' retrieved from /opt/airflow/dags/weather_pipeline_dag.py
[2026-09-21T09:41:21.015+0000] {logging_mixin.py:190} INFO - [2026-09-21T09:41:21.014+0000] {dag.py:3239} INFO - Sync 1 DAGs
[2026-09-21T09:41:21.059+0000] {processor.py:208} INFO - Processing /opt/airflow/dags/weather_pipeline_dag.py took 0.125 seconds
[2026-09-21T09:41:51.290+0000] {processor.py:186} INFO - Started process (PID=2200) to work on /opt/airflow/dags/weather_pipeline_dag.py
[2026-09-21T09:41:51.300+0000] {processor.py:914} INFO - Processing file /opt/airflow/dags/weather_pipeline_dag.py for tasks to queue
[2026-09-21T09:41:51.303+0000] {logging_mixin.py:190} INFO - [2026-09-21T09:41:51.303+0000] {dagbag.py:588} INFO - Filling up the DagBag from /opt/airflow/dags/weather_pipeline_dag.py
[2026-09-21T09:41:51.322+0000] {processor.py:925} INFO - DAG(s) 'weather_risk_pipeline' retrieved from /opt/airflow/dags/weather_pipeline_dag.py
[2026-09-21T09:41:51.374+0000] {logging_mixin.py:190} INFO - [2026-09-21T09:41:51.373+0000] {dag.py:3239} INFO - Sync 1 DAGs
[2026-09-21T09:41:51.422+0000] {processor.py:208} INFO - Processing /opt/airflow/dags/weather_pipeline_dag.py took 0.141 seconds
[2026-09-21T09:42:21.513+0000] {processor.py:186} INFO - Started process (PID=2205) to work on /opt/airflow/dags/weather_pipeline_dag.py
[2026-09-21T09:42:21.514+0000] {processor.py:914} INFO - Processing file /opt/airflow/dags/weather_pipeline_dag.py for tasks to queue
[2026-09-21T09:42:21.517+0000] {logging_mixin.py:190} INFO - [2026-09-21T09:42:21.517+0000] {dagbag.py:588} INFO - Filling up the DagBag from /opt/airflow/dags/weather_pipeline_dag.py
[2026-09-21T09:42:21.537+0000] {processor.py:925} INFO - DAG(s) 'weather_risk_pipeline' retrieved from /opt/airflow/dags/weather_pipeline_dag.py
[2026-09-21T09:42:21.590+0000] {logging_mixin.py:190} INFO - [2026-09-21T09:42:21.589+0000] {dag.py:3239} INFO - Sync 1 DAGs
[2026-09-21T09:42:21.657+0000] {processor.py:208} INFO - Processing /opt/airflow/dags/weather_pipeline_dag.py took 0.155 seconds
[2026-09-21T09:42:51.831+0000] {processor.py:186} INFO - Started process (PID=2210) to work on /opt/airflow/dags/weather_pipeline_dag.py
[2026-09-21T09:42:51.841+0000] {processor.py:914} INFO - Processing file /opt/airflow/dags/weather_pipeline_dag.py for tasks to queue
[2026-09-21T09:42:51.844+0000] {logging_mixin.py:190} INFO - [2026-09-21T09:42:51.844+0000] {dagbag.py:588} INFO - Filling up the DagBag from /opt/airflow/dags/weather_pipeline_dag.py
[2026-09-21T09:42:51.864+0000] {processor.py:925} INFO - DAG(s) 'weather_risk_pipeline' retrieved from /opt/airflow/dags/weather_pipeline_dag.py
[2026-09-21T09:42:51.912+0000] {logging_mixin.py:190} INFO - [2026-09-21T09:42:51.911+0000] {dag.py:3239} INFO - Sync 1 DAGs
[2026-09-21T09:42:51.975+0000] {processor.py:208} INFO - Processing /opt/airflow/dags/weather_pipeline_dag.py took 0.155 seconds
[2026-09-21T09:43:22.092+0000] {processor.py:186} INFO - Started process (PID=2215) to work on /opt/airflow/dags/weather_pipeline_dag.py
[2026-09-21T09:43:22.093+0000] {processor.py:914} INFO - Processing file /opt/airflow/dags/weather_pipeline_dag.py for tasks to queue
[2026-09-21T09:43:22.097+0000] {logging_mixin.py:190} INFO - [2026-09-21T09:43:22.097+0000] {dagbag.py:588} INFO - Filling up the DagBag from /opt/airflow/dags/weather_pipeline_dag.py
[2026-09-21T09:43:22.117+0000] {processor.py:925} INFO - DAG(s) 'weather_risk_pipeline' retrieved from /opt/airflow/dags/weather_pipeline_dag.py
[2026-09-21T09:43:22.166+0000] {logging_mixin.py:190} INFO - [2026-09-21T09:43:22.166+0000] {dag.py:3239} INFO - Sync 1 DAGs
[2026-09-21T09:43:22.227+0000] {processor.py:208} INFO - Processing /opt/airflow/dags/weather_pipeline_dag.py took 0.148 seconds
[2026-09-21T09:43:52.398+0000] {processor.py:186} INFO - Started process (PID=2220) to work on /opt/airflow/dags/weather_pipeline_dag.py
[2026-09-21T09:43:52.407+0000] {processor.py:914} INFO - Processing file /opt/airflow/dags/weather_pipeline_dag.py for tasks to queue
[2026-09-21T09:43:52.411+0000] {logging_mixin.py:190} INFO - [2026-09-21T09:43:52.410+0000] {dagbag.py:588} INFO - Filling up the DagBag from /opt/airflow/dags/weather_pipeline_dag.py
[2026-09-21T09:43:52.431+0000] {processor.py:925} INFO - DAG(s) 'weather_risk_pipeline' retrieved from /opt/airflow/dags/weather_pipeline_dag.py
[2026-09-21T09:43:52.485+0000] {logging_mixin.py:190} INFO - [2026-09-21T09:43:52.485+0000] {dag.py:3239} INFO - Sync 1 DAGs
[2026-09-21T09:43:52.536+0000] {processor.py:208} INFO - Processing /opt/airflow/dags/weather_pipeline_dag.py took 0.149 seconds
[2026-09-21T09:44:22.660+0000] {processor.py:186} INFO - Started process (PID=2225) to work on /opt/airflow/dags/weather_pipeline_dag.py
[2026-09-21T09:44:22.662+0000] {processor.py:914} INFO - Processing file /opt/airflow/dags/weather_pipeline_dag.py for tasks to queue
[2026-09-21T09:44:22.665+0000] {logging_mixin.py:190} INFO - [2026-09-21T09:44:22.664+0000] {dagbag.py:588} INFO - Filling up the DagBag from /opt/airflow/dags/weather_pipeline_dag.py
[2026-09-21T09:44:22.682+0000] {processor.py:925} INFO - DAG(s) 'weather_risk_pipeline' retrieved from /opt/airflow/dags/weather_pipeline_dag.py
[2026-09-21T09:44:22.723+0000] {logging_mixin.py:190} INFO - [2026-09-21T09:44:22.723+0000] {dag.py:3239} INFO - Sync 1 DAGs
[2026-09-21T09:44:22.756+0000] {processor.py:208} INFO - Processing /opt/airflow/dags/weather_pipeline_dag.py took 0.105 seconds
[2026-09-21T09:44:52.973+0000] {processor.py:186} INFO - Started process (PID=2230) to work on /opt/airflow/dags/weather_pipeline_dag.py
[2026-09-21T09:44:52.974+0000] {processor.py:914} INFO - Processing file /opt/airflow/dags/weather_pipeline_dag.py for tasks to queue
[2026-09-21T09:44:52.977+0000] {logging_mixin.py:190} INFO - [2026-09-21T09:44:52.977+0000] {dagbag.py:588} INFO - Filling up the DagBag from /opt/airflow/dags/weather_pipeline_dag.py
[2026-09-21T09:44:52.996+0000] {processor.py:925} INFO - DAG(s) 'weather_risk_pipeline' retrieved from /opt/airflow/dags/weather_pipeline_dag.py
[2026-09-21T09:44:53.036+0000] {logging_mixin.py:190} INFO - [2026-09-21T09:44:53.036+0000] {dag.py:3239} INFO - Sync 1 DAGs
[2026-09-21T09:44:53.069+0000] {processor.py:208} INFO - Processing /opt/airflow/dags/weather_pipeline_dag.py took 0.106 seconds
[2026-09-21T09:45:23.196+0000] {processor.py:186} INFO - Started process (PID=2235) to work on /opt/airflow/dags/weather_pipeline_dag.py
[2026-09-21T09:45:23.198+0000] {processor.py:914} INFO - Processing file /opt/airflow/dags/weather_pipeline_dag.py for tasks to queue
[2026-09-21T09:45:23.201+0000] {logging_mixin.py:190} INFO - [2026-09-21T09:45:23.200+0000] {dagbag.py:588} INFO - Filling up the DagBag from /opt/airflow/dags/weather_pipeline_dag.py
[2026-09-21T09:45:23.221+0000] {processor.py:925} INFO - DAG(s) 'weather_risk_pipeline' retrieved from /opt/airflow/dags/weather_pipeline_dag.py
[2026-09-21T09:45:23.272+0000] {logging_mixin.py:190} INFO - [2026-09-21T09:45:23.272+0000] {dag.py:3239} INFO - Sync 1 DAGs
[2026-09-21T09:45:23.343+0000] {processor.py:208} INFO - Processing /opt/airflow/dags/weather_pipeline_dag.py took 0.157 seconds
[2026-09-21T09:45:53.468+0000] {processor.py:186} INFO - Started process (PID=2240) to work on /opt/airflow/dags/weather_pipeline_dag.py
[2026-09-21T09:45:53.477+0000] {processor.py:914} INFO - Processing file /opt/airflow/dags/weather_pipeline_dag.py for tasks to queue
[2026-09-21T09:45:53.481+0000] {logging_mixin.py:190} INFO - [2026-09-21T09:45:53.480+0000] {dagbag.py:588} INFO - Filling up the DagBag from /opt/airflow/dags/weather_pipeline_dag.py
[2026-09-21T09:45:53.502+0000] {processor.py:925} INFO - DAG(s) 'weather_risk_pipeline' retrieved from /opt/airflow/dags/weather_pipeline_dag.py
[2026-09-21T09:45:53.554+0000] {logging_mixin.py:190} INFO - [2026-09-21T09:45:53.554+0000] {dag.py:3239} INFO - Sync 1 DAGs
[2026-09-21T09:45:53.600+0000] {processor.py:208} INFO - Processing /opt/airflow/dags/weather_pipeline_dag.py took 0.142 seconds
[2026-09-21T09:46:23.757+0000] {processor.py:186} INFO - Started process (PID=2245) to work on /opt/airflow/dags/weather_pipeline_dag.py
[2026-09-21T09:46:23.759+0000] {processor.py:914} INFO - Processing file /opt/airflow/dags/weather_pipeline_dag.py for tasks to queue
[2026-09-21T09:46:23.762+0000] {logging_mixin.py:190} INFO - [2026-09-21T09:46:23.761+0000] {dagbag.py:588} INFO - Filling up the DagBag from /opt/airflow/dags/weather_pipeline_dag.py
[2026-09-21T09:46:23.783+0000] {processor.py:925} INFO - DAG(s) 'weather_risk_pipeline' retrieved from /opt/airflow/dags/weather_pipeline_dag.py
[2026-09-21T09:46:23.822+0000] {logging_mixin.py:190} INFO - [2026-09-21T09:46:23.822+0000] {dag.py:3239} INFO - Sync 1 DAGs
[2026-09-21T09:46:23.857+0000] {processor.py:208} INFO - Processing /opt/airflow/dags/weather_pipeline_dag.py took 0.109 seconds
[2026-09-21T09:46:53.996+0000] {processor.py:186} INFO - Started process (PID=2250) to work on /opt/airflow/dags/weather_pipeline_dag.py
[2026-09-21T09:46:54.005+0000] {processor.py:914} INFO - Processing file /opt/airflow/dags/weather_pipeline_dag.py for tasks to queue
[2026-09-21T09:46:54.009+0000] {logging_mixin.py:190} INFO - [2026-09-21T09:46:54.008+0000] {dagbag.py:588} INFO - Filling up the DagBag from /opt/airflow/dags/weather_pipeline_dag.py
[2026-09-21T09:46:54.031+0000] {processor.py:925} INFO - DAG(s) 'weather_risk_pipeline' retrieved from /opt/airflow/dags/weather_pipeline_dag.py
[2026-09-21T09:46:54.079+0000] {logging_mixin.py:190} INFO - [2026-09-21T09:46:54.079+0000] {dag.py:3239} INFO - Sync 1 DAGs
[2026-09-21T09:46:54.125+0000] {processor.py:208} INFO - Processing /opt/airflow/dags/weather_pipeline_dag.py took 0.140 seconds
[2026-09-21T09:47:24.243+0000] {processor.py:186} INFO - Started process (PID=2255) to work on /opt/airflow/dags/weather_pipeline_dag.py
[2026-09-21T09:47:24.244+0000] {processor.py:914} INFO - Processing file /opt/airflow/dags/weather_pipeline_dag.py for tasks to queue
[2026-09-21T09:47:24.248+0000] {logging_mixin.py:190} INFO - [2026-09-21T09:47:24.248+0000] {dagbag.py:588} INFO - Filling up the DagBag from /opt/airflow/dags/weather_pipeline_dag.py
[2026-09-21T09:47:24.268+0000] {processor.py:925} INFO - DAG(s) 'weather_risk_pipeline' retrieved from /opt/airflow/dags/weather_pipeline_dag.py
[2026-09-21T09:47:24.314+0000] {logging_mixin.py:190} INFO - [2026-09-21T09:47:24.314+0000] {dag.py:3239} INFO - Sync 1 DAGs
[2026-09-21T09:47:24.359+0000] {processor.py:208} INFO - Processing /opt/airflow/dags/weather_pipeline_dag.py took 0.128 seconds
[2026-09-21T09:47:54.528+0000] {processor.py:186} INFO - Started process (PID=2260) to work on /opt/airflow/dags/weather_pipeline_dag.py
[2026-09-21T09:47:54.529+0000] {processor.py:914} INFO - Processing file /opt/airflow/dags/weather_pipeline_dag.py for tasks to queue
[2026-09-21T09:47:54.533+0000] {logging_mixin.py:190} INFO - [2026-09-21T09:47:54.532+0000] {dagbag.py:588} INFO - Filling up the DagBag from /opt/airflow/dags/weather_pipeline_dag.py
[2026-09-21T09:47:54.551+0000] {processor.py:925} INFO - DAG(s) 'weather_risk_pipeline' retrieved from /opt/airflow/dags/weather_pipeline_dag.py
[2026-09-21T09:47:54.604+0000] {logging_mixin.py:190} INFO - [2026-09-21T09:47:54.604+0000] {dag.py:3239} INFO - Sync 1 DAGs
[2026-09-21T09:47:54.660+0000] {processor.py:208} INFO - Processing /opt/airflow/dags/weather_pipeline_dag.py took 0.141 seconds
[2026-09-21T09:48:24.799+0000] {processor.py:186} INFO - Started process (PID=2265) to work on /opt/airflow/dags/weather_pipeline_dag.py
[2026-09-21T09:48:24.801+0000] {processor.py:914} INFO - Processing file /opt/airflow/dags/weather_pipeline_dag.py for tasks to queue
[2026-09-21T09:48:24.804+0000] {logging_mixin.py:190} INFO - [2026-09-21T09:48:24.803+0000] {dagbag.py:588} INFO - Filling up the DagBag from /opt/airflow/dags/weather_pipeline_dag.py
[2026-09-21T09:48:24.823+0000] {processor.py:925} INFO - DAG(s) 'weather_risk_pipeline' retrieved from /opt/airflow/dags/weather_pipeline_dag.py
[2026-09-21T09:48:24.872+0000] {logging_mixin.py:190} INFO - [2026-09-21T09:48:24.871+0000] {dag.py:3239} INFO - Sync 1 DAGs
[2026-09-21T09:48:24.906+0000] {processor.py:208} INFO - Processing /opt/airflow/dags/weather_pipeline_dag.py took 0.117 seconds
[2026-09-21T09:48:55.071+0000] {processor.py:186} INFO - Started process (PID=2270) to work on /opt/airflow/dags/weather_pipeline_dag.py
[2026-09-21T09:48:55.078+0000] {processor.py:914} INFO - Processing file /opt/airflow/dags/weather_pipeline_dag.py for tasks to queue
[2026-09-21T09:48:55.081+0000] {logging_mixin.py:190} INFO - [2026-09-21T09:48:55.080+0000] {dagbag.py:588} INFO - Filling up the DagBag from /opt/airflow/dags/weather_pipeline_dag.py
[2026-09-21T09:48:55.103+0000] {processor.py:925} INFO - DAG(s) 'weather_risk_pipeline' retrieved from /opt/airflow/dags/weather_pipeline_dag.py
[2026-09-21T09:48:55.154+0000] {logging_mixin.py:190} INFO - [2026-09-21T09:48:55.154+0000] {dag.py:3239} INFO - Sync 1 DAGs
[2026-09-21T09:48:55.221+0000] {processor.py:208} INFO - Processing /opt/airflow/dags/weather_pipeline_dag.py took 0.161 seconds
[2026-09-21T09:54:10.385+0000] {processor.py:186} INFO - Started process (PID=166) to work on /opt/airflow/dags/weather_pipeline_dag.py
[2026-09-21T09:54:10.385+0000] {processor.py:914} INFO - Processing file /opt/airflow/dags/weather_pipeline_dag.py for tasks to queue
[2026-09-21T09:54:10.387+0000] {logging_mixin.py:190} INFO - [2026-09-21T09:54:10.387+0000] {dagbag.py:588} INFO - Filling up the DagBag from /opt/airflow/dags/weather_pipeline_dag.py
[2026-09-21T09:54:10.396+0000] {processor.py:925} INFO - DAG(s) 'weather_risk_pipeline' retrieved from /opt/airflow/dags/weather_pipeline_dag.py
[2026-09-21T09:54:10.429+0000] {logging_mixin.py:190} INFO - [2026-09-21T09:54:10.428+0000] {dag.py:3239} INFO - Sync 1 DAGs
[2026-09-21T09:54:10.478+0000] {processor.py:208} INFO - Processing /opt/airflow/dags/weather_pipeline_dag.py took 0.101 seconds
[2026-09-21T09:54:40.584+0000] {processor.py:186} INFO - Started process (PID=188) to work on /opt/airflow/dags/weather_pipeline_dag.py
[2026-09-21T09:54:40.584+0000] {processor.py:914} INFO - Processing file /opt/airflow/dags/weather_pipeline_dag.py for tasks to queue
[2026-09-21T09:54:40.586+0000] {logging_mixin.py:190} INFO - [2026-09-21T09:54:40.586+0000] {dagbag.py:588} INFO - Filling up the DagBag from /opt/airflow/dags/weather_pipeline_dag.py
[2026-09-21T09:54:40.595+0000] {processor.py:925} INFO - DAG(s) 'weather_risk_pipeline' retrieved from /opt/airflow/dags/weather_pipeline_dag.py
[2026-09-21T09:54:40.614+0000] {logging_mixin.py:190} INFO - [2026-09-21T09:54:40.614+0000] {dag.py:3239} INFO - Sync 1 DAGs
[2026-09-21T09:54:40.638+0000] {processor.py:208} INFO - Processing /opt/airflow/dags/weather_pipeline_dag.py took 0.062 seconds
[2026-09-21T09:55:10.857+0000] {processor.py:186} INFO - Started process (PID=193) to work on /opt/airflow/dags/weather_pipeline_dag.py
[2026-09-21T09:55:10.866+0000] {processor.py:914} INFO - Processing file /opt/airflow/dags/weather_pipeline_dag.py for tasks to queue
[2026-09-21T09:55:10.868+0000] {logging_mixin.py:190} INFO - [2026-09-21T09:55:10.868+0000] {dagbag.py:588} INFO - Filling up the DagBag from /opt/airflow/dags/weather_pipeline_dag.py
[2026-09-21T09:55:10.879+0000] {processor.py:925} INFO - DAG(s) 'weather_risk_pipeline' retrieved from /opt/airflow/dags/weather_pipeline_dag.py
[2026-09-21T09:55:10.898+0000] {logging_mixin.py:190} INFO - [2026-09-21T09:55:10.898+0000] {dag.py:3239} INFO - Sync 1 DAGs
[2026-09-21T09:55:10.924+0000] {processor.py:208} INFO - Processing /opt/airflow/dags/weather_pipeline_dag.py took 0.071 seconds
[2026-09-21T09:55:41.058+0000] {processor.py:186} INFO - Started process (PID=198) to work on /opt/airflow/dags/weather_pipeline_dag.py
[2026-09-21T09:55:41.062+0000] {processor.py:914} INFO - Processing file /opt/airflow/dags/weather_pipeline_dag.py for tasks to queue
[2026-09-21T09:55:41.064+0000] {logging_mixin.py:190} INFO - [2026-09-21T09:55:41.064+0000] {dagbag.py:588} INFO - Filling up the DagBag from /opt/airflow/dags/weather_pipeline_dag.py
[2026-09-21T09:55:41.073+0000] {processor.py:925} INFO - DAG(s) 'weather_risk_pipeline' retrieved from /opt/airflow/dags/weather_pipeline_dag.py
[2026-09-21T09:55:41.096+0000] {logging_mixin.py:190} INFO - [2026-09-21T09:55:41.096+0000] {dag.py:3239} INFO - Sync 1 DAGs
[2026-09-21T09:55:41.121+0000] {processor.py:208} INFO - Processing /opt/airflow/dags/weather_pipeline_dag.py took 0.067 seconds
[2026-09-21T09:56:11.313+0000] {processor.py:186} INFO - Started process (PID=203) to work on /opt/airflow/dags/weather_pipeline_dag.py
[2026-09-21T09:56:11.322+0000] {processor.py:914} INFO - Processing file /opt/airflow/dags/weather_pipeline_dag.py for tasks to queue
[2026-09-21T09:56:11.324+0000] {logging_mixin.py:190} INFO - [2026-09-21T09:56:11.323+0000] {dagbag.py:588} INFO - Filling up the DagBag from /opt/airflow/dags/weather_pipeline_dag.py
[2026-09-21T09:56:11.332+0000] {processor.py:925} INFO - DAG(s) 'weather_risk_pipeline' retrieved from /opt/airflow/dags/weather_pipeline_dag.py
[2026-09-21T09:56:11.350+0000] {logging_mixin.py:190} INFO - [2026-09-21T09:56:11.350+0000] {dag.py:3239} INFO - Sync 1 DAGs
[2026-09-21T09:56:11.375+0000] {processor.py:208} INFO - Processing /opt/airflow/dags/weather_pipeline_dag.py took 0.065 seconds
[2026-09-21T09:56:41.524+0000] {processor.py:186} INFO - Started process (PID=208) to work on /opt/airflow/dags/weather_pipeline_dag.py
[2026-09-21T09:56:41.527+0000] {processor.py:914} INFO - Processing file /opt/airflow/dags/weather_pipeline_dag.py for tasks to queue
[2026-09-21T09:56:41.529+0000] {logging_mixin.py:190} INFO - [2026-09-21T09:56:41.529+0000] {dagbag.py:588} INFO - Filling up the DagBag from /opt/airflow/dags/weather_pipeline_dag.py
[2026-09-21T09:56:41.538+0000] {processor.py:925} INFO - DAG(s) 'weather_risk_pipeline' retrieved from /opt/airflow/dags/weather_pipeline_dag.py
[2026-09-21T09:56:41.556+0000] {logging_mixin.py:190} INFO - [2026-09-21T09:56:41.556+0000] {dag.py:3239} INFO - Sync 1 DAGs
[2026-09-21T09:56:41.581+0000] {processor.py:208} INFO - Processing /opt/airflow/dags/weather_pipeline_dag.py took 0.063 seconds
[2026-09-21T09:57:11.767+0000] {processor.py:186} INFO - Started process (PID=213) to work on /opt/airflow/dags/weather_pipeline_dag.py
[2026-09-21T09:57:11.776+0000] {processor.py:914} INFO - Processing file /opt/airflow/dags/weather_pipeline_dag.py for tasks to queue
[2026-09-21T09:57:11.779+0000] {logging_mixin.py:190} INFO - [2026-09-21T09:57:11.778+0000] {dagbag.py:588} INFO - Filling up the DagBag from /opt/airflow/dags/weather_pipeline_dag.py
[2026-09-21T09:57:11.788+0000] {processor.py:925} INFO - DAG(s) 'weather_risk_pipeline' retrieved from /opt/airflow/dags/weather_pipeline_dag.py
[2026-09-21T09:57:11.806+0000] {logging_mixin.py:190} INFO - [2026-09-21T09:57:11.806+0000] {dag.py:3239} INFO - Sync 1 DAGs
[2026-09-21T09:57:11.829+0000] {processor.py:208} INFO - Processing /opt/airflow/dags/weather_pipeline_dag.py took 0.066 seconds
[2026-09-21T09:57:41.960+0000] {processor.py:186} INFO - Started process (PID=218) to work on /opt/airflow/dags/weather_pipeline_dag.py
[2026-09-21T09:57:41.961+0000] {processor.py:914} INFO - Processing file /opt/airflow/dags/weather_pipeline_dag.py for tasks to queue
[2026-09-21T09:57:41.963+0000] {logging_mixin.py:190} INFO - [2026-09-21T09:57:41.962+0000] {dagbag.py:588} INFO - Filling up the DagBag from /opt/airflow/dags/weather_pipeline_dag.py
[2026-09-21T09:57:41.970+0000] {processor.py:925} INFO - DAG(s) 'weather_risk_pipeline' retrieved from /opt/airflow/dags/weather_pipeline_dag.py
[2026-09-21T09:57:41.988+0000] {logging_mixin.py:190} INFO - [2026-09-21T09:57:41.988+0000] {dag.py:3239} INFO - Sync 1 DAGs
[2026-09-21T09:57:42.013+0000] {processor.py:208} INFO - Processing /opt/airflow/dags/weather_pipeline_dag.py took 0.059 seconds
[2026-09-21T09:58:12.203+0000] {processor.py:186} INFO - Started process (PID=223) to work on /opt/airflow/dags/weather_pipeline_dag.py
[2026-09-21T09:58:12.212+0000] {processor.py:914} INFO - Processing file /opt/airflow/dags/weather_pipeline_dag.py for tasks to queue
[2026-09-21T09:58:12.214+0000] {logging_mixin.py:190} INFO - [2026-09-21T09:58:12.214+0000] {dagbag.py:588} INFO - Filling up the DagBag from /opt/airflow/dags/weather_pipeline_dag.py
[2026-09-21T09:58:12.225+0000] {processor.py:925} INFO - DAG(s) 'weather_risk_pipeline' retrieved from /opt/airflow/dags/weather_pipeline_dag.py
[2026-09-21T09:58:12.245+0000] {logging_mixin.py:190} INFO - [2026-09-21T09:58:12.245+0000] {dag.py:3239} INFO - Sync 1 DAGs
[2026-09-21T09:58:12.267+0000] {processor.py:208} INFO - Processing /opt/airflow/dags/weather_pipeline_dag.py took 0.068 seconds
[2026-09-21T09:58:42.417+0000] {processor.py:186} INFO - Started process (PID=228) to work on /opt/airflow/dags/weather_pipeline_dag.py
[2026-09-21T09:58:42.418+0000] {processor.py:914} INFO - Processing file /opt/airflow/dags/weather_pipeline_dag.py for tasks to queue
[2026-09-21T09:58:42.420+0000] {logging_mixin.py:190} INFO - [2026-09-21T09:58:42.419+0000] {dagbag.py:588} INFO - Filling up the DagBag from /opt/airflow/dags/weather_pipeline_dag.py
[2026-09-21T09:58:42.427+0000] {processor.py:925} INFO - DAG(s) 'weather_risk_pipeline' retrieved from /opt/airflow/dags/weather_pipeline_dag.py
[2026-09-21T09:58:42.446+0000] {logging_mixin.py:190} INFO - [2026-09-21T09:58:42.446+0000] {dag.py:3239} INFO - Sync 1 DAGs
[2026-09-21T09:58:42.471+0000] {processor.py:208} INFO - Processing /opt/airflow/dags/weather_pipeline_dag.py took 0.063 seconds
[2026-09-21T09:59:12.675+0000] {processor.py:186} INFO - Started process (PID=233) to work on /opt/airflow/dags/weather_pipeline_dag.py
[2026-09-21T09:59:12.678+0000] {processor.py:914} INFO - Processing file /opt/airflow/dags/weather_pipeline_dag.py for tasks to queue
[2026-09-21T09:59:12.680+0000] {logging_mixin.py:190} INFO - [2026-09-21T09:59:12.679+0000] {dagbag.py:588} INFO - Filling up the DagBag from /opt/airflow/dags/weather_pipeline_dag.py
[2026-09-21T09:59:12.688+0000] {processor.py:925} INFO - DAG(s) 'weather_risk_pipeline' retrieved from /opt/airflow/dags/weather_pipeline_dag.py
[2026-09-21T09:59:12.707+0000] {logging_mixin.py:190} INFO - [2026-09-21T09:59:12.706+0000] {dag.py:3239} INFO - Sync 1 DAGs
[2026-09-21T09:59:12.732+0000] {processor.py:208} INFO - Processing /opt/airflow/dags/weather_pipeline_dag.py took 0.061 seconds
[2026-09-21T09:59:42.863+0000] {processor.py:186} INFO - Started process (PID=238) to work on /opt/airflow/dags/weather_pipeline_dag.py
[2026-09-21T09:59:42.872+0000] {processor.py:914} INFO - Processing file /opt/airflow/dags/weather_pipeline_dag.py for tasks to queue
[2026-09-21T09:59:42.873+0000] {logging_mixin.py:190} INFO - [2026-09-21T09:59:42.873+0000] {dagbag.py:588} INFO - Filling up the DagBag from /opt/airflow/dags/weather_pipeline_dag.py
[2026-09-21T09:59:42.881+0000] {processor.py:925} INFO - DAG(s) 'weather_risk_pipeline' retrieved from /opt/airflow/dags/weather_pipeline_dag.py
[2026-09-21T09:59:42.900+0000] {logging_mixin.py:190} INFO - [2026-09-21T09:59:42.899+0000] {dag.py:3239} INFO - Sync 1 DAGs
[2026-09-21T09:59:42.924+0000] {processor.py:208} INFO - Processing /opt/airflow/dags/weather_pipeline_dag.py took 0.065 seconds
[2026-09-21T10:00:13.119+0000] {processor.py:186} INFO - Started process (PID=243) to work on /opt/airflow/dags/weather_pipeline_dag.py
[2026-09-21T10:00:13.122+0000] {processor.py:914} INFO - Processing file /opt/airflow/dags/weather_pipeline_dag.py for tasks to queue
[2026-09-21T10:00:13.124+0000] {logging_mixin.py:190} INFO - [2026-09-21T10:00:13.123+0000] {dagbag.py:588} INFO - Filling up the DagBag from /opt/airflow/dags/weather_pipeline_dag.py
[2026-09-21T10:00:13.131+0000] {processor.py:925} INFO - DAG(s) 'weather_risk_pipeline' retrieved from /opt/airflow/dags/weather_pipeline_dag.py
[2026-09-21T10:00:13.150+0000] {logging_mixin.py:190} INFO - [2026-09-21T10:00:13.149+0000] {dag.py:3239} INFO - Sync 1 DAGs
[2026-09-21T10:00:13.173+0000] {processor.py:208} INFO - Processing /opt/airflow/dags/weather_pipeline_dag.py took 0.058 seconds
[2026-09-21T10:00:43.323+0000] {processor.py:186} INFO - Started process (PID=248) to work on /opt/airflow/dags/weather_pipeline_dag.py
[2026-09-21T10:00:43.333+0000] {processor.py:914} INFO - Processing file /opt/airflow/dags/weather_pipeline_dag.py for tasks to queue
[2026-09-21T10:00:43.336+0000] {logging_mixin.py:190} INFO - [2026-09-21T10:00:43.336+0000] {dagbag.py:588} INFO - Filling up the DagBag from /opt/airflow/dags/weather_pipeline_dag.py
[2026-09-21T10:00:43.347+0000] {processor.py:925} INFO - DAG(s) 'weather_risk_pipeline' retrieved from /opt/airflow/dags/weather_pipeline_dag.py
[2026-09-21T10:00:43.367+0000] {logging_mixin.py:190} INFO - [2026-09-21T10:00:43.367+0000] {dag.py:3239} INFO - Sync 1 DAGs
[2026-09-21T10:00:43.390+0000] {processor.py:208} INFO - Processing /opt/airflow/dags/weather_pipeline_dag.py took 0.073 seconds
[2026-09-21T10:01:13.569+0000] {processor.py:186} INFO - Started process (PID=253) to work on /opt/airflow/dags/weather_pipeline_dag.py
[2026-09-21T10:01:13.572+0000] {processor.py:914} INFO - Processing file /opt/airflow/dags/weather_pipeline_dag.py for tasks to queue
[2026-09-21T10:01:13.573+0000] {logging_mixin.py:190} INFO - [2026-09-21T10:01:13.573+0000] {dagbag.py:588} INFO - Filling up the DagBag from /opt/airflow/dags/weather_pipeline_dag.py
[2026-09-21T10:01:13.583+0000] {processor.py:925} INFO - DAG(s) 'weather_risk_pipeline' retrieved from /opt/airflow/dags/weather_pipeline_dag.py
[2026-09-21T10:01:13.603+0000] {logging_mixin.py:190} INFO - [2026-09-21T10:01:13.603+0000] {dag.py:3239} INFO - Sync 1 DAGs
[2026-09-21T10:01:13.627+0000] {processor.py:208} INFO - Processing /opt/airflow/dags/weather_pipeline_dag.py took 0.062 seconds
[2026-09-21T10:01:43.799+0000] {processor.py:186} INFO - Started process (PID=258) to work on /opt/airflow/dags/weather_pipeline_dag.py
[2026-09-21T10:01:43.808+0000] {processor.py:914} INFO - Processing file /opt/airflow/dags/weather_pipeline_dag.py for tasks to queue
[2026-09-21T10:01:43.809+0000] {logging_mixin.py:190} INFO - [2026-09-21T10:01:43.809+0000] {dagbag.py:588} INFO - Filling up the DagBag from /opt/airflow/dags/weather_pipeline_dag.py
[2026-09-21T10:01:43.817+0000] {processor.py:925} INFO - DAG(s) 'weather_risk_pipeline' retrieved from /opt/airflow/dags/weather_pipeline_dag.py
[2026-09-21T10:01:43.838+0000] {logging_mixin.py:190} INFO - [2026-09-21T10:01:43.838+0000] {dag.py:3239} INFO - Sync 1 DAGs
[2026-09-21T10:01:43.861+0000] {processor.py:208} INFO - Processing /opt/airflow/dags/weather_pipeline_dag.py took 0.068 seconds
[2026-09-21T10:02:14.014+0000] {processor.py:186} INFO - Started process (PID=263) to work on /opt/airflow/dags/weather_pipeline_dag.py
[2026-09-21T10:02:14.015+0000] {processor.py:914} INFO - Processing file /opt/airflow/dags/weather_pipeline_dag.py for tasks to queue
[2026-09-21T10:02:14.017+0000] {logging_mixin.py:190} INFO - [2026-09-21T10:02:14.017+0000] {dagbag.py:588} INFO - Filling up the DagBag from /opt/airflow/dags/weather_pipeline_dag.py
[2026-09-21T10:02:14.025+0000] {processor.py:925} INFO - DAG(s) 'weather_risk_pipeline' retrieved from /opt/airflow/dags/weather_pipeline_dag.py
[2026-09-21T10:02:14.043+0000] {logging_mixin.py:190} INFO - [2026-09-21T10:02:14.043+0000] {dag.py:3239} INFO - Sync 1 DAGs
[2026-09-21T10:02:14.068+0000] {processor.py:208} INFO - Processing /opt/airflow/dags/weather_pipeline_dag.py took 0.063 seconds
[2026-09-21T10:02:44.217+0000] {processor.py:186} INFO - Started process (PID=268) to work on /opt/airflow/dags/weather_pipeline_dag.py
[2026-09-21T10:02:44.225+0000] {processor.py:914} INFO - Processing file /opt/airflow/dags/weather_pipeline_dag.py for tasks to queue
[2026-09-21T10:02:44.227+0000] {logging_mixin.py:190} INFO - [2026-09-21T10:02:44.227+0000] {dagbag.py:588} INFO - Filling up the DagBag from /opt/airflow/dags/weather_pipeline_dag.py
[2026-09-21T10:02:44.236+0000] {processor.py:925} INFO - DAG(s) 'weather_risk_pipeline' retrieved from /opt/airflow/dags/weather_pipeline_dag.py
[2026-09-21T10:02:44.256+0000] {logging_mixin.py:190} INFO - [2026-09-21T10:02:44.256+0000] {dag.py:3239} INFO - Sync 1 DAGs
[2026-09-21T10:02:44.283+0000] {processor.py:208} INFO - Processing /opt/airflow/dags/weather_pipeline_dag.py took 0.071 seconds
[2026-09-21T10:03:14.434+0000] {processor.py:186} INFO - Started process (PID=273) to work on /opt/airflow/dags/weather_pipeline_dag.py
[2026-09-21T10:03:14.435+0000] {processor.py:914} INFO - Processing file /opt/airflow/dags/weather_pipeline_dag.py for tasks to queue
[2026-09-21T10:03:14.438+0000] {logging_mixin.py:190} INFO - [2026-09-21T10:03:14.437+0000] {dagbag.py:588} INFO - Filling up the DagBag from /opt/airflow/dags/weather_pipeline_dag.py
[2026-09-21T10:03:14.446+0000] {processor.py:925} INFO - DAG(s) 'weather_risk_pipeline' retrieved from /opt/airflow/dags/weather_pipeline_dag.py
[2026-09-21T10:03:14.464+0000] {logging_mixin.py:190} INFO - [2026-09-21T10:03:14.464+0000] {dag.py:3239} INFO - Sync 1 DAGs
[2026-09-21T10:03:14.487+0000] {processor.py:208} INFO - Processing /opt/airflow/dags/weather_pipeline_dag.py took 0.061 seconds
[2026-09-21T10:03:44.674+0000] {processor.py:186} INFO - Started process (PID=278) to work on /opt/airflow/dags/weather_pipeline_dag.py
[2026-09-21T10:03:44.683+0000] {processor.py:914} INFO - Processing file /opt/airflow/dags/weather_pipeline_dag.py for tasks to queue
[2026-09-21T10:03:44.686+0000] {logging_mixin.py:190} INFO - [2026-09-21T10:03:44.686+0000] {dagbag.py:588} INFO - Filling up the DagBag from /opt/airflow/dags/weather_pipeline_dag.py
[2026-09-21T10:03:44.697+0000] {processor.py:925} INFO - DAG(s) 'weather_risk_pipeline' retrieved from /opt/airflow/dags/weather_pipeline_dag.py
[2026-09-21T10:03:44.717+0000] {logging_mixin.py:190} INFO - [2026-09-21T10:03:44.716+0000] {dag.py:3239} INFO - Sync 1 DAGs
[2026-09-21T10:03:44.742+0000] {processor.py:208} INFO - Processing /opt/airflow/dags/weather_pipeline_dag.py took 0.076 seconds
[2026-09-21T10:04:14.914+0000] {processor.py:186} INFO - Started process (PID=283) to work on /opt/airflow/dags/weather_pipeline_dag.py
[2026-09-21T10:04:14.915+0000] {processor.py:914} INFO - Processing file /opt/airflow/dags/weather_pipeline_dag.py for tasks to queue
[2026-09-21T10:04:14.917+0000] {logging_mixin.py:190} INFO - [2026-09-21T10:04:14.917+0000] {dagbag.py:588} INFO - Filling up the DagBag from /opt/airflow/dags/weather_pipeline_dag.py
[2026-09-21T10:04:14.924+0000] {processor.py:925} INFO - DAG(s) 'weather_risk_pipeline' retrieved from /opt/airflow/dags/weather_pipeline_dag.py
[2026-09-21T10:04:14.942+0000] {logging_mixin.py:190} INFO - [2026-09-21T10:04:14.942+0000] {dag.py:3239} INFO - Sync 1 DAGs
[2026-09-21T10:04:14.966+0000] {processor.py:208} INFO - Processing /opt/airflow/dags/weather_pipeline_dag.py took 0.058 seconds
[2026-09-21T10:04:45.126+0000] {processor.py:186} INFO - Started process (PID=288) to work on /opt/airflow/dags/weather_pipeline_dag.py
[2026-09-21T10:04:45.135+0000] {processor.py:914} INFO - Processing file /opt/airflow/dags/weather_pipeline_dag.py for tasks to queue
[2026-09-21T10:04:45.138+0000] {logging_mixin.py:190} INFO - [2026-09-21T10:04:45.138+0000] {dagbag.py:588} INFO - Filling up the DagBag from /opt/airflow/dags/weather_pipeline_dag.py
[2026-09-21T10:04:45.149+0000] {processor.py:925} INFO - DAG(s) 'weather_risk_pipeline' retrieved from /opt/airflow/dags/weather_pipeline_dag.py
[2026-09-21T10:04:45.172+0000] {logging_mixin.py:190} INFO - [2026-09-21T10:04:45.172+0000] {dag.py:3239} INFO - Sync 1 DAGs
[2026-09-21T10:04:45.198+0000] {processor.py:208} INFO - Processing /opt/airflow/dags/weather_pipeline_dag.py took 0.078 seconds
[2026-09-21T10:05:15.319+0000] {processor.py:186} INFO - Started process (PID=293) to work on /opt/airflow/dags/weather_pipeline_dag.py
[2026-09-21T10:05:15.322+0000] {processor.py:914} INFO - Processing file /opt/airflow/dags/weather_pipeline_dag.py for tasks to queue
[2026-09-21T10:05:15.324+0000] {logging_mixin.py:190} INFO - [2026-09-21T10:05:15.324+0000] {dagbag.py:588} INFO - Filling up the DagBag from /opt/airflow/dags/weather_pipeline_dag.py
[2026-09-21T10:05:15.333+0000] {processor.py:925} INFO - DAG(s) 'weather_risk_pipeline' retrieved from /opt/airflow/dags/weather_pipeline_dag.py
[2026-09-21T10:05:15.354+0000] {logging_mixin.py:190} INFO - [2026-09-21T10:05:15.354+0000] {dag.py:3239} INFO - Sync 1 DAGs
[2026-09-21T10:05:15.380+0000] {processor.py:208} INFO - Processing /opt/airflow/dags/weather_pipeline_dag.py took 0.067 seconds
[2026-09-21T10:05:45.575+0000] {processor.py:186} INFO - Started process (PID=298) to work on /opt/airflow/dags/weather_pipeline_dag.py
[2026-09-21T10:05:45.576+0000] {processor.py:914} INFO - Processing file /opt/airflow/dags/weather_pipeline_dag.py for tasks to queue
[2026-09-21T10:05:45.577+0000] {logging_mixin.py:190} INFO - [2026-09-21T10:05:45.577+0000] {dagbag.py:588} INFO - Filling up the DagBag from /opt/airflow/dags/weather_pipeline_dag.py
[2026-09-21T10:05:45.585+0000] {processor.py:925} INFO - DAG(s) 'weather_risk_pipeline' retrieved from /opt/airflow/dags/weather_pipeline_dag.py
[2026-09-21T10:05:45.605+0000] {logging_mixin.py:190} INFO - [2026-09-21T10:05:45.605+0000] {dag.py:3239} INFO - Sync 1 DAGs
[2026-09-21T10:05:45.631+0000] {processor.py:208} INFO - Processing /opt/airflow/dags/weather_pipeline_dag.py took 0.061 seconds
[2026-09-21T10:06:15.767+0000] {processor.py:186} INFO - Started process (PID=303) to work on /opt/airflow/dags/weather_pipeline_dag.py
[2026-09-21T10:06:15.771+0000] {processor.py:914} INFO - Processing file /opt/airflow/dags/weather_pipeline_dag.py for tasks to queue
[2026-09-21T10:06:15.772+0000] {logging_mixin.py:190} INFO - [2026-09-21T10:06:15.772+0000] {dagbag.py:588} INFO - Filling up the DagBag from /opt/airflow/dags/weather_pipeline_dag.py
[2026-09-21T10:06:15.780+0000] {processor.py:925} INFO - DAG(s) 'weather_risk_pipeline' retrieved from /opt/airflow/dags/weather_pipeline_dag.py
[2026-09-21T10:06:15.803+0000] {logging_mixin.py:190} INFO - [2026-09-21T10:06:15.803+0000] {dag.py:3239} INFO - Sync 1 DAGs
[2026-09-21T10:06:15.837+0000] {processor.py:208} INFO - Processing /opt/airflow/dags/weather_pipeline_dag.py took 0.073 seconds
[2026-09-21T10:06:46.008+0000] {processor.py:186} INFO - Started process (PID=308) to work on /opt/airflow/dags/weather_pipeline_dag.py
[2026-09-21T10:06:46.009+0000] {processor.py:914} INFO - Processing file /opt/airflow/dags/weather_pipeline_dag.py for tasks to queue
[2026-09-21T10:06:46.011+0000] {logging_mixin.py:190} INFO - [2026-09-21T10:06:46.011+0000] {dagbag.py:588} INFO - Filling up the DagBag from /opt/airflow/dags/weather_pipeline_dag.py
[2026-09-21T10:06:46.018+0000] {processor.py:925} INFO - DAG(s) 'weather_risk_pipeline' retrieved from /opt/airflow/dags/weather_pipeline_dag.py
[2026-09-21T10:06:46.037+0000] {logging_mixin.py:190} INFO - [2026-09-21T10:06:46.037+0000] {dag.py:3239} INFO - Sync 1 DAGs
[2026-09-21T10:06:46.063+0000] {processor.py:208} INFO - Processing /opt/airflow/dags/weather_pipeline_dag.py took 0.059 seconds
[2026-09-21T10:07:16.213+0000] {processor.py:186} INFO - Started process (PID=313) to work on /opt/airflow/dags/weather_pipeline_dag.py
[2026-09-21T10:07:16.216+0000] {processor.py:914} INFO - Processing file /opt/airflow/dags/weather_pipeline_dag.py for tasks to queue
[2026-09-21T10:07:16.217+0000] {logging_mixin.py:190} INFO - [2026-09-21T10:07:16.217+0000] {dagbag.py:588} INFO - Filling up the DagBag from /opt/airflow/dags/weather_pipeline_dag.py
[2026-09-21T10:07:16.225+0000] {processor.py:925} INFO - DAG(s) 'weather_risk_pipeline' retrieved from /opt/airflow/dags/weather_pipeline_dag.py
[2026-09-21T10:07:16.243+0000] {logging_mixin.py:190} INFO - [2026-09-21T10:07:16.243+0000] {dag.py:3239} INFO - Sync 1 DAGs
[2026-09-21T10:07:16.270+0000] {processor.py:208} INFO - Processing /opt/airflow/dags/weather_pipeline_dag.py took 0.062 seconds
[2026-09-21T10:07:46.438+0000] {processor.py:186} INFO - Started process (PID=318) to work on /opt/airflow/dags/weather_pipeline_dag.py
[2026-09-21T10:07:46.447+0000] {processor.py:914} INFO - Processing file /opt/airflow/dags/weather_pipeline_dag.py for tasks to queue
[2026-09-21T10:07:46.450+0000] {logging_mixin.py:190} INFO - [2026-09-21T10:07:46.450+0000] {dagbag.py:588} INFO - Filling up the DagBag from /opt/airflow/dags/weather_pipeline_dag.py
[2026-09-21T10:07:46.460+0000] {processor.py:925} INFO - DAG(s) 'weather_risk_pipeline' retrieved from /opt/airflow/dags/weather_pipeline_dag.py
[2026-09-21T10:07:46.480+0000] {logging_mixin.py:190} INFO - [2026-09-21T10:07:46.479+0000] {dag.py:3239} INFO - Sync 1 DAGs
[2026-09-21T10:07:46.504+0000] {processor.py:208} INFO - Processing /opt/airflow/dags/weather_pipeline_dag.py took 0.073 seconds
[2026-09-21T10:08:16.663+0000] {processor.py:186} INFO - Started process (PID=323) to work on /opt/airflow/dags/weather_pipeline_dag.py
[2026-09-21T10:08:16.665+0000] {processor.py:914} INFO - Processing file /opt/airflow/dags/weather_pipeline_dag.py for tasks to queue
[2026-09-21T10:08:16.667+0000] {logging_mixin.py:190} INFO - [2026-09-21T10:08:16.666+0000] {dagbag.py:588} INFO - Filling up the DagBag from /opt/airflow/dags/weather_pipeline_dag.py
[2026-09-21T10:08:16.674+0000] {processor.py:925} INFO - DAG(s) 'weather_risk_pipeline' retrieved from /opt/airflow/dags/weather_pipeline_dag.py
[2026-09-21T10:08:16.694+0000] {logging_mixin.py:190} INFO - [2026-09-21T10:08:16.694+0000] {dag.py:3239} INFO - Sync 1 DAGs
[2026-09-21T10:08:16.719+0000] {processor.py:208} INFO - Processing /opt/airflow/dags/weather_pipeline_dag.py took 0.062 seconds
[2026-09-21T10:08:46.872+0000] {processor.py:186} INFO - Started process (PID=328) to work on /opt/airflow/dags/weather_pipeline_dag.py
[2026-09-21T10:08:46.872+0000] {processor.py:914} INFO - Processing file /opt/airflow/dags/weather_pipeline_dag.py for tasks to queue
[2026-09-21T10:08:46.873+0000] {logging_mixin.py:190} INFO - [2026-09-21T10:08:46.873+0000] {dagbag.py:588} INFO - Filling up the DagBag from /opt/airflow/dags/weather_pipeline_dag.py
[2026-09-21T10:08:46.880+0000] {processor.py:925} INFO - DAG(s) 'weather_risk_pipeline' retrieved from /opt/airflow/dags/weather_pipeline_dag.py
[2026-09-21T10:08:46.899+0000] {logging_mixin.py:190} INFO - [2026-09-21T10:08:46.899+0000] {dag.py:3239} INFO - Sync 1 DAGs
[2026-09-21T10:08:46.925+0000] {processor.py:208} INFO - Processing /opt/airflow/dags/weather_pipeline_dag.py took 0.057 seconds
[2026-09-21T10:09:17.098+0000] {processor.py:186} INFO - Started process (PID=333) to work on /opt/airflow/dags/weather_pipeline_dag.py
[2026-09-21T10:09:17.102+0000] {processor.py:914} INFO - Processing file /opt/airflow/dags/weather_pipeline_dag.py for tasks to queue
[2026-09-21T10:09:17.103+0000] {logging_mixin.py:190} INFO - [2026-09-21T10:09:17.103+0000] {dagbag.py:588} INFO - Filling up the DagBag from /opt/airflow/dags/weather_pipeline_dag.py
[2026-09-21T10:09:17.111+0000] {processor.py:925} INFO - DAG(s) 'weather_risk_pipeline' retrieved from /opt/airflow/dags/weather_pipeline_dag.py
[2026-09-21T10:09:17.130+0000] {logging_mixin.py:190} INFO - [2026-09-21T10:09:17.130+0000] {dag.py:3239} INFO - Sync 1 DAGs
[2026-09-21T10:09:17.157+0000] {processor.py:208} INFO - Processing /opt/airflow/dags/weather_pipeline_dag.py took 0.062 seconds
[2026-09-21T10:09:47.307+0000] {processor.py:186} INFO - Started process (PID=338) to work on /opt/airflow/dags/weather_pipeline_dag.py
[2026-09-21T10:09:47.316+0000] {processor.py:914} INFO - Processing file /opt/airflow/dags/weather_pipeline_dag.py for tasks to queue
[2026-09-21T10:09:47.320+0000] {logging_mixin.py:190} INFO - [2026-09-21T10:09:47.319+0000] {dagbag.py:588} INFO - Filling up the DagBag from /opt/airflow/dags/weather_pipeline_dag.py
[2026-09-21T10:09:47.331+0000] {processor.py:925} INFO - DAG(s) 'weather_risk_pipeline' retrieved from /opt/airflow/dags/weather_pipeline_dag.py
[2026-09-21T10:09:47.350+0000] {logging_mixin.py:190} INFO - [2026-09-21T10:09:47.350+0000] {dag.py:3239} INFO - Sync 1 DAGs
[2026-09-21T10:09:47.376+0000] {processor.py:208} INFO - Processing /opt/airflow/dags/weather_pipeline_dag.py took 0.077 seconds
[2026-09-21T10:10:17.558+0000] {processor.py:186} INFO - Started process (PID=343) to work on /opt/airflow/dags/weather_pipeline_dag.py
[2026-09-21T10:10:17.561+0000] {processor.py:914} INFO - Processing file /opt/airflow/dags/weather_pipeline_dag.py for tasks to queue
[2026-09-21T10:10:17.564+0000] {logging_mixin.py:190} INFO - [2026-09-21T10:10:17.563+0000] {dagbag.py:588} INFO - Filling up the DagBag from /opt/airflow/dags/weather_pipeline_dag.py
[2026-09-21T10:10:17.574+0000] {processor.py:925} INFO - DAG(s) 'weather_risk_pipeline' retrieved from /opt/airflow/dags/weather_pipeline_dag.py
[2026-09-21T10:10:17.592+0000] {logging_mixin.py:190} INFO - [2026-09-21T10:10:17.592+0000] {dag.py:3239} INFO - Sync 1 DAGs
[2026-09-21T10:10:17.616+0000] {processor.py:208} INFO - Processing /opt/airflow/dags/weather_pipeline_dag.py took 0.063 seconds
[2026-09-21T10:10:47.784+0000] {processor.py:186} INFO - Started process (PID=348) to work on /opt/airflow/dags/weather_pipeline_dag.py
[2026-09-21T10:10:47.793+0000] {processor.py:914} INFO - Processing file /opt/airflow/dags/weather_pipeline_dag.py for tasks to queue
[2026-09-21T10:10:47.795+0000] {logging_mixin.py:190} INFO - [2026-09-21T10:10:47.795+0000] {dagbag.py:588} INFO - Filling up the DagBag from /opt/airflow/dags/weather_pipeline_dag.py
[2026-09-21T10:10:47.805+0000] {processor.py:925} INFO - DAG(s) 'weather_risk_pipeline' retrieved from /opt/airflow/dags/weather_pipeline_dag.py
[2026-09-21T10:10:47.825+0000] {logging_mixin.py:190} INFO - [2026-09-21T10:10:47.825+0000] {dag.py:3239} INFO - Sync 1 DAGs
[2026-09-21T10:10:47.850+0000] {processor.py:208} INFO - Processing /opt/airflow/dags/weather_pipeline_dag.py took 0.073 seconds
[2026-09-21T10:11:17.996+0000] {processor.py:186} INFO - Started process (PID=353) to work on /opt/airflow/dags/weather_pipeline_dag.py
[2026-09-21T10:11:18.000+0000] {processor.py:914} INFO - Processing file /opt/airflow/dags/weather_pipeline_dag.py for tasks to queue
[2026-09-21T10:11:18.001+0000] {logging_mixin.py:190} INFO - [2026-09-21T10:11:18.001+0000] {dagbag.py:588} INFO - Filling up the DagBag from /opt/airflow/dags/weather_pipeline_dag.py
[2026-09-21T10:11:18.009+0000] {processor.py:925} INFO - DAG(s) 'weather_risk_pipeline' retrieved from /opt/airflow/dags/weather_pipeline_dag.py
[2026-09-21T10:11:18.035+0000] {logging_mixin.py:190} INFO - [2026-09-21T10:11:18.035+0000] {dag.py:3239} INFO - Sync 1 DAGs
[2026-09-21T10:11:18.074+0000] {processor.py:208} INFO - Processing /opt/airflow/dags/weather_pipeline_dag.py took 0.082 seconds
[2026-09-21T10:11:48.234+0000] {processor.py:186} INFO - Started process (PID=358) to work on /opt/airflow/dags/weather_pipeline_dag.py
[2026-09-21T10:11:48.243+0000] {processor.py:914} INFO - Processing file /opt/airflow/dags/weather_pipeline_dag.py for tasks to queue
[2026-09-21T10:11:48.246+0000] {logging_mixin.py:190} INFO - [2026-09-21T10:11:48.245+0000] {dagbag.py:588} INFO - Filling up the DagBag from /opt/airflow/dags/weather_pipeline_dag.py
[2026-09-21T10:11:48.257+0000] {processor.py:925} INFO - DAG(s) 'weather_risk_pipeline' retrieved from /opt/airflow/dags/weather_pipeline_dag.py
[2026-09-21T10:11:48.276+0000] {logging_mixin.py:190} INFO - [2026-09-21T10:11:48.275+0000] {dag.py:3239} INFO - Sync 1 DAGs
[2026-09-21T10:11:48.300+0000] {processor.py:208} INFO - Processing /opt/airflow/dags/weather_pipeline_dag.py took 0.071 seconds
[2026-09-21T10:12:18.458+0000] {processor.py:186} INFO - Started process (PID=363) to work on /opt/airflow/dags/weather_pipeline_dag.py
[2026-09-21T10:12:18.460+0000] {processor.py:914} INFO - Processing file /opt/airflow/dags/weather_pipeline_dag.py for tasks to queue
[2026-09-21T10:12:18.462+0000] {logging_mixin.py:190} INFO - [2026-09-21T10:12:18.462+0000] {dagbag.py:588} INFO - Filling up the DagBag from /opt/airflow/dags/weather_pipeline_dag.py
[2026-09-21T10:12:18.471+0000] {processor.py:925} INFO - DAG(s) 'weather_risk_pipeline' retrieved from /opt/airflow/dags/weather_pipeline_dag.py
[2026-09-21T10:12:18.490+0000] {logging_mixin.py:190} INFO - [2026-09-21T10:12:18.490+0000] {dag.py:3239} INFO - Sync 1 DAGs
[2026-09-21T10:12:18.518+0000] {processor.py:208} INFO - Processing /opt/airflow/dags/weather_pipeline_dag.py took 0.066 seconds
[2026-09-21T10:12:48.691+0000] {processor.py:186} INFO - Started process (PID=368) to work on /opt/airflow/dags/weather_pipeline_dag.py
[2026-09-21T10:12:48.692+0000] {processor.py:914} INFO - Processing file /opt/airflow/dags/weather_pipeline_dag.py for tasks to queue
[2026-09-21T10:12:48.693+0000] {logging_mixin.py:190} INFO - [2026-09-21T10:12:48.693+0000] {dagbag.py:588} INFO - Filling up the DagBag from /opt/airflow/dags/weather_pipeline_dag.py
[2026-09-21T10:12:48.701+0000] {processor.py:925} INFO - DAG(s) 'weather_risk_pipeline' retrieved from /opt/airflow/dags/weather_pipeline_dag.py
[2026-09-21T10:12:48.722+0000] {logging_mixin.py:190} INFO - [2026-09-21T10:12:48.721+0000] {dag.py:3239} INFO - Sync 1 DAGs
[2026-09-21T10:12:48.748+0000] {processor.py:208} INFO - Processing /opt/airflow/dags/weather_pipeline_dag.py took 0.063 seconds
[2026-09-21T10:13:18.901+0000] {processor.py:186} INFO - Started process (PID=373) to work on /opt/airflow/dags/weather_pipeline_dag.py
[2026-09-21T10:13:18.903+0000] {processor.py:914} INFO - Processing file /opt/airflow/dags/weather_pipeline_dag.py for tasks to queue
[2026-09-21T10:13:18.905+0000] {logging_mixin.py:190} INFO - [2026-09-21T10:13:18.904+0000] {dagbag.py:588} INFO - Filling up the DagBag from /opt/airflow/dags/weather_pipeline_dag.py
[2026-09-21T10:13:18.912+0000] {processor.py:925} INFO - DAG(s) 'weather_risk_pipeline' retrieved from /opt/airflow/dags/weather_pipeline_dag.py
[2026-09-21T10:13:18.931+0000] {logging_mixin.py:190} INFO - [2026-09-21T10:13:18.931+0000] {dag.py:3239} INFO - Sync 1 DAGs
[2026-09-21T10:13:18.955+0000] {processor.py:208} INFO - Processing /opt/airflow/dags/weather_pipeline_dag.py took 0.060 seconds
[2026-09-21T10:13:49.158+0000] {processor.py:186} INFO - Started process (PID=378) to work on /opt/airflow/dags/weather_pipeline_dag.py
[2026-09-21T10:13:49.166+0000] {processor.py:914} INFO - Processing file /opt/airflow/dags/weather_pipeline_dag.py for tasks to queue
[2026-09-21T10:13:49.169+0000] {logging_mixin.py:190} INFO - [2026-09-21T10:13:49.168+0000] {dagbag.py:588} INFO - Filling up the DagBag from /opt/airflow/dags/weather_pipeline_dag.py
[2026-09-21T10:13:49.179+0000] {processor.py:925} INFO - DAG(s) 'weather_risk_pipeline' retrieved from /opt/airflow/dags/weather_pipeline_dag.py
[2026-09-21T10:13:49.198+0000] {logging_mixin.py:190} INFO - [2026-09-21T10:13:49.198+0000] {dag.py:3239} INFO - Sync 1 DAGs
[2026-09-21T10:13:49.222+0000] {processor.py:208} INFO - Processing /opt/airflow/dags/weather_pipeline_dag.py took 0.068 seconds
[2026-09-21T10:14:19.379+0000] {processor.py:186} INFO - Started process (PID=383) to work on /opt/airflow/dags/weather_pipeline_dag.py
[2026-09-21T10:14:19.382+0000] {processor.py:914} INFO - Processing file /opt/airflow/dags/weather_pipeline_dag.py for tasks to queue
[2026-09-21T10:14:19.384+0000] {logging_mixin.py:190} INFO - [2026-09-21T10:14:19.384+0000] {dagbag.py:588} INFO - Filling up the DagBag from /opt/airflow/dags/weather_pipeline_dag.py
[2026-09-21T10:14:19.390+0000] {processor.py:925} INFO - DAG(s) 'weather_risk_pipeline' retrieved from /opt/airflow/dags/weather_pipeline_dag.py
[2026-09-21T10:14:19.411+0000] {logging_mixin.py:190} INFO - [2026-09-21T10:14:19.411+0000] {dag.py:3239} INFO - Sync 1 DAGs
[2026-09-21T10:14:19.436+0000] {processor.py:208} INFO - Processing /opt/airflow/dags/weather_pipeline_dag.py took 0.061 seconds
[2026-09-21T10:14:49.605+0000] {processor.py:186} INFO - Started process (PID=388) to work on /opt/airflow/dags/weather_pipeline_dag.py
[2026-09-21T10:14:49.614+0000] {processor.py:914} INFO - Processing file /opt/airflow/dags/weather_pipeline_dag.py for tasks to queue
[2026-09-21T10:14:49.615+0000] {logging_mixin.py:190} INFO - [2026-09-21T10:14:49.615+0000] {dagbag.py:588} INFO - Filling up the DagBag from /opt/airflow/dags/weather_pipeline_dag.py
[2026-09-21T10:14:49.624+0000] {processor.py:925} INFO - DAG(s) 'weather_risk_pipeline' retrieved from /opt/airflow/dags/weather_pipeline_dag.py
[2026-09-21T10:14:49.644+0000] {logging_mixin.py:190} INFO - [2026-09-21T10:14:49.644+0000] {dag.py:3239} INFO - Sync 1 DAGs
[2026-09-21T10:14:49.669+0000] {processor.py:208} INFO - Processing /opt/airflow/dags/weather_pipeline_dag.py took 0.068 seconds
[2026-09-21T10:15:19.815+0000] {processor.py:186} INFO - Started process (PID=393) to work on /opt/airflow/dags/weather_pipeline_dag.py
[2026-09-21T10:15:19.818+0000] {processor.py:914} INFO - Processing file /opt/airflow/dags/weather_pipeline_dag.py for tasks to queue
[2026-09-21T10:15:19.820+0000] {logging_mixin.py:190} INFO - [2026-09-21T10:15:19.819+0000] {dagbag.py:588} INFO - Filling up the DagBag from /opt/airflow/dags/weather_pipeline_dag.py
[2026-09-21T10:15:19.828+0000] {processor.py:925} INFO - DAG(s) 'weather_risk_pipeline' retrieved from /opt/airflow/dags/weather_pipeline_dag.py
[2026-09-21T10:15:19.847+0000] {logging_mixin.py:190} INFO - [2026-09-21T10:15:19.847+0000] {dag.py:3239} INFO - Sync 1 DAGs
[2026-09-21T10:15:19.872+0000] {processor.py:208} INFO - Processing /opt/airflow/dags/weather_pipeline_dag.py took 0.062 seconds
[2026-09-21T10:15:50.051+0000] {processor.py:186} INFO - Started process (PID=398) to work on /opt/airflow/dags/weather_pipeline_dag.py
[2026-09-21T10:15:50.059+0000] {processor.py:914} INFO - Processing file /opt/airflow/dags/weather_pipeline_dag.py for tasks to queue
[2026-09-21T10:15:50.061+0000] {logging_mixin.py:190} INFO - [2026-09-21T10:15:50.061+0000] {dagbag.py:588} INFO - Filling up the DagBag from /opt/airflow/dags/weather_pipeline_dag.py
[2026-09-21T10:15:50.071+0000] {processor.py:925} INFO - DAG(s) 'weather_risk_pipeline' retrieved from /opt/airflow/dags/weather_pipeline_dag.py
[2026-09-21T10:15:50.088+0000] {logging_mixin.py:190} INFO - [2026-09-21T10:15:50.088+0000] {dag.py:3239} INFO - Sync 1 DAGs
[2026-09-21T10:15:50.112+0000] {processor.py:208} INFO - Processing /opt/airflow/dags/weather_pipeline_dag.py took 0.066 seconds
[2026-09-21T10:16:20.255+0000] {processor.py:186} INFO - Started process (PID=403) to work on /opt/airflow/dags/weather_pipeline_dag.py
[2026-09-21T10:16:20.256+0000] {processor.py:914} INFO - Processing file /opt/airflow/dags/weather_pipeline_dag.py for tasks to queue
[2026-09-21T10:16:20.258+0000] {logging_mixin.py:190} INFO - [2026-09-21T10:16:20.257+0000] {dagbag.py:588} INFO - Filling up the DagBag from /opt/airflow/dags/weather_pipeline_dag.py
[2026-09-21T10:16:20.265+0000] {processor.py:925} INFO - DAG(s) 'weather_risk_pipeline' retrieved from /opt/airflow/dags/weather_pipeline_dag.py
[2026-09-21T10:16:20.284+0000] {logging_mixin.py:190} INFO - [2026-09-21T10:16:20.284+0000] {dag.py:3239} INFO - Sync 1 DAGs
[2026-09-21T10:16:20.308+0000] {processor.py:208} INFO - Processing /opt/airflow/dags/weather_pipeline_dag.py took 0.060 seconds
[2026-09-21T10:16:50.525+0000] {processor.py:186} INFO - Started process (PID=408) to work on /opt/airflow/dags/weather_pipeline_dag.py
[2026-09-21T10:16:50.534+0000] {processor.py:914} INFO - Processing file /opt/airflow/dags/weather_pipeline_dag.py for tasks to queue
[2026-09-21T10:16:50.537+0000] {logging_mixin.py:190} INFO - [2026-09-21T10:16:50.537+0000] {dagbag.py:588} INFO - Filling up the DagBag from /opt/airflow/dags/weather_pipeline_dag.py
[2026-09-21T10:16:50.550+0000] {processor.py:925} INFO - DAG(s) 'weather_risk_pipeline' retrieved from /opt/airflow/dags/weather_pipeline_dag.py
[2026-09-21T10:16:50.567+0000] {logging_mixin.py:190} INFO - [2026-09-21T10:16:50.567+0000] {dag.py:3239} INFO - Sync 1 DAGs
[2026-09-21T10:16:50.591+0000] {processor.py:208} INFO - Processing /opt/airflow/dags/weather_pipeline_dag.py took 0.070 seconds
[2026-09-21T10:17:20.730+0000] {processor.py:186} INFO - Started process (PID=413) to work on /opt/airflow/dags/weather_pipeline_dag.py
[2026-09-21T10:17:20.732+0000] {processor.py:914} INFO - Processing file /opt/airflow/dags/weather_pipeline_dag.py for tasks to queue
[2026-09-21T10:17:20.734+0000] {logging_mixin.py:190} INFO - [2026-09-21T10:17:20.734+0000] {dagbag.py:588} INFO - Filling up the DagBag from /opt/airflow/dags/weather_pipeline_dag.py
[2026-09-21T10:17:20.746+0000] {processor.py:925} INFO - DAG(s) 'weather_risk_pipeline' retrieved from /opt/airflow/dags/weather_pipeline_dag.py
[2026-09-21T10:17:20.774+0000] {logging_mixin.py:190} INFO - [2026-09-21T10:17:20.774+0000] {dag.py:3239} INFO - Sync 1 DAGs
[2026-09-21T10:17:20.802+0000] {processor.py:208} INFO - Processing /opt/airflow/dags/weather_pipeline_dag.py took 0.077 seconds
[2026-09-21T10:17:50.961+0000] {processor.py:186} INFO - Started process (PID=418) to work on /opt/airflow/dags/weather_pipeline_dag.py
[2026-09-21T10:17:50.969+0000] {processor.py:914} INFO - Processing file /opt/airflow/dags/weather_pipeline_dag.py for tasks to queue
[2026-09-21T10:17:50.972+0000] {logging_mixin.py:190} INFO - [2026-09-21T10:17:50.972+0000] {dagbag.py:588} INFO - Filling up the DagBag from /opt/airflow/dags/weather_pipeline_dag.py
[2026-09-21T10:17:50.983+0000] {processor.py:925} INFO - DAG(s) 'weather_risk_pipeline' retrieved from /opt/airflow/dags/weather_pipeline_dag.py
[2026-09-21T10:17:51.005+0000] {logging_mixin.py:190} INFO - [2026-09-21T10:17:51.005+0000] {dag.py:3239} INFO - Sync 1 DAGs
[2026-09-21T10:17:51.032+0000] {processor.py:208} INFO - Processing /opt/airflow/dags/weather_pipeline_dag.py took 0.078 seconds
[2026-09-21T10:18:21.153+0000] {processor.py:186} INFO - Started process (PID=423) to work on /opt/airflow/dags/weather_pipeline_dag.py
[2026-09-21T10:18:21.155+0000] {processor.py:914} INFO - Processing file /opt/airflow/dags/weather_pipeline_dag.py for tasks to queue
[2026-09-21T10:18:21.157+0000] {logging_mixin.py:190} INFO - [2026-09-21T10:18:21.156+0000] {dagbag.py:588} INFO - Filling up the DagBag from /opt/airflow/dags/weather_pipeline_dag.py
[2026-09-21T10:18:21.164+0000] {processor.py:925} INFO - DAG(s) 'weather_risk_pipeline' retrieved from /opt/airflow/dags/weather_pipeline_dag.py
[2026-09-21T10:18:21.186+0000] {logging_mixin.py:190} INFO - [2026-09-21T10:18:21.186+0000] {dag.py:3239} INFO - Sync 1 DAGs
[2026-09-21T10:18:21.212+0000] {processor.py:208} INFO - Processing /opt/airflow/dags/weather_pipeline_dag.py took 0.065 seconds
[2026-09-21T10:18:51.398+0000] {processor.py:186} INFO - Started process (PID=428) to work on /opt/airflow/dags/weather_pipeline_dag.py
[2026-09-21T10:18:51.399+0000] {processor.py:914} INFO - Processing file /opt/airflow/dags/weather_pipeline_dag.py for tasks to queue
[2026-09-21T10:18:51.400+0000] {logging_mixin.py:190} INFO - [2026-09-21T10:18:51.400+0000] {dagbag.py:588} INFO - Filling up the DagBag from /opt/airflow/dags/weather_pipeline_dag.py
[2026-09-21T10:18:51.407+0000] {processor.py:925} INFO - DAG(s) 'weather_risk_pipeline' retrieved from /opt/airflow/dags/weather_pipeline_dag.py
[2026-09-21T10:18:51.426+0000] {logging_mixin.py:190} INFO - [2026-09-21T10:18:51.426+0000] {dag.py:3239} INFO - Sync 1 DAGs
[2026-09-21T10:18:51.452+0000] {processor.py:208} INFO - Processing /opt/airflow/dags/weather_pipeline_dag.py took 0.057 seconds
[2026-09-21T10:19:21.620+0000] {processor.py:186} INFO - Started process (PID=433) to work on /opt/airflow/dags/weather_pipeline_dag.py
[2026-09-21T10:19:21.623+0000] {processor.py:914} INFO - Processing file /opt/airflow/dags/weather_pipeline_dag.py for tasks to queue
[2026-09-21T10:19:21.625+0000] {logging_mixin.py:190} INFO - [2026-09-21T10:19:21.625+0000] {dagbag.py:588} INFO - Filling up the DagBag from /opt/airflow/dags/weather_pipeline_dag.py
[2026-09-21T10:19:21.635+0000] {processor.py:925} INFO - DAG(s) 'weather_risk_pipeline' retrieved from /opt/airflow/dags/weather_pipeline_dag.py
[2026-09-21T10:19:21.653+0000] {logging_mixin.py:190} INFO - [2026-09-21T10:19:21.652+0000] {dag.py:3239} INFO - Sync 1 DAGs
[2026-09-21T10:19:21.675+0000] {processor.py:208} INFO - Processing /opt/airflow/dags/weather_pipeline_dag.py took 0.060 seconds
[2026-09-21T10:19:51.864+0000] {processor.py:186} INFO - Started process (PID=438) to work on /opt/airflow/dags/weather_pipeline_dag.py
[2026-09-21T10:19:51.873+0000] {processor.py:914} INFO - Processing file /opt/airflow/dags/weather_pipeline_dag.py for tasks to queue
[2026-09-21T10:19:51.876+0000] {logging_mixin.py:190} INFO - [2026-09-21T10:19:51.876+0000] {dagbag.py:588} INFO - Filling up the DagBag from /opt/airflow/dags/weather_pipeline_dag.py
[2026-09-21T10:19:51.889+0000] {processor.py:925} INFO - DAG(s) 'weather_risk_pipeline' retrieved from /opt/airflow/dags/weather_pipeline_dag.py
[2026-09-21T10:19:51.907+0000] {logging_mixin.py:190} INFO - [2026-09-21T10:19:51.907+0000] {dag.py:3239} INFO - Sync 1 DAGs
[2026-09-21T10:19:51.945+0000] {processor.py:208} INFO - Processing /opt/airflow/dags/weather_pipeline_dag.py took 0.088 seconds
[2026-09-21T10:20:22.127+0000] {processor.py:186} INFO - Started process (PID=443) to work on /opt/airflow/dags/weather_pipeline_dag.py
[2026-09-21T10:20:22.127+0000] {processor.py:914} INFO - Processing file /opt/airflow/dags/weather_pipeline_dag.py for tasks to queue
[2026-09-21T10:20:22.129+0000] {logging_mixin.py:190} INFO - [2026-09-21T10:20:22.129+0000] {dagbag.py:588} INFO - Filling up the DagBag from /opt/airflow/dags/weather_pipeline_dag.py
[2026-09-21T10:20:22.136+0000] {processor.py:925} INFO - DAG(s) 'weather_risk_pipeline' retrieved from /opt/airflow/dags/weather_pipeline_dag.py
[2026-09-21T10:20:22.154+0000] {logging_mixin.py:190} INFO - [2026-09-21T10:20:22.154+0000] {dag.py:3239} INFO - Sync 1 DAGs
[2026-09-21T10:20:22.180+0000] {processor.py:208} INFO - Processing /opt/airflow/dags/weather_pipeline_dag.py took 0.060 seconds
[2026-09-21T10:20:52.351+0000] {processor.py:186} INFO - Started process (PID=448) to work on /opt/airflow/dags/weather_pipeline_dag.py
[2026-09-21T10:20:52.360+0000] {processor.py:914} INFO - Processing file /opt/airflow/dags/weather_pipeline_dag.py for tasks to queue
[2026-09-21T10:20:52.361+0000] {logging_mixin.py:190} INFO - [2026-09-21T10:20:52.361+0000] {dagbag.py:588} INFO - Filling up the DagBag from /opt/airflow/dags/weather_pipeline_dag.py
[2026-09-21T10:20:52.369+0000] {processor.py:925} INFO - DAG(s) 'weather_risk_pipeline' retrieved from /opt/airflow/dags/weather_pipeline_dag.py
[2026-09-21T10:20:52.388+0000] {logging_mixin.py:190} INFO - [2026-09-21T10:20:52.388+0000] {dag.py:3239} INFO - Sync 1 DAGs
[2026-09-21T10:20:52.415+0000] {processor.py:208} INFO - Processing /opt/airflow/dags/weather_pipeline_dag.py took 0.068 seconds
[2026-09-21T10:21:22.549+0000] {processor.py:186} INFO - Started process (PID=453) to work on /opt/airflow/dags/weather_pipeline_dag.py
[2026-09-21T10:21:22.553+0000] {processor.py:914} INFO - Processing file /opt/airflow/dags/weather_pipeline_dag.py for tasks to queue
[2026-09-21T10:21:22.554+0000] {logging_mixin.py:190} INFO - [2026-09-21T10:21:22.554+0000] {dagbag.py:588} INFO - Filling up the DagBag from /opt/airflow/dags/weather_pipeline_dag.py
[2026-09-21T10:21:22.562+0000] {processor.py:925} INFO - DAG(s) 'weather_risk_pipeline' retrieved from /opt/airflow/dags/weather_pipeline_dag.py
[2026-09-21T10:21:22.582+0000] {logging_mixin.py:190} INFO - [2026-09-21T10:21:22.582+0000] {dag.py:3239} INFO - Sync 1 DAGs
[2026-09-21T10:21:22.609+0000] {processor.py:208} INFO - Processing /opt/airflow/dags/weather_pipeline_dag.py took 0.064 seconds
[2026-09-21T10:21:52.790+0000] {processor.py:186} INFO - Started process (PID=458) to work on /opt/airflow/dags/weather_pipeline_dag.py
[2026-09-21T10:21:52.791+0000] {processor.py:914} INFO - Processing file /opt/airflow/dags/weather_pipeline_dag.py for tasks to queue
[2026-09-21T10:21:52.792+0000] {logging_mixin.py:190} INFO - [2026-09-21T10:21:52.792+0000] {dagbag.py:588} INFO - Filling up the DagBag from /opt/airflow/dags/weather_pipeline_dag.py
[2026-09-21T10:21:52.799+0000] {processor.py:925} INFO - DAG(s) 'weather_risk_pipeline' retrieved from /opt/airflow/dags/weather_pipeline_dag.py
[2026-09-21T10:21:52.818+0000] {logging_mixin.py:190} INFO - [2026-09-21T10:21:52.818+0000] {dag.py:3239} INFO - Sync 1 DAGs
[2026-09-21T10:21:52.843+0000] {processor.py:208} INFO - Processing /opt/airflow/dags/weather_pipeline_dag.py took 0.057 seconds
[2026-09-21T10:22:22.993+0000] {processor.py:186} INFO - Started process (PID=463) to work on /opt/airflow/dags/weather_pipeline_dag.py
[2026-09-21T10:22:22.996+0000] {processor.py:914} INFO - Processing file /opt/airflow/dags/weather_pipeline_dag.py for tasks to queue
[2026-09-21T10:22:22.997+0000] {logging_mixin.py:190} INFO - [2026-09-21T10:22:22.997+0000] {dagbag.py:588} INFO - Filling up the DagBag from /opt/airflow/dags/weather_pipeline_dag.py
[2026-09-21T10:22:23.005+0000] {processor.py:925} INFO - DAG(s) 'weather_risk_pipeline' retrieved from /opt/airflow/dags/weather_pipeline_dag.py
[2026-09-21T10:22:23.024+0000] {logging_mixin.py:190} INFO - [2026-09-21T10:22:23.024+0000] {dag.py:3239} INFO - Sync 1 DAGs
[2026-09-21T10:22:23.049+0000] {processor.py:208} INFO - Processing /opt/airflow/dags/weather_pipeline_dag.py took 0.061 seconds
[2026-09-21T10:22:53.211+0000] {processor.py:186} INFO - Started process (PID=468) to work on /opt/airflow/dags/weather_pipeline_dag.py
[2026-09-21T10:22:53.213+0000] {processor.py:914} INFO - Processing file /opt/airflow/dags/weather_pipeline_dag.py for tasks to queue
[2026-09-21T10:22:53.214+0000] {logging_mixin.py:190} INFO - [2026-09-21T10:22:53.214+0000] {dagbag.py:588} INFO - Filling up the DagBag from /opt/airflow/dags/weather_pipeline_dag.py
[2026-09-21T10:22:53.222+0000] {processor.py:925} INFO - DAG(s) 'weather_risk_pipeline' retrieved from /opt/airflow/dags/weather_pipeline_dag.py
[2026-09-21T10:22:53.243+0000] {logging_mixin.py:190} INFO - [2026-09-21T10:22:53.242+0000] {dag.py:3239} INFO - Sync 1 DAGs
[2026-09-21T10:22:53.268+0000] {processor.py:208} INFO - Processing /opt/airflow/dags/weather_pipeline_dag.py took 0.061 seconds
[2026-09-21T10:23:23.432+0000] {processor.py:186} INFO - Started process (PID=473) to work on /opt/airflow/dags/weather_pipeline_dag.py
[2026-09-21T10:23:23.435+0000] {processor.py:914} INFO - Processing file /opt/airflow/dags/weather_pipeline_dag.py for tasks to queue
[2026-09-21T10:23:23.437+0000] {logging_mixin.py:190} INFO - [2026-09-21T10:23:23.436+0000] {dagbag.py:588} INFO - Filling up the DagBag from /opt/airflow/dags/weather_pipeline_dag.py
[2026-09-21T10:23:23.444+0000] {processor.py:925} INFO - DAG(s) 'weather_risk_pipeline' retrieved from /opt/airflow/dags/weather_pipeline_dag.py
[2026-09-21T10:23:23.464+0000] {logging_mixin.py:190} INFO - [2026-09-21T10:23:23.464+0000] {dag.py:3239} INFO - Sync 1 DAGs
[2026-09-21T10:23:23.494+0000] {processor.py:208} INFO - Processing /opt/airflow/dags/weather_pipeline_dag.py took 0.067 seconds
[2026-09-21T10:23:53.650+0000] {processor.py:186} INFO - Started process (PID=478) to work on /opt/airflow/dags/weather_pipeline_dag.py
[2026-09-21T10:23:53.659+0000] {processor.py:914} INFO - Processing file /opt/airflow/dags/weather_pipeline_dag.py for tasks to queue
[2026-09-21T10:23:53.661+0000] {logging_mixin.py:190} INFO - [2026-09-21T10:23:53.660+0000] {dagbag.py:588} INFO - Filling up the DagBag from /opt/airflow/dags/weather_pipeline_dag.py
[2026-09-21T10:23:53.670+0000] {processor.py:925} INFO - DAG(s) 'weather_risk_pipeline' retrieved from /opt/airflow/dags/weather_pipeline_dag.py
[2026-09-21T10:23:53.689+0000] {logging_mixin.py:190} INFO - [2026-09-21T10:23:53.689+0000] {dag.py:3239} INFO - Sync 1 DAGs
[2026-09-21T10:23:53.717+0000] {processor.py:208} INFO - Processing /opt/airflow/dags/weather_pipeline_dag.py took 0.073 seconds
[2026-09-21T10:24:23.877+0000] {processor.py:186} INFO - Started process (PID=503) to work on /opt/airflow/dags/weather_pipeline_dag.py
[2026-09-21T10:24:23.880+0000] {processor.py:914} INFO - Processing file /opt/airflow/dags/weather_pipeline_dag.py for tasks to queue
[2026-09-21T10:24:23.882+0000] {logging_mixin.py:190} INFO - [2026-09-21T10:24:23.881+0000] {dagbag.py:588} INFO - Filling up the DagBag from /opt/airflow/dags/weather_pipeline_dag.py
[2026-09-21T10:24:23.889+0000] {processor.py:925} INFO - DAG(s) 'weather_risk_pipeline' retrieved from /opt/airflow/dags/weather_pipeline_dag.py
[2026-09-21T10:24:23.909+0000] {logging_mixin.py:190} INFO - [2026-09-21T10:24:23.909+0000] {dag.py:3239} INFO - Sync 1 DAGs
[2026-09-21T10:24:23.933+0000] {processor.py:208} INFO - Processing /opt/airflow/dags/weather_pipeline_dag.py took 0.061 seconds
[2026-09-21T10:24:54.103+0000] {processor.py:186} INFO - Started process (PID=508) to work on /opt/airflow/dags/weather_pipeline_dag.py
[2026-09-21T10:24:54.104+0000] {processor.py:914} INFO - Processing file /opt/airflow/dags/weather_pipeline_dag.py for tasks to queue
[2026-09-21T10:24:54.105+0000] {logging_mixin.py:190} INFO - [2026-09-21T10:24:54.105+0000] {dagbag.py:588} INFO - Filling up the DagBag from /opt/airflow/dags/weather_pipeline_dag.py
[2026-09-21T10:24:54.113+0000] {processor.py:925} INFO - DAG(s) 'weather_risk_pipeline' retrieved from /opt/airflow/dags/weather_pipeline_dag.py
[2026-09-21T10:24:54.131+0000] {logging_mixin.py:190} INFO - [2026-09-21T10:24:54.131+0000] {dag.py:3239} INFO - Sync 1 DAGs
[2026-09-21T10:24:54.153+0000] {processor.py:208} INFO - Processing /opt/airflow/dags/weather_pipeline_dag.py took 0.056 seconds
[2026-09-21T10:25:24.328+0000] {processor.py:186} INFO - Started process (PID=553) to work on /opt/airflow/dags/weather_pipeline_dag.py
[2026-09-21T10:25:24.331+0000] {processor.py:914} INFO - Processing file /opt/airflow/dags/weather_pipeline_dag.py for tasks to queue
[2026-09-21T10:25:24.333+0000] {logging_mixin.py:190} INFO - [2026-09-21T10:25:24.333+0000] {dagbag.py:588} INFO - Filling up the DagBag from /opt/airflow/dags/weather_pipeline_dag.py
[2026-09-21T10:25:24.342+0000] {processor.py:925} INFO - DAG(s) 'weather_risk_pipeline' retrieved from /opt/airflow/dags/weather_pipeline_dag.py
[2026-09-21T10:25:24.362+0000] {logging_mixin.py:190} INFO - [2026-09-21T10:25:24.362+0000] {dag.py:3239} INFO - Sync 1 DAGs
[2026-09-21T10:25:24.387+0000] {processor.py:208} INFO - Processing /opt/airflow/dags/weather_pipeline_dag.py took 0.063 seconds
[2026-09-21T10:25:54.526+0000] {processor.py:186} INFO - Started process (PID=598) to work on /opt/airflow/dags/weather_pipeline_dag.py
[2026-09-21T10:25:54.535+0000] {processor.py:914} INFO - Processing file /opt/airflow/dags/weather_pipeline_dag.py for tasks to queue
[2026-09-21T10:25:54.536+0000] {logging_mixin.py:190} INFO - [2026-09-21T10:25:54.536+0000] {dagbag.py:588} INFO - Filling up the DagBag from /opt/airflow/dags/weather_pipeline_dag.py
[2026-09-21T10:25:54.543+0000] {processor.py:925} INFO - DAG(s) 'weather_risk_pipeline' retrieved from /opt/airflow/dags/weather_pipeline_dag.py
[2026-09-21T10:25:54.563+0000] {logging_mixin.py:190} INFO - [2026-09-21T10:25:54.563+0000] {dag.py:3239} INFO - Sync 1 DAGs
[2026-09-21T10:25:54.588+0000] {processor.py:208} INFO - Processing /opt/airflow/dags/weather_pipeline_dag.py took 0.066 seconds
[2026-09-21T10:26:24.763+0000] {processor.py:186} INFO - Started process (PID=603) to work on /opt/airflow/dags/weather_pipeline_dag.py
[2026-09-21T10:26:24.765+0000] {processor.py:914} INFO - Processing file /opt/airflow/dags/weather_pipeline_dag.py for tasks to queue
[2026-09-21T10:26:24.767+0000] {logging_mixin.py:190} INFO - [2026-09-21T10:26:24.767+0000] {dagbag.py:588} INFO - Filling up the DagBag from /opt/airflow/dags/weather_pipeline_dag.py
[2026-09-21T10:26:24.777+0000] {processor.py:925} INFO - DAG(s) 'weather_risk_pipeline' retrieved from /opt/airflow/dags/weather_pipeline_dag.py
[2026-09-21T10:26:24.797+0000] {logging_mixin.py:190} INFO - [2026-09-21T10:26:24.796+0000] {dag.py:3239} INFO - Sync 1 DAGs
[2026-09-21T10:26:24.822+0000] {processor.py:208} INFO - Processing /opt/airflow/dags/weather_pipeline_dag.py took 0.065 seconds
[2026-09-21T10:26:54.956+0000] {processor.py:186} INFO - Started process (PID=644) to work on /opt/airflow/dags/weather_pipeline_dag.py
[2026-09-21T10:26:54.966+0000] {processor.py:914} INFO - Processing file /opt/airflow/dags/weather_pipeline_dag.py for tasks to queue
[2026-09-21T10:26:54.969+0000] {logging_mixin.py:190} INFO - [2026-09-21T10:26:54.968+0000] {dagbag.py:588} INFO - Filling up the DagBag from /opt/airflow/dags/weather_pipeline_dag.py
[2026-09-21T10:26:54.980+0000] {processor.py:925} INFO - DAG(s) 'weather_risk_pipeline' retrieved from /opt/airflow/dags/weather_pipeline_dag.py
[2026-09-21T10:26:54.998+0000] {logging_mixin.py:190} INFO - [2026-09-21T10:26:54.998+0000] {dag.py:3239} INFO - Sync 1 DAGs
[2026-09-21T10:26:55.012+0000] {logging_mixin.py:190} INFO - [2026-09-21T10:26:55.012+0000] {dag.py:4180} INFO - Setting next_dagrun for weather_risk_pipeline to 2026-09-21 06:00:00+00:00, run_after=2026-09-22 06:00:00+00:00
[2026-09-21T10:26:55.023+0000] {processor.py:208} INFO - Processing /opt/airflow/dags/weather_pipeline_dag.py took 0.072 seconds
[2026-09-21T10:27:25.203+0000] {processor.py:186} INFO - Started process (PID=649) to work on /opt/airflow/dags/weather_pipeline_dag.py
[2026-09-21T10:27:25.203+0000] {processor.py:914} INFO - Processing file /opt/airflow/dags/weather_pipeline_dag.py for tasks to queue
[2026-09-21T10:27:25.205+0000] {logging_mixin.py:190} INFO - [2026-09-21T10:27:25.205+0000] {dagbag.py:588} INFO - Filling up the DagBag from /opt/airflow/dags/weather_pipeline_dag.py
[2026-09-21T10:27:25.212+0000] {processor.py:925} INFO - DAG(s) 'weather_risk_pipeline' retrieved from /opt/airflow/dags/weather_pipeline_dag.py
[2026-09-21T10:27:25.233+0000] {logging_mixin.py:190} INFO - [2026-09-21T10:27:25.233+0000] {dag.py:3239} INFO - Sync 1 DAGs
[2026-09-21T10:27:25.250+0000] {logging_mixin.py:190} INFO - [2026-09-21T10:27:25.249+0000] {dag.py:4180} INFO - Setting next_dagrun for weather_risk_pipeline to 2026-09-21 06:00:00+00:00, run_after=2026-09-22 06:00:00+00:00
[2026-09-21T10:27:25.262+0000] {processor.py:208} INFO - Processing /opt/airflow/dags/weather_pipeline_dag.py took 0.063 seconds
[2026-09-21T10:27:55.442+0000] {processor.py:186} INFO - Started process (PID=654) to work on /opt/airflow/dags/weather_pipeline_dag.py
[2026-09-21T10:27:55.452+0000] {processor.py:914} INFO - Processing file /opt/airflow/dags/weather_pipeline_dag.py for tasks to queue
[2026-09-21T10:27:55.455+0000] {logging_mixin.py:190} INFO - [2026-09-21T10:27:55.455+0000] {dagbag.py:588} INFO - Filling up the DagBag from /opt/airflow/dags/weather_pipeline_dag.py
[2026-09-21T10:27:55.466+0000] {processor.py:925} INFO - DAG(s) 'weather_risk_pipeline' retrieved from /opt/airflow/dags/weather_pipeline_dag.py
[2026-09-21T10:27:55.483+0000] {logging_mixin.py:190} INFO - [2026-09-21T10:27:55.483+0000] {dag.py:3239} INFO - Sync 1 DAGs
[2026-09-21T10:27:55.497+0000] {logging_mixin.py:190} INFO - [2026-09-21T10:27:55.497+0000] {dag.py:4180} INFO - Setting next_dagrun for weather_risk_pipeline to 2026-09-21 06:00:00+00:00, run_after=2026-09-22 06:00:00+00:00
[2026-09-21T10:27:55.508+0000] {processor.py:208} INFO - Processing /opt/airflow/dags/weather_pipeline_dag.py took 0.074 seconds
[2026-09-21T10:28:25.679+0000] {processor.py:186} INFO - Started process (PID=659) to work on /opt/airflow/dags/weather_pipeline_dag.py
[2026-09-21T10:28:25.682+0000] {processor.py:914} INFO - Processing file /opt/airflow/dags/weather_pipeline_dag.py for tasks to queue
[2026-09-21T10:28:25.684+0000] {logging_mixin.py:190} INFO - [2026-09-21T10:28:25.684+0000] {dagbag.py:588} INFO - Filling up the DagBag from /opt/airflow/dags/weather_pipeline_dag.py
[2026-09-21T10:28:25.694+0000] {processor.py:925} INFO - DAG(s) 'weather_risk_pipeline' retrieved from /opt/airflow/dags/weather_pipeline_dag.py
[2026-09-21T10:28:25.712+0000] {logging_mixin.py:190} INFO - [2026-09-21T10:28:25.711+0000] {dag.py:3239} INFO - Sync 1 DAGs
[2026-09-21T10:28:25.725+0000] {logging_mixin.py:190} INFO - [2026-09-21T10:28:25.725+0000] {dag.py:4180} INFO - Setting next_dagrun for weather_risk_pipeline to 2026-09-21 06:00:00+00:00, run_after=2026-09-22 06:00:00+00:00
[2026-09-21T10:28:25.737+0000] {processor.py:208} INFO - Processing /opt/airflow/dags/weather_pipeline_dag.py took 0.063 seconds
[2026-09-21T10:28:55.900+0000] {processor.py:186} INFO - Started process (PID=664) to work on /opt/airflow/dags/weather_pipeline_dag.py
[2026-09-21T10:28:55.909+0000] {processor.py:914} INFO - Processing file /opt/airflow/dags/weather_pipeline_dag.py for tasks to queue
[2026-09-21T10:28:55.911+0000] {logging_mixin.py:190} INFO - [2026-09-21T10:28:55.910+0000] {dagbag.py:588} INFO - Filling up the DagBag from /opt/airflow/dags/weather_pipeline_dag.py
[2026-09-21T10:28:55.920+0000] {processor.py:925} INFO - DAG(s) 'weather_risk_pipeline' retrieved from /opt/airflow/dags/weather_pipeline_dag.py
[2026-09-21T10:28:55.940+0000] {logging_mixin.py:190} INFO - [2026-09-21T10:28:55.940+0000] {dag.py:3239} INFO - Sync 1 DAGs
[2026-09-21T10:28:55.955+0000] {logging_mixin.py:190} INFO - [2026-09-21T10:28:55.955+0000] {dag.py:4180} INFO - Setting next_dagrun for weather_risk_pipeline to 2026-09-21 06:00:00+00:00, run_after=2026-09-22 06:00:00+00:00
[2026-09-21T10:28:55.967+0000] {processor.py:208} INFO - Processing /opt/airflow/dags/weather_pipeline_dag.py took 0.072 seconds
[2026-09-21T10:29:26.135+0000] {processor.py:186} INFO - Started process (PID=669) to work on /opt/airflow/dags/weather_pipeline_dag.py
[2026-09-21T10:29:26.136+0000] {processor.py:914} INFO - Processing file /opt/airflow/dags/weather_pipeline_dag.py for tasks to queue
[2026-09-21T10:29:26.137+0000] {logging_mixin.py:190} INFO - [2026-09-21T10:29:26.137+0000] {dagbag.py:588} INFO - Filling up the DagBag from /opt/airflow/dags/weather_pipeline_dag.py
[2026-09-21T10:29:26.144+0000] {processor.py:925} INFO - DAG(s) 'weather_risk_pipeline' retrieved from /opt/airflow/dags/weather_pipeline_dag.py
[2026-09-21T10:29:26.164+0000] {logging_mixin.py:190} INFO - [2026-09-21T10:29:26.164+0000] {dag.py:3239} INFO - Sync 1 DAGs
[2026-09-21T10:29:26.181+0000] {logging_mixin.py:190} INFO - [2026-09-21T10:29:26.180+0000] {dag.py:4180} INFO - Setting next_dagrun for weather_risk_pipeline to 2026-09-21 06:00:00+00:00, run_after=2026-09-22 06:00:00+00:00
[2026-09-21T10:29:26.193+0000] {processor.py:208} INFO - Processing /opt/airflow/dags/weather_pipeline_dag.py took 0.065 seconds
[2026-09-21T10:29:56.361+0000] {processor.py:186} INFO - Started process (PID=674) to work on /opt/airflow/dags/weather_pipeline_dag.py
[2026-09-21T10:29:56.369+0000] {processor.py:914} INFO - Processing file /opt/airflow/dags/weather_pipeline_dag.py for tasks to queue
[2026-09-21T10:29:56.372+0000] {logging_mixin.py:190} INFO - [2026-09-21T10:29:56.371+0000] {dagbag.py:588} INFO - Filling up the DagBag from /opt/airflow/dags/weather_pipeline_dag.py
[2026-09-21T10:29:56.383+0000] {processor.py:925} INFO - DAG(s) 'weather_risk_pipeline' retrieved from /opt/airflow/dags/weather_pipeline_dag.py
[2026-09-21T10:29:56.400+0000] {logging_mixin.py:190} INFO - [2026-09-21T10:29:56.400+0000] {dag.py:3239} INFO - Sync 1 DAGs
[2026-09-21T10:29:56.414+0000] {logging_mixin.py:190} INFO - [2026-09-21T10:29:56.414+0000] {dag.py:4180} INFO - Setting next_dagrun for weather_risk_pipeline to 2026-09-21 06:00:00+00:00, run_after=2026-09-22 06:00:00+00:00
[2026-09-21T10:29:56.424+0000] {processor.py:208} INFO - Processing /opt/airflow/dags/weather_pipeline_dag.py took 0.069 seconds
[2026-09-21T10:30:26.574+0000] {processor.py:186} INFO - Started process (PID=679) to work on /opt/airflow/dags/weather_pipeline_dag.py
[2026-09-21T10:30:26.576+0000] {processor.py:914} INFO - Processing file /opt/airflow/dags/weather_pipeline_dag.py for tasks to queue
[2026-09-21T10:30:26.578+0000] {logging_mixin.py:190} INFO - [2026-09-21T10:30:26.578+0000] {dagbag.py:588} INFO - Filling up the DagBag from /opt/airflow/dags/weather_pipeline_dag.py
[2026-09-21T10:30:26.588+0000] {processor.py:925} INFO - DAG(s) 'weather_risk_pipeline' retrieved from /opt/airflow/dags/weather_pipeline_dag.py
[2026-09-21T10:30:26.607+0000] {logging_mixin.py:190} INFO - [2026-09-21T10:30:26.606+0000] {dag.py:3239} INFO - Sync 1 DAGs
[2026-09-21T10:30:26.621+0000] {logging_mixin.py:190} INFO - [2026-09-21T10:30:26.621+0000] {dag.py:4180} INFO - Setting next_dagrun for weather_risk_pipeline to 2026-09-21 06:00:00+00:00, run_after=2026-09-22 06:00:00+00:00
[2026-09-21T10:30:26.632+0000] {processor.py:208} INFO - Processing /opt/airflow/dags/weather_pipeline_dag.py took 0.064 seconds
[2026-09-21T10:30:56.811+0000] {processor.py:186} INFO - Started process (PID=684) to work on /opt/airflow/dags/weather_pipeline_dag.py
[2026-09-21T10:30:56.820+0000] {processor.py:914} INFO - Processing file /opt/airflow/dags/weather_pipeline_dag.py for tasks to queue
[2026-09-21T10:30:56.823+0000] {logging_mixin.py:190} INFO - [2026-09-21T10:30:56.822+0000] {dagbag.py:588} INFO - Filling up the DagBag from /opt/airflow/dags/weather_pipeline_dag.py
[2026-09-21T10:30:56.835+0000] {processor.py:925} INFO - DAG(s) 'weather_risk_pipeline' retrieved from /opt/airflow/dags/weather_pipeline_dag.py
[2026-09-21T10:30:56.852+0000] {logging_mixin.py:190} INFO - [2026-09-21T10:30:56.852+0000] {dag.py:3239} INFO - Sync 1 DAGs
[2026-09-21T10:30:56.866+0000] {logging_mixin.py:190} INFO - [2026-09-21T10:30:56.866+0000] {dag.py:4180} INFO - Setting next_dagrun for weather_risk_pipeline to 2026-09-21 06:00:00+00:00, run_after=2026-09-22 06:00:00+00:00
[2026-09-21T10:30:56.877+0000] {processor.py:208} INFO - Processing /opt/airflow/dags/weather_pipeline_dag.py took 0.069 seconds
[2026-09-21T10:31:27.019+0000] {processor.py:186} INFO - Started process (PID=689) to work on /opt/airflow/dags/weather_pipeline_dag.py
[2026-09-21T10:31:27.022+0000] {processor.py:914} INFO - Processing file /opt/airflow/dags/weather_pipeline_dag.py for tasks to queue
[2026-09-21T10:31:27.023+0000] {logging_mixin.py:190} INFO - [2026-09-21T10:31:27.023+0000] {dagbag.py:588} INFO - Filling up the DagBag from /opt/airflow/dags/weather_pipeline_dag.py
[2026-09-21T10:31:27.032+0000] {processor.py:925} INFO - DAG(s) 'weather_risk_pipeline' retrieved from /opt/airflow/dags/weather_pipeline_dag.py
[2026-09-21T10:31:27.052+0000] {logging_mixin.py:190} INFO - [2026-09-21T10:31:27.051+0000] {dag.py:3239} INFO - Sync 1 DAGs
[2026-09-21T10:31:27.065+0000] {logging_mixin.py:190} INFO - [2026-09-21T10:31:27.065+0000] {dag.py:4180} INFO - Setting next_dagrun for weather_risk_pipeline to 2026-09-21 06:00:00+00:00, run_after=2026-09-22 06:00:00+00:00
[2026-09-21T10:31:27.110+0000] {processor.py:208} INFO - Processing /opt/airflow/dags/weather_pipeline_dag.py took 0.096 seconds
[2026-09-21T10:31:57.274+0000] {processor.py:186} INFO - Started process (PID=694) to work on /opt/airflow/dags/weather_pipeline_dag.py
[2026-09-21T10:31:57.283+0000] {processor.py:914} INFO - Processing file /opt/airflow/dags/weather_pipeline_dag.py for tasks to queue
[2026-09-21T10:31:57.287+0000] {logging_mixin.py:190} INFO - [2026-09-21T10:31:57.286+0000] {dagbag.py:588} INFO - Filling up the DagBag from /opt/airflow/dags/weather_pipeline_dag.py
[2026-09-21T10:31:57.297+0000] {processor.py:925} INFO - DAG(s) 'weather_risk_pipeline' retrieved from /opt/airflow/dags/weather_pipeline_dag.py
[2026-09-21T10:31:57.316+0000] {logging_mixin.py:190} INFO - [2026-09-21T10:31:57.316+0000] {dag.py:3239} INFO - Sync 1 DAGs
[2026-09-21T10:31:57.330+0000] {logging_mixin.py:190} INFO - [2026-09-21T10:31:57.330+0000] {dag.py:4180} INFO - Setting next_dagrun for weather_risk_pipeline to 2026-09-21 06:00:00+00:00, run_after=2026-09-22 06:00:00+00:00
[2026-09-21T10:31:57.341+0000] {processor.py:208} INFO - Processing /opt/airflow/dags/weather_pipeline_dag.py took 0.071 seconds
[2026-09-21T10:32:27.538+0000] {processor.py:186} INFO - Started process (PID=699) to work on /opt/airflow/dags/weather_pipeline_dag.py
[2026-09-21T10:32:27.542+0000] {processor.py:914} INFO - Processing file /opt/airflow/dags/weather_pipeline_dag.py for tasks to queue
[2026-09-21T10:32:27.544+0000] {logging_mixin.py:190} INFO - [2026-09-21T10:32:27.543+0000] {dagbag.py:588} INFO - Filling up the DagBag from /opt/airflow/dags/weather_pipeline_dag.py
[2026-09-21T10:32:27.554+0000] {processor.py:925} INFO - DAG(s) 'weather_risk_pipeline' retrieved from /opt/airflow/dags/weather_pipeline_dag.py
[2026-09-21T10:32:27.572+0000] {logging_mixin.py:190} INFO - [2026-09-21T10:32:27.572+0000] {dag.py:3239} INFO - Sync 1 DAGs
[2026-09-21T10:32:27.586+0000] {logging_mixin.py:190} INFO - [2026-09-21T10:32:27.585+0000] {dag.py:4180} INFO - Setting next_dagrun for weather_risk_pipeline to 2026-09-21 06:00:00+00:00, run_after=2026-09-22 06:00:00+00:00
[2026-09-21T10:32:27.596+0000] {processor.py:208} INFO - Processing /opt/airflow/dags/weather_pipeline_dag.py took 0.062 seconds
[2026-09-21T10:32:57.770+0000] {processor.py:186} INFO - Started process (PID=704) to work on /opt/airflow/dags/weather_pipeline_dag.py
[2026-09-21T10:32:57.770+0000] {processor.py:914} INFO - Processing file /opt/airflow/dags/weather_pipeline_dag.py for tasks to queue
[2026-09-21T10:32:57.771+0000] {logging_mixin.py:190} INFO - [2026-09-21T10:32:57.771+0000] {dagbag.py:588} INFO - Filling up the DagBag from /opt/airflow/dags/weather_pipeline_dag.py
[2026-09-21T10:32:57.780+0000] {processor.py:925} INFO - DAG(s) 'weather_risk_pipeline' retrieved from /opt/airflow/dags/weather_pipeline_dag.py
[2026-09-21T10:32:57.798+0000] {logging_mixin.py:190} INFO - [2026-09-21T10:32:57.798+0000] {dag.py:3239} INFO - Sync 1 DAGs
[2026-09-21T10:32:57.812+0000] {logging_mixin.py:190} INFO - [2026-09-21T10:32:57.812+0000] {dag.py:4180} INFO - Setting next_dagrun for weather_risk_pipeline to 2026-09-21 06:00:00+00:00, run_after=2026-09-22 06:00:00+00:00
[2026-09-21T10:32:57.823+0000] {processor.py:208} INFO - Processing /opt/airflow/dags/weather_pipeline_dag.py took 0.059 seconds
[2026-09-21T10:33:28.039+0000] {processor.py:186} INFO - Started process (PID=709) to work on /opt/airflow/dags/weather_pipeline_dag.py
[2026-09-21T10:33:28.043+0000] {processor.py:914} INFO - Processing file /opt/airflow/dags/weather_pipeline_dag.py for tasks to queue
[2026-09-21T10:33:28.045+0000] {logging_mixin.py:190} INFO - [2026-09-21T10:33:28.045+0000] {dagbag.py:588} INFO - Filling up the DagBag from /opt/airflow/dags/weather_pipeline_dag.py
[2026-09-21T10:33:28.052+0000] {processor.py:925} INFO - DAG(s) 'weather_risk_pipeline' retrieved from /opt/airflow/dags/weather_pipeline_dag.py
[2026-09-21T10:33:28.070+0000] {logging_mixin.py:190} INFO - [2026-09-21T10:33:28.070+0000] {dag.py:3239} INFO - Sync 1 DAGs
[2026-09-21T10:33:28.084+0000] {logging_mixin.py:190} INFO - [2026-09-21T10:33:28.083+0000] {dag.py:4180} INFO - Setting next_dagrun for weather_risk_pipeline to 2026-09-21 06:00:00+00:00, run_after=2026-09-22 06:00:00+00:00
[2026-09-21T10:33:28.094+0000] {processor.py:208} INFO - Processing /opt/airflow/dags/weather_pipeline_dag.py took 0.059 seconds
[2026-09-21T10:33:58.257+0000] {processor.py:186} INFO - Started process (PID=714) to work on /opt/airflow/dags/weather_pipeline_dag.py
[2026-09-21T10:33:58.266+0000] {processor.py:914} INFO - Processing file /opt/airflow/dags/weather_pipeline_dag.py for tasks to queue
[2026-09-21T10:33:58.267+0000] {logging_mixin.py:190} INFO - [2026-09-21T10:33:58.267+0000] {dagbag.py:588} INFO - Filling up the DagBag from /opt/airflow/dags/weather_pipeline_dag.py
[2026-09-21T10:33:58.273+0000] {processor.py:925} INFO - DAG(s) 'weather_risk_pipeline' retrieved from /opt/airflow/dags/weather_pipeline_dag.py
[2026-09-21T10:33:58.292+0000] {logging_mixin.py:190} INFO - [2026-09-21T10:33:58.292+0000] {dag.py:3239} INFO - Sync 1 DAGs
[2026-09-21T10:33:58.306+0000] {logging_mixin.py:190} INFO - [2026-09-21T10:33:58.305+0000] {dag.py:4180} INFO - Setting next_dagrun for weather_risk_pipeline to 2026-09-21 06:00:00+00:00, run_after=2026-09-22 06:00:00+00:00
[2026-09-21T10:33:58.316+0000] {processor.py:208} INFO - Processing /opt/airflow/dags/weather_pipeline_dag.py took 0.063 seconds
[2026-09-21T10:34:28.537+0000] {processor.py:186} INFO - Started process (PID=719) to work on /opt/airflow/dags/weather_pipeline_dag.py
[2026-09-21T10:34:28.541+0000] {processor.py:914} INFO - Processing file /opt/airflow/dags/weather_pipeline_dag.py for tasks to queue
[2026-09-21T10:34:28.543+0000] {logging_mixin.py:190} INFO - [2026-09-21T10:34:28.543+0000] {dagbag.py:588} INFO - Filling up the DagBag from /opt/airflow/dags/weather_pipeline_dag.py
[2026-09-21T10:34:28.553+0000] {processor.py:925} INFO - DAG(s) 'weather_risk_pipeline' retrieved from /opt/airflow/dags/weather_pipeline_dag.py
[2026-09-21T10:34:28.570+0000] {logging_mixin.py:190} INFO - [2026-09-21T10:34:28.570+0000] {dag.py:3239} INFO - Sync 1 DAGs
[2026-09-21T10:34:28.584+0000] {logging_mixin.py:190} INFO - [2026-09-21T10:34:28.584+0000] {dag.py:4180} INFO - Setting next_dagrun for weather_risk_pipeline to 2026-09-21 06:00:00+00:00, run_after=2026-09-22 06:00:00+00:00
[2026-09-21T10:34:28.595+0000] {processor.py:208} INFO - Processing /opt/airflow/dags/weather_pipeline_dag.py took 0.062 seconds
[2026-09-21T10:34:58.756+0000] {processor.py:186} INFO - Started process (PID=724) to work on /opt/airflow/dags/weather_pipeline_dag.py
[2026-09-21T10:34:58.765+0000] {processor.py:914} INFO - Processing file /opt/airflow/dags/weather_pipeline_dag.py for tasks to queue
[2026-09-21T10:34:58.768+0000] {logging_mixin.py:190} INFO - [2026-09-21T10:34:58.767+0000] {dagbag.py:588} INFO - Filling up the DagBag from /opt/airflow/dags/weather_pipeline_dag.py
[2026-09-21T10:34:58.778+0000] {processor.py:925} INFO - DAG(s) 'weather_risk_pipeline' retrieved from /opt/airflow/dags/weather_pipeline_dag.py
[2026-09-21T10:34:58.797+0000] {logging_mixin.py:190} INFO - [2026-09-21T10:34:58.797+0000] {dag.py:3239} INFO - Sync 1 DAGs
[2026-09-21T10:34:58.811+0000] {logging_mixin.py:190} INFO - [2026-09-21T10:34:58.811+0000] {dag.py:4180} INFO - Setting next_dagrun for weather_risk_pipeline to 2026-09-21 06:00:00+00:00, run_after=2026-09-22 06:00:00+00:00
[2026-09-21T10:34:58.823+0000] {processor.py:208} INFO - Processing /opt/airflow/dags/weather_pipeline_dag.py took 0.072 seconds
[2026-09-21T10:35:29.003+0000] {processor.py:186} INFO - Started process (PID=729) to work on /opt/airflow/dags/weather_pipeline_dag.py
[2026-09-21T10:35:29.005+0000] {processor.py:914} INFO - Processing file /opt/airflow/dags/weather_pipeline_dag.py for tasks to queue
[2026-09-21T10:35:29.006+0000] {logging_mixin.py:190} INFO - [2026-09-21T10:35:29.006+0000] {dagbag.py:588} INFO - Filling up the DagBag from /opt/airflow/dags/weather_pipeline_dag.py
[2026-09-21T10:35:29.013+0000] {processor.py:925} INFO - DAG(s) 'weather_risk_pipeline' retrieved from /opt/airflow/dags/weather_pipeline_dag.py
[2026-09-21T10:35:29.031+0000] {logging_mixin.py:190} INFO - [2026-09-21T10:35:29.031+0000] {dag.py:3239} INFO - Sync 1 DAGs
[2026-09-21T10:35:29.045+0000] {logging_mixin.py:190} INFO - [2026-09-21T10:35:29.045+0000] {dag.py:4180} INFO - Setting next_dagrun for weather_risk_pipeline to 2026-09-21 06:00:00+00:00, run_after=2026-09-22 06:00:00+00:00
[2026-09-21T10:35:29.056+0000] {processor.py:208} INFO - Processing /opt/airflow/dags/weather_pipeline_dag.py took 0.058 seconds
[2026-09-21T10:35:59.248+0000] {processor.py:186} INFO - Started process (PID=734) to work on /opt/airflow/dags/weather_pipeline_dag.py
[2026-09-21T10:35:59.257+0000] {processor.py:914} INFO - Processing file /opt/airflow/dags/weather_pipeline_dag.py for tasks to queue
[2026-09-21T10:35:59.260+0000] {logging_mixin.py:190} INFO - [2026-09-21T10:35:59.259+0000] {dagbag.py:588} INFO - Filling up the DagBag from /opt/airflow/dags/weather_pipeline_dag.py
[2026-09-21T10:35:59.272+0000] {processor.py:925} INFO - DAG(s) 'weather_risk_pipeline' retrieved from /opt/airflow/dags/weather_pipeline_dag.py
[2026-09-21T10:35:59.289+0000] {logging_mixin.py:190} INFO - [2026-09-21T10:35:59.288+0000] {dag.py:3239} INFO - Sync 1 DAGs
[2026-09-21T10:35:59.303+0000] {logging_mixin.py:190} INFO - [2026-09-21T10:35:59.303+0000] {dag.py:4180} INFO - Setting next_dagrun for weather_risk_pipeline to 2026-09-21 06:00:00+00:00, run_after=2026-09-22 06:00:00+00:00
[2026-09-21T10:35:59.313+0000] {processor.py:208} INFO - Processing /opt/airflow/dags/weather_pipeline_dag.py took 0.072 seconds
[2026-09-21T10:36:29.474+0000] {processor.py:186} INFO - Started process (PID=739) to work on /opt/airflow/dags/weather_pipeline_dag.py
[2026-09-21T10:36:29.477+0000] {processor.py:914} INFO - Processing file /opt/airflow/dags/weather_pipeline_dag.py for tasks to queue
[2026-09-21T10:36:29.478+0000] {logging_mixin.py:190} INFO - [2026-09-21T10:36:29.478+0000] {dagbag.py:588} INFO - Filling up the DagBag from /opt/airflow/dags/weather_pipeline_dag.py
[2026-09-21T10:36:29.488+0000] {processor.py:925} INFO - DAG(s) 'weather_risk_pipeline' retrieved from /opt/airflow/dags/weather_pipeline_dag.py
[2026-09-21T10:36:29.505+0000] {logging_mixin.py:190} INFO - [2026-09-21T10:36:29.505+0000] {dag.py:3239} INFO - Sync 1 DAGs
[2026-09-21T10:36:29.519+0000] {logging_mixin.py:190} INFO - [2026-09-21T10:36:29.519+0000] {dag.py:4180} INFO - Setting next_dagrun for weather_risk_pipeline to 2026-09-21 06:00:00+00:00, run_after=2026-09-22 06:00:00+00:00
[2026-09-21T10:36:29.530+0000] {processor.py:208} INFO - Processing /opt/airflow/dags/weather_pipeline_dag.py took 0.061 seconds
[2026-09-21T10:36:59.695+0000] {processor.py:186} INFO - Started process (PID=744) to work on /opt/airflow/dags/weather_pipeline_dag.py
[2026-09-21T10:36:59.696+0000] {processor.py:914} INFO - Processing file /opt/airflow/dags/weather_pipeline_dag.py for tasks to queue
[2026-09-21T10:36:59.698+0000] {logging_mixin.py:190} INFO - [2026-09-21T10:36:59.697+0000] {dagbag.py:588} INFO - Filling up the DagBag from /opt/airflow/dags/weather_pipeline_dag.py
[2026-09-21T10:36:59.707+0000] {processor.py:925} INFO - DAG(s) 'weather_risk_pipeline' retrieved from /opt/airflow/dags/weather_pipeline_dag.py
[2026-09-21T10:36:59.725+0000] {logging_mixin.py:190} INFO - [2026-09-21T10:36:59.725+0000] {dag.py:3239} INFO - Sync 1 DAGs
[2026-09-21T10:36:59.739+0000] {logging_mixin.py:190} INFO - [2026-09-21T10:36:59.739+0000] {dag.py:4180} INFO - Setting next_dagrun for weather_risk_pipeline to 2026-09-21 06:00:00+00:00, run_after=2026-09-22 06:00:00+00:00
[2026-09-21T10:36:59.750+0000] {processor.py:208} INFO - Processing /opt/airflow/dags/weather_pipeline_dag.py took 0.060 seconds
[2026-09-21T10:37:29.934+0000] {processor.py:186} INFO - Started process (PID=749) to work on /opt/airflow/dags/weather_pipeline_dag.py
[2026-09-21T10:37:29.936+0000] {processor.py:914} INFO - Processing file /opt/airflow/dags/weather_pipeline_dag.py for tasks to queue
[2026-09-21T10:37:29.938+0000] {logging_mixin.py:190} INFO - [2026-09-21T10:37:29.938+0000] {dagbag.py:588} INFO - Filling up the DagBag from /opt/airflow/dags/weather_pipeline_dag.py
[2026-09-21T10:37:29.946+0000] {processor.py:925} INFO - DAG(s) 'weather_risk_pipeline' retrieved from /opt/airflow/dags/weather_pipeline_dag.py
[2026-09-21T10:37:29.964+0000] {logging_mixin.py:190} INFO - [2026-09-21T10:37:29.964+0000] {dag.py:3239} INFO - Sync 1 DAGs
[2026-09-21T10:37:29.978+0000] {logging_mixin.py:190} INFO - [2026-09-21T10:37:29.978+0000] {dag.py:4180} INFO - Setting next_dagrun for weather_risk_pipeline to 2026-09-21 06:00:00+00:00, run_after=2026-09-22 06:00:00+00:00
[2026-09-21T10:37:29.989+0000] {processor.py:208} INFO - Processing /opt/airflow/dags/weather_pipeline_dag.py took 0.060 seconds
[2026-09-21T10:38:00.185+0000] {processor.py:186} INFO - Started process (PID=754) to work on /opt/airflow/dags/weather_pipeline_dag.py
[2026-09-21T10:38:00.193+0000] {processor.py:914} INFO - Processing file /opt/airflow/dags/weather_pipeline_dag.py for tasks to queue
[2026-09-21T10:38:00.197+0000] {logging_mixin.py:190} INFO - [2026-09-21T10:38:00.196+0000] {dagbag.py:588} INFO - Filling up the DagBag from /opt/airflow/dags/weather_pipeline_dag.py
[2026-09-21T10:38:00.207+0000] {processor.py:925} INFO - DAG(s) 'weather_risk_pipeline' retrieved from /opt/airflow/dags/weather_pipeline_dag.py
[2026-09-21T10:38:00.225+0000] {logging_mixin.py:190} INFO - [2026-09-21T10:38:00.225+0000] {dag.py:3239} INFO - Sync 1 DAGs
[2026-09-21T10:38:00.240+0000] {logging_mixin.py:190} INFO - [2026-09-21T10:38:00.240+0000] {dag.py:4180} INFO - Setting next_dagrun for weather_risk_pipeline to 2026-09-21 06:00:00+00:00, run_after=2026-09-22 06:00:00+00:00
[2026-09-21T10:38:00.251+0000] {processor.py:208} INFO - Processing /opt/airflow/dags/weather_pipeline_dag.py took 0.071 seconds
[2026-09-21T10:38:30.431+0000] {processor.py:186} INFO - Started process (PID=759) to work on /opt/airflow/dags/weather_pipeline_dag.py
[2026-09-21T10:38:30.433+0000] {processor.py:914} INFO - Processing file /opt/airflow/dags/weather_pipeline_dag.py for tasks to queue
[2026-09-21T10:38:30.434+0000] {logging_mixin.py:190} INFO - [2026-09-21T10:38:30.434+0000] {dagbag.py:588} INFO - Filling up the DagBag from /opt/airflow/dags/weather_pipeline_dag.py
[2026-09-21T10:38:30.443+0000] {processor.py:925} INFO - DAG(s) 'weather_risk_pipeline' retrieved from /opt/airflow/dags/weather_pipeline_dag.py
[2026-09-21T10:38:30.461+0000] {logging_mixin.py:190} INFO - [2026-09-21T10:38:30.461+0000] {dag.py:3239} INFO - Sync 1 DAGs
[2026-09-21T10:38:30.475+0000] {logging_mixin.py:190} INFO - [2026-09-21T10:38:30.475+0000] {dag.py:4180} INFO - Setting next_dagrun for weather_risk_pipeline to 2026-09-21 06:00:00+00:00, run_after=2026-09-22 06:00:00+00:00
[2026-09-21T10:38:30.486+0000] {processor.py:208} INFO - Processing /opt/airflow/dags/weather_pipeline_dag.py took 0.060 seconds
[2026-09-21T10:39:00.646+0000] {processor.py:186} INFO - Started process (PID=764) to work on /opt/airflow/dags/weather_pipeline_dag.py
[2026-09-21T10:39:00.654+0000] {processor.py:914} INFO - Processing file /opt/airflow/dags/weather_pipeline_dag.py for tasks to queue
[2026-09-21T10:39:00.657+0000] {logging_mixin.py:190} INFO - [2026-09-21T10:39:00.656+0000] {dagbag.py:588} INFO - Filling up the DagBag from /opt/airflow/dags/weather_pipeline_dag.py
[2026-09-21T10:39:00.668+0000] {processor.py:925} INFO - DAG(s) 'weather_risk_pipeline' retrieved from /opt/airflow/dags/weather_pipeline_dag.py
[2026-09-21T10:39:00.686+0000] {logging_mixin.py:190} INFO - [2026-09-21T10:39:00.686+0000] {dag.py:3239} INFO - Sync 1 DAGs
[2026-09-21T10:39:00.700+0000] {logging_mixin.py:190} INFO - [2026-09-21T10:39:00.699+0000] {dag.py:4180} INFO - Setting next_dagrun for weather_risk_pipeline to 2026-09-21 06:00:00+00:00, run_after=2026-09-22 06:00:00+00:00
[2026-09-21T10:39:00.729+0000] {processor.py:208} INFO - Processing /opt/airflow/dags/weather_pipeline_dag.py took 0.087 seconds
[2026-09-21T10:39:30.907+0000] {processor.py:186} INFO - Started process (PID=769) to work on /opt/airflow/dags/weather_pipeline_dag.py
[2026-09-21T10:39:30.910+0000] {processor.py:914} INFO - Processing file /opt/airflow/dags/weather_pipeline_dag.py for tasks to queue
[2026-09-21T10:39:30.911+0000] {logging_mixin.py:190} INFO - [2026-09-21T10:39:30.911+0000] {dagbag.py:588} INFO - Filling up the DagBag from /opt/airflow/dags/weather_pipeline_dag.py
[2026-09-21T10:39:30.917+0000] {processor.py:925} INFO - DAG(s) 'weather_risk_pipeline' retrieved from /opt/airflow/dags/weather_pipeline_dag.py
[2026-09-21T10:39:30.935+0000] {logging_mixin.py:190} INFO - [2026-09-21T10:39:30.935+0000] {dag.py:3239} INFO - Sync 1 DAGs
[2026-09-21T10:39:30.950+0000] {logging_mixin.py:190} INFO - [2026-09-21T10:39:30.950+0000] {dag.py:4180} INFO - Setting next_dagrun for weather_risk_pipeline to 2026-09-21 06:00:00+00:00, run_after=2026-09-22 06:00:00+00:00
[2026-09-21T10:39:30.960+0000] {processor.py:208} INFO - Processing /opt/airflow/dags/weather_pipeline_dag.py took 0.058 seconds
[2026-09-21T10:40:01.169+0000] {processor.py:186} INFO - Started process (PID=774) to work on /opt/airflow/dags/weather_pipeline_dag.py
[2026-09-21T10:40:01.177+0000] {processor.py:914} INFO - Processing file /opt/airflow/dags/weather_pipeline_dag.py for tasks to queue
[2026-09-21T10:40:01.179+0000] {logging_mixin.py:190} INFO - [2026-09-21T10:40:01.179+0000] {dagbag.py:588} INFO - Filling up the DagBag from /opt/airflow/dags/weather_pipeline_dag.py
[2026-09-21T10:40:01.186+0000] {processor.py:925} INFO - DAG(s) 'weather_risk_pipeline' retrieved from /opt/airflow/dags/weather_pipeline_dag.py
[2026-09-21T10:40:01.203+0000] {logging_mixin.py:190} INFO - [2026-09-21T10:40:01.203+0000] {dag.py:3239} INFO - Sync 1 DAGs
[2026-09-21T10:40:01.218+0000] {logging_mixin.py:190} INFO - [2026-09-21T10:40:01.218+0000] {dag.py:4180} INFO - Setting next_dagrun for weather_risk_pipeline to 2026-09-21 06:00:00+00:00, run_after=2026-09-22 06:00:00+00:00
[2026-09-21T10:40:01.229+0000] {processor.py:208} INFO - Processing /opt/airflow/dags/weather_pipeline_dag.py took 0.064 seconds
[2026-09-21T10:40:31.381+0000] {processor.py:186} INFO - Started process (PID=779) to work on /opt/airflow/dags/weather_pipeline_dag.py
[2026-09-21T10:40:31.385+0000] {processor.py:914} INFO - Processing file /opt/airflow/dags/weather_pipeline_dag.py for tasks to queue
[2026-09-21T10:40:31.387+0000] {logging_mixin.py:190} INFO - [2026-09-21T10:40:31.387+0000] {dagbag.py:588} INFO - Filling up the DagBag from /opt/airflow/dags/weather_pipeline_dag.py
[2026-09-21T10:40:31.397+0000] {processor.py:925} INFO - DAG(s) 'weather_risk_pipeline' retrieved from /opt/airflow/dags/weather_pipeline_dag.py
[2026-09-21T10:40:31.416+0000] {logging_mixin.py:190} INFO - [2026-09-21T10:40:31.416+0000] {dag.py:3239} INFO - Sync 1 DAGs
[2026-09-21T10:40:31.430+0000] {logging_mixin.py:190} INFO - [2026-09-21T10:40:31.430+0000] {dag.py:4180} INFO - Setting next_dagrun for weather_risk_pipeline to 2026-09-21 06:00:00+00:00, run_after=2026-09-22 06:00:00+00:00
[2026-09-21T10:40:31.441+0000] {processor.py:208} INFO - Processing /opt/airflow/dags/weather_pipeline_dag.py took 0.064 seconds
[2026-09-21T10:41:01.634+0000] {processor.py:186} INFO - Started process (PID=784) to work on /opt/airflow/dags/weather_pipeline_dag.py
[2026-09-21T10:41:01.634+0000] {processor.py:914} INFO - Processing file /opt/airflow/dags/weather_pipeline_dag.py for tasks to queue
[2026-09-21T10:41:01.636+0000] {logging_mixin.py:190} INFO - [2026-09-21T10:41:01.636+0000] {dagbag.py:588} INFO - Filling up the DagBag from /opt/airflow/dags/weather_pipeline_dag.py
[2026-09-21T10:41:01.643+0000] {processor.py:925} INFO - DAG(s) 'weather_risk_pipeline' retrieved from /opt/airflow/dags/weather_pipeline_dag.py
[2026-09-21T10:41:01.661+0000] {logging_mixin.py:190} INFO - [2026-09-21T10:41:01.661+0000] {dag.py:3239} INFO - Sync 1 DAGs
[2026-09-21T10:41:01.675+0000] {logging_mixin.py:190} INFO - [2026-09-21T10:41:01.675+0000] {dag.py:4180} INFO - Setting next_dagrun for weather_risk_pipeline to 2026-09-21 06:00:00+00:00, run_after=2026-09-22 06:00:00+00:00
[2026-09-21T10:41:01.686+0000] {processor.py:208} INFO - Processing /opt/airflow/dags/weather_pipeline_dag.py took 0.056 seconds
[2026-09-21T10:41:31.863+0000] {processor.py:186} INFO - Started process (PID=789) to work on /opt/airflow/dags/weather_pipeline_dag.py
[2026-09-21T10:41:31.866+0000] {processor.py:914} INFO - Processing file /opt/airflow/dags/weather_pipeline_dag.py for tasks to queue
[2026-09-21T10:41:31.868+0000] {logging_mixin.py:190} INFO - [2026-09-21T10:41:31.867+0000] {dagbag.py:588} INFO - Filling up the DagBag from /opt/airflow/dags/weather_pipeline_dag.py
[2026-09-21T10:41:31.876+0000] {processor.py:925} INFO - DAG(s) 'weather_risk_pipeline' retrieved from /opt/airflow/dags/weather_pipeline_dag.py
[2026-09-21T10:41:31.895+0000] {logging_mixin.py:190} INFO - [2026-09-21T10:41:31.895+0000] {dag.py:3239} INFO - Sync 1 DAGs
[2026-09-21T10:41:31.909+0000] {logging_mixin.py:190} INFO - [2026-09-21T10:41:31.909+0000] {dag.py:4180} INFO - Setting next_dagrun for weather_risk_pipeline to 2026-09-21 06:00:00+00:00, run_after=2026-09-22 06:00:00+00:00
[2026-09-21T10:41:31.919+0000] {processor.py:208} INFO - Processing /opt/airflow/dags/weather_pipeline_dag.py took 0.061 seconds
[2026-09-21T10:42:02.126+0000] {processor.py:186} INFO - Started process (PID=794) to work on /opt/airflow/dags/weather_pipeline_dag.py
[2026-09-21T10:42:02.135+0000] {processor.py:914} INFO - Processing file /opt/airflow/dags/weather_pipeline_dag.py for tasks to queue
[2026-09-21T10:42:02.138+0000] {logging_mixin.py:190} INFO - [2026-09-21T10:42:02.137+0000] {dagbag.py:588} INFO - Filling up the DagBag from /opt/airflow/dags/weather_pipeline_dag.py
[2026-09-21T10:42:02.150+0000] {processor.py:925} INFO - DAG(s) 'weather_risk_pipeline' retrieved from /opt/airflow/dags/weather_pipeline_dag.py
[2026-09-21T10:42:02.168+0000] {logging_mixin.py:190} INFO - [2026-09-21T10:42:02.168+0000] {dag.py:3239} INFO - Sync 1 DAGs
[2026-09-21T10:42:02.182+0000] {logging_mixin.py:190} INFO - [2026-09-21T10:42:02.182+0000] {dag.py:4180} INFO - Setting next_dagrun for weather_risk_pipeline to 2026-09-21 06:00:00+00:00, run_after=2026-09-22 06:00:00+00:00
[2026-09-21T10:42:02.193+0000] {processor.py:208} INFO - Processing /opt/airflow/dags/weather_pipeline_dag.py took 0.071 seconds
[2026-09-21T10:42:32.358+0000] {processor.py:186} INFO - Started process (PID=799) to work on /opt/airflow/dags/weather_pipeline_dag.py
[2026-09-21T10:42:32.359+0000] {processor.py:914} INFO - Processing file /opt/airflow/dags/weather_pipeline_dag.py for tasks to queue
[2026-09-21T10:42:32.362+0000] {logging_mixin.py:190} INFO - [2026-09-21T10:42:32.361+0000] {dagbag.py:588} INFO - Filling up the DagBag from /opt/airflow/dags/weather_pipeline_dag.py
[2026-09-21T10:42:32.371+0000] {processor.py:925} INFO - DAG(s) 'weather_risk_pipeline' retrieved from /opt/airflow/dags/weather_pipeline_dag.py
[2026-09-21T10:42:32.389+0000] {logging_mixin.py:190} INFO - [2026-09-21T10:42:32.389+0000] {dag.py:3239} INFO - Sync 1 DAGs
[2026-09-21T10:42:32.403+0000] {logging_mixin.py:190} INFO - [2026-09-21T10:42:32.403+0000] {dag.py:4180} INFO - Setting next_dagrun for weather_risk_pipeline to 2026-09-21 06:00:00+00:00, run_after=2026-09-22 06:00:00+00:00
[2026-09-21T10:42:32.415+0000] {processor.py:208} INFO - Processing /opt/airflow/dags/weather_pipeline_dag.py took 0.063 seconds
[2026-09-21T10:43:02.637+0000] {processor.py:186} INFO - Started process (PID=804) to work on /opt/airflow/dags/weather_pipeline_dag.py
[2026-09-21T10:43:02.646+0000] {processor.py:914} INFO - Processing file /opt/airflow/dags/weather_pipeline_dag.py for tasks to queue
[2026-09-21T10:43:02.649+0000] {logging_mixin.py:190} INFO - [2026-09-21T10:43:02.649+0000] {dagbag.py:588} INFO - Filling up the DagBag from /opt/airflow/dags/weather_pipeline_dag.py
[2026-09-21T10:43:02.661+0000] {processor.py:925} INFO - DAG(s) 'weather_risk_pipeline' retrieved from /opt/airflow/dags/weather_pipeline_dag.py
[2026-09-21T10:43:02.679+0000] {logging_mixin.py:190} INFO - [2026-09-21T10:43:02.678+0000] {dag.py:3239} INFO - Sync 1 DAGs
[2026-09-21T10:43:02.693+0000] {logging_mixin.py:190} INFO - [2026-09-21T10:43:02.693+0000] {dag.py:4180} INFO - Setting next_dagrun for weather_risk_pipeline to 2026-09-21 06:00:00+00:00, run_after=2026-09-22 06:00:00+00:00
[2026-09-21T10:43:02.703+0000] {processor.py:208} INFO - Processing /opt/airflow/dags/weather_pipeline_dag.py took 0.071 seconds
[2026-09-21T10:43:32.888+0000] {processor.py:186} INFO - Started process (PID=809) to work on /opt/airflow/dags/weather_pipeline_dag.py
[2026-09-21T10:43:32.889+0000] {processor.py:914} INFO - Processing file /opt/airflow/dags/weather_pipeline_dag.py for tasks to queue
[2026-09-21T10:43:32.892+0000] {logging_mixin.py:190} INFO - [2026-09-21T10:43:32.891+0000] {dagbag.py:588} INFO - Filling up the DagBag from /opt/airflow/dags/weather_pipeline_dag.py
[2026-09-21T10:43:32.900+0000] {processor.py:925} INFO - DAG(s) 'weather_risk_pipeline' retrieved from /opt/airflow/dags/weather_pipeline_dag.py
[2026-09-21T10:43:32.918+0000] {logging_mixin.py:190} INFO - [2026-09-21T10:43:32.918+0000] {dag.py:3239} INFO - Sync 1 DAGs
[2026-09-21T10:43:32.932+0000] {logging_mixin.py:190} INFO - [2026-09-21T10:43:32.932+0000] {dag.py:4180} INFO - Setting next_dagrun for weather_risk_pipeline to 2026-09-21 06:00:00+00:00, run_after=2026-09-22 06:00:00+00:00
[2026-09-21T10:43:32.943+0000] {processor.py:208} INFO - Processing /opt/airflow/dags/weather_pipeline_dag.py took 0.061 seconds
[2026-09-21T10:44:03.129+0000] {processor.py:186} INFO - Started process (PID=814) to work on /opt/airflow/dags/weather_pipeline_dag.py
[2026-09-21T10:44:03.138+0000] {processor.py:914} INFO - Processing file /opt/airflow/dags/weather_pipeline_dag.py for tasks to queue
[2026-09-21T10:44:03.141+0000] {logging_mixin.py:190} INFO - [2026-09-21T10:44:03.140+0000] {dagbag.py:588} INFO - Filling up the DagBag from /opt/airflow/dags/weather_pipeline_dag.py
[2026-09-21T10:44:03.152+0000] {processor.py:925} INFO - DAG(s) 'weather_risk_pipeline' retrieved from /opt/airflow/dags/weather_pipeline_dag.py
[2026-09-21T10:44:03.170+0000] {logging_mixin.py:190} INFO - [2026-09-21T10:44:03.170+0000] {dag.py:3239} INFO - Sync 1 DAGs
[2026-09-21T10:44:03.184+0000] {logging_mixin.py:190} INFO - [2026-09-21T10:44:03.184+0000] {dag.py:4180} INFO - Setting next_dagrun for weather_risk_pipeline to 2026-09-21 06:00:00+00:00, run_after=2026-09-22 06:00:00+00:00
[2026-09-21T10:44:03.196+0000] {processor.py:208} INFO - Processing /opt/airflow/dags/weather_pipeline_dag.py took 0.075 seconds
[2026-09-21T10:44:33.391+0000] {processor.py:186} INFO - Started process (PID=819) to work on /opt/airflow/dags/weather_pipeline_dag.py
[2026-09-21T10:44:33.393+0000] {processor.py:914} INFO - Processing file /opt/airflow/dags/weather_pipeline_dag.py for tasks to queue
[2026-09-21T10:44:33.394+0000] {logging_mixin.py:190} INFO - [2026-09-21T10:44:33.394+0000] {dagbag.py:588} INFO - Filling up the DagBag from /opt/airflow/dags/weather_pipeline_dag.py
[2026-09-21T10:44:33.402+0000] {processor.py:925} INFO - DAG(s) 'weather_risk_pipeline' retrieved from /opt/airflow/dags/weather_pipeline_dag.py
[2026-09-21T10:44:33.421+0000] {logging_mixin.py:190} INFO - [2026-09-21T10:44:33.421+0000] {dag.py:3239} INFO - Sync 1 DAGs
[2026-09-21T10:44:33.435+0000] {logging_mixin.py:190} INFO - [2026-09-21T10:44:33.435+0000] {dag.py:4180} INFO - Setting next_dagrun for weather_risk_pipeline to 2026-09-21 06:00:00+00:00, run_after=2026-09-22 06:00:00+00:00
[2026-09-21T10:44:33.446+0000] {processor.py:208} INFO - Processing /opt/airflow/dags/weather_pipeline_dag.py took 0.061 seconds
[2026-09-21T10:48:29.442+0000] {processor.py:186} INFO - Started process (PID=824) to work on /opt/airflow/dags/weather_pipeline_dag.py
[2026-09-21T10:48:29.451+0000] {processor.py:914} INFO - Processing file /opt/airflow/dags/weather_pipeline_dag.py for tasks to queue
[2026-09-21T10:48:29.452+0000] {logging_mixin.py:190} INFO - [2026-09-21T10:48:29.452+0000] {dagbag.py:588} INFO - Filling up the DagBag from /opt/airflow/dags/weather_pipeline_dag.py
[2026-09-21T10:48:29.459+0000] {processor.py:925} INFO - DAG(s) 'weather_risk_pipeline' retrieved from /opt/airflow/dags/weather_pipeline_dag.py
[2026-09-21T10:48:29.478+0000] {logging_mixin.py:190} INFO - [2026-09-21T10:48:29.478+0000] {dag.py:3239} INFO - Sync 1 DAGs
[2026-09-21T10:48:29.492+0000] {logging_mixin.py:190} INFO - [2026-09-21T10:48:29.492+0000] {dag.py:4180} INFO - Setting next_dagrun for weather_risk_pipeline to 2026-09-21 06:00:00+00:00, run_after=2026-09-22 06:00:00+00:00
[2026-09-21T10:48:29.503+0000] {processor.py:208} INFO - Processing /opt/airflow/dags/weather_pipeline_dag.py took 0.066 seconds
[2026-09-21T10:48:59.672+0000] {processor.py:186} INFO - Started process (PID=829) to work on /opt/airflow/dags/weather_pipeline_dag.py
[2026-09-21T10:48:59.673+0000] {processor.py:914} INFO - Processing file /opt/airflow/dags/weather_pipeline_dag.py for tasks to queue
[2026-09-21T10:48:59.674+0000] {logging_mixin.py:190} INFO - [2026-09-21T10:48:59.674+0000] {dagbag.py:588} INFO - Filling up the DagBag from /opt/airflow/dags/weather_pipeline_dag.py
[2026-09-21T10:48:59.682+0000] {processor.py:925} INFO - DAG(s) 'weather_risk_pipeline' retrieved from /opt/airflow/dags/weather_pipeline_dag.py
[2026-09-21T10:48:59.700+0000] {logging_mixin.py:190} INFO - [2026-09-21T10:48:59.700+0000] {dag.py:3239} INFO - Sync 1 DAGs
[2026-09-21T10:48:59.714+0000] {logging_mixin.py:190} INFO - [2026-09-21T10:48:59.714+0000] {dag.py:4180} INFO - Setting next_dagrun for weather_risk_pipeline to 2026-09-21 06:00:00+00:00, run_after=2026-09-22 06:00:00+00:00
[2026-09-21T10:48:59.726+0000] {processor.py:208} INFO - Processing /opt/airflow/dags/weather_pipeline_dag.py took 0.058 seconds
