city,latitude,longitude,forecast_date,temp_max,temp_min,precipitation_mm,precipitation_prob,wind_speed_max,wind_gust_max,weather_code,extracted_at,temp_category,precipitation_category,wind_category,risk_score,risk_level,data_quality_flag,day_of_week,is_weekend,days_ahead
Ad Dakhla,23.725834,-15.966187,2026-09-17,22.3,20.7,0.0,0,41.0,52.2,1,2026-09-17 16:50:11,Normal,Aucune,Fort,17.4,Faible,Complet,Thursday,False,0
Ad Dakhla,23.725834,-15.966187,2026-09-18,21.2,20.5,0.0,0,35.9,46.1,0,2026-09-17 16:50:11,Normal,Aucune,Modéré,15.4,Faible,Complet,Friday,True,1
Ad Dakhla,23.725834,-15.966187,2026-09-19,21.1,19.9,0.0,0,29.5,36.7,0,2026-09-17 16:50:11,Normal,Aucune,Modéré,12.2,Faible,Complet,Saturday,True,2
Ad Dakhla,23.725834,-15.966187,2026-09-20,21.4,19.4,0.0,0,30.4,38.2,0,2026-09-17 16:50:11,Normal,Aucune,Modéré,12.7,Faible,Complet,Sunday,False,3
Ad Dakhla,23.725834,-15.966187,2026-09-21,21.5,20.2,0.0,2,30.2,37.8,0,2026-09-17 16:50:11,Normal,Aucune,Modéré,12.8,Faible,Complet,Monday,False,4
Ad Dakhla,23.725834,-15.966187,2026-09-22,21.9,20.3,0.0,7,33.7,42.5,0,2026-09-17 16:50:11,Normal,Aucune,Modéré,14.9,Faible,Complet,Tuesday,False,5
Ad Dakhla,23.725834,-15.966187,2026-09-23,21.7,20.4,0.0,9,29.9,42.1,2,2026-09-17 16:50:11,Normal,Aucune,Modéré,14.9,Faible,Complet,Wednesday,False,6
Ad Darwa,33.4375,-7.5625,2026-09-17,26.9,18.3,0.0,0,15.5,30.6,3,2026-09-17 13:00:53,Normal,Aucune,Modéré,10.2,Faible,Complet,Thursday,False,0
Ad Darwa,33.4375,-7.5625,2026-09-18,27.4,17.0,0.0,0,15.4,30.2,3,2026-09-17 13:00:53,Normal,Aucune,Modéré,10.1,Faible,Complet,Friday,True,1
Ad Darwa,33.4375,-7.5625,2026-09-19,29.9,17.8,0.0,0,15.2,30.2,45,2026-09-17 13:00:53,Normal,Aucune,Modéré,20.1,Faible,Complet,Saturday,True,2
Ad Darwa,33.4375,-7.5625,2026-09-20,32.8,20.5,0.0,0,14.4,28.8,45,2026-09-17 13:00:53,Chaud,Aucune,Calme,19.6,Faible,Complet,Sunday,False,3
Ad Darwa,33.4375,-7.5625,2026-09-21,32.6,19.7,0.0,0,15.9,31.7,45,2026-09-17 13:00:53,Chaud,Aucune,Modéré,20.6,Faible,Complet,Monday,False,4
Ad Darwa,33.4375,-7.5625,2026-09-22,33.5,19.5,0.0,0,16.9,33.1,45,2026-09-17 13:00:53,Chaud,Aucune,Modéré,21.0,Faible,Complet,Tuesday,False,5
Ad Darwa,33.4375,-7.5625,2026-09-23,32.2,19.1,0.0,0,18.7,36.4,45,2026-09-17 13:00:53,Chaud,Aucune,Modéré,22.1,Faible,Complet,Wednesday,False,6
Agadir,30.4375,-9.5625,2026-09-17,28.6,20.5,0.0,0,14.5,37.1,3,2026-09-17 13:00:38,Normal,Aucune,Modéré,12.4,Faible,Complet,Thursday,False,0
Agadir,30.4375,-9.5625,2026-09-18,26.3,19.7,0.0,0,12.4,35.6,1,2026-09-17 13:00:38,Normal,Aucune,Modéré,11.9,Faible,Complet,Friday,True,1
Agadir,30.4375,-9.5625,2026-09-19,26.5,20.4,0.0,0,13.3,37.8,2,2026-09-17 13:00:38,Normal,Aucune,Modéré,12.6,Faible,Complet,Saturday,True,2
Agadir,30.4375,-9.5625,2026-09-20,27.0,20.5,0.0,0,13.1,36.4,45,2026-09-17 13:00:38,Normal,Aucune,Modéré,22.1,Faible,Complet,Sunday,False,3
Agadir,30.4375,-9.5625,2026-09-21,30.6,21.7,0.0,0,9.7,29.9,45,2026-09-17 13:00:38,Chaud,Aucune,Calme,20.0,Faible,Complet,Monday,False,4
Agadir,30.4375,-9.5625,2026-09-22,38.3,21.6,0.0,0,17.2,33.1,45,2026-09-17 13:00:38,Extrême,Aucune,Modéré,21.5,Faible,Complet,Tuesday,False,5
Agadir,30.4375,-9.5625,2026-09-23,37.5,22.2,0.0,0,14.0,28.4,0,2026-09-17 13:00:38,Chaud,Aucune,Calme,9.5,Faible,Complet,Wednesday,False,6
Aguelmous,33.125,-5.8125,2026-09-17,29.3,15.1,0.0,0,16.7,33.5,3,2026-09-17 16:50:33,Normal,Aucune,Modéré,11.2,Faible,Complet,Thursday,False,0
Aguelmous,33.125,-5.8125,2026-09-18,30.1,15.3,0.0,0,18.2,40.0,3,2026-09-17 16:50:33,Chaud,Aucune,Modéré,13.3,Faible,Complet,Friday,True,1
Aguelmous,33.125,-5.8125,2026-09-19,32.1,17.3,0.0,10,16.6,35.6,3,2026-09-17 16:50:33,Chaud,Aucune,Modéré,12.9,Faible,Complet,Saturday,True,2
Aguelmous,33.125,-5.8125,2026-09-20,32.8,20.9,0.6,10,15.8,49.7,80,2026-09-17 16:50:33,Chaud,Faible,Modéré,28.1,Modéré,Complet,Sunday,False,3
Aguelmous,33.125,-5.8125,2026-09-21,31.8,21.1,0.6,10,19.1,39.6,3,2026-09-17 16:50:33,Chaud,Faible,Modéré,14.7,Faible,Complet,Monday,False,4
Aguelmous,33.125,-5.8125,2026-09-22,31.3,17.1,0.0,1,17.8,36.7,2,2026-09-17 16:50:33,Chaud,Aucune,Modéré,12.3,Faible,Complet,Tuesday,False,5
Aguelmous,33.125,-5.8125,2026-09-23,32.9,17.2,0.0,3,20.6,42.8,2,2026-09-17 16:50:33,Chaud,Aucune,Modéré,14.6,Faible,Complet,Wednesday,False,6
Ain El Aouda,33.8125,-6.8125,2026-09-17,26.1,16.5,0.0,0,15.5,31.0,3,2026-09-17 13:00:52,Normal,Aucune,Modéré,10.3,Faible,Complet,Thursday,False,0
Ain El Aouda,33.8125,-6.8125,2026-09-18,27.2,15.0,0.0,0,15.6,31.3,45,2026-09-17 13:00:52,Normal,Aucune,Modéré,20.4,Faible,Complet,Friday,True,1
Ain El Aouda,33.8125,-6.8125,2026-09-19,30.9,15.5,0.0,0,15.1,30.2,45,2026-09-17 13:00:52,Chaud,Aucune,Modéré,20.1,Faible,Complet,Saturday,True,2
Ain El Aouda,33.8125,-6.8125,2026-09-20,32.7,19.6,0.0,0,14.3,28.8,2,2026-09-17 13:00:52,Chaud,Aucune,Calme,9.6,Faible,Complet,Sunday,False,3
Ain El Aouda,33.8125,-6.8125,2026-09-21,33.2,19.5,0.0,0,15.8,31.3,1,2026-09-17 13:00:52,Chaud,Aucune,Modéré,10.4,Faible,Complet,Monday,False,4
Ain El Aouda,33.8125,-6.8125,2026-09-22,32.1,19.0,0.0,0,15.0,29.2,45,2026-09-17 13:00:52,Chaud,Aucune,Calme,19.7,Faible,Complet,Tuesday,False,5
Ain El Aouda,33.8125,-6.8125,2026-09-23,31.7,17.2,0.0,0,16.5,32.0,45,2026-09-17 13:00:52,Chaud,Aucune,Modéré,20.7,Faible,Complet,Wednesday,False,6
Ait Ali,30.1875,-9.5,2026-09-17,26.5,20.8,0.0,0,24.5,39.6,3,2026-09-17 16:50:15,Normal,Aucune,Modéré,13.2,Faible,Complet,Thursday,False,0
Ait Ali,30.1875,-9.5,2026-09-18,26.1,19.5,0.0,0,22.5,36.4,2,2026-09-17 16:50:15,Normal,Aucune,Modéré,12.1,Faible,Complet,Friday,True,1
Ait Ali,30.1875,-9.5,2026-09-19,26.4,20.1,0.0,0,20.5,34.2,2,2026-09-17 16:50:15,Normal,Aucune,Modéré,11.4,Faible,Complet,Saturday,True,2
Ait Ali,30.1875,-9.5,2026-09-20,26.8,20.4,0.0,0,19.5,32.4,2,2026-09-17 16:50:15,Normal,Aucune,Modéré,10.8,Faible,Complet,Sunday,False,3
Ait Ali,30.1875,-9.5,2026-09-21,29.8,20.3,0.0,0,18.2,30.2,0,2026-09-17 16:50:15,Normal,Aucune,Modéré,10.1,Faible,Complet,Monday,False,4
Ait Ali,30.1875,-9.5,2026-09-22,35.5,20.5,0.0,0,18.0,32.8,0,2026-09-17 16:50:15,Chaud,Aucune,Modéré,10.9,Faible,Complet,Tuesday,False,5
Ait Ali,30.1875,-9.5,2026-09-23,34.0,21.1,0.0,0,18.9,33.1,0,2026-09-17 16:50:15,Chaud,Aucune,Modéré,11.0,Faible,Complet,Wednesday,False,6
Ait Melloul,30.3125,-9.5,2026-09-17,26.9,21.2,0.0,0,17.3,34.6,3,2026-09-17 16:50:08,Normal,Aucune,Modéré,11.5,Faible,Complet,Thursday,False,0
Ait Melloul,30.3125,-9.5,2026-09-18,26.1,19.8,0.0,0,17.4,35.3,1,2026-09-17 16:50:08,Normal,Aucune,Modéré,11.8,Faible,Complet,Friday,True,1
Ait Melloul,30.3125,-9.5,2026-09-19,26.1,20.3,0.0,0,19.9,39.6,3,2026-09-17 16:50:08,Normal,Aucune,Modéré,13.2,Faible,Complet,Saturday,True,2
Ait Melloul,30.3125,-9.5,2026-09-20,26.9,20.7,0.0,0,18.4,37.4,2,2026-09-17 16:50:08,Normal,Aucune,Modéré,12.5,Faible,Complet,Sunday,False,3
Ait Melloul,30.3125,-9.5,2026-09-21,29.0,19.9,0.0,0,15.8,33.5,2,2026-09-17 16:50:08,Normal,Aucune,Modéré,11.2,Faible,Complet,Monday,False,4
Ait Melloul,30.3125,-9.5,2026-09-22,38.5,20.1,0.0,0,17.2,33.1,2,2026-09-17 16:50:08,Extrême,Aucune,Modéré,11.8,Faible,Complet,Tuesday,False,5
Ait Melloul,30.3125,-9.5,2026-09-23,37.8,22.5,0.0,0,14.0,28.4,0,2026-09-17 16:50:08,Chaud,Aucune,Calme,9.5,Faible,Complet,Wednesday,False,6
Ait Ourir,31.5625,-7.6875,2026-09-17,28.3,16.3,0.0,0,10.9,22.0,3,2026-09-17 16:50:25,Normal,Aucune,Calme,7.3,Faible,Complet,Thursday,False,0
Ait Ourir,31.5625,-7.6875,2026-09-18,30.6,16.7,0.0,0,10.8,21.2,3,2026-09-17 16:50:25,Chaud,Aucune,Calme,7.1,Faible,Complet,Friday,True,1
Ait Ourir,31.5625,-7.6875,2026-09-19,34.3,19.6,0.0,3,10.6,20.9,3,2026-09-17 16:50:25,Chaud,Aucune,Calme,7.3,Faible,Complet,Saturday,True,2
Ait Ourir,31.5625,-7.6875,2026-09-20,36.5,22.8,0.6,25,18.4,37.4,80,2026-09-17 16:50:25,Chaud,Faible,Modéré,25.5,Modéré,Complet,Sunday,False,3
Ait Ourir,31.5625,-7.6875,2026-09-21,35.8,22.2,0.9,13,14.8,33.8,80,2026-09-17 16:50:25,Chaud,Faible,Modéré,23.3,Faible,Complet,Monday,False,4
Ait Ourir,31.5625,-7.6875,2026-09-22,35.3,20.8,0.0,9,13.0,25.6,1,2026-09-17 16:50:25,Chaud,Aucune,Calme,9.4,Faible,Complet,Tuesday,False,5
Ait Ourir,31.5625,-7.6875,2026-09-23,35.3,18.7,0.0,3,11.5,22.7,1,2026-09-17 16:50:25,Chaud,Aucune,Calme,7.9,Faible,Complet,Wednesday,False,6
Al Aaroui,35.0,-3.0,2026-09-17,28.0,17.8,0.0,0,17.8,31.0,45,2026-09-17 16:50:28,Normal,Aucune,Modéré,20.3,Faible,Complet,Thursday,False,0
Al Aaroui,35.0,-3.0,2026-09-18,26.7,19.0,0.0,0,24.2,42.5,45,2026-09-17 16:50:28,Normal,Aucune,Modéré,24.2,Faible,Complet,Friday,True,1
Al Aaroui,35.0,-3.0,2026-09-19,26.5,20.6,0.0,3,28.5,50.8,3,2026-09-17 16:50:28,Normal,Aucune,Fort,17.2,Faible,Complet,Saturday,True,2
Al Aaroui,35.0,-3.0,2026-09-20,26.7,22.2,0.0,0,29.8,52.2,3,2026-09-17 16:50:28,Normal,Aucune,Fort,17.4,Faible,Complet,Sunday,False,3
Al Aaroui,35.0,-3.0,2026-09-21,26.2,21.1,0.0,3,26.0,46.4,45,2026-09-17 16:50:28,Normal,Aucune,Modéré,25.8,Modéré,Complet,Monday,False,4
Al Aaroui,35.0,-3.0,2026-09-22,28.7,19.6,0.0,3,19.1,37.1,45,2026-09-17 16:50:28,Normal,Aucune,Modéré,22.7,Faible,Complet,Tuesday,False,5
Al Aaroui,35.0,-3.0,2026-09-23,29.3,19.0,0.0,0,17.6,35.3,45,2026-09-17 16:50:28,Normal,Aucune,Modéré,21.8,Faible,Complet,Wednesday,False,6
Al Fqih Ben Çalah,32.5,-6.6875,2026-09-17,33.1,15.9,0.0,0,15.0,31.0,2,2026-09-17 13:00:53,Chaud,Aucune,Modéré,10.3,Faible,Complet,Thursday,False,0
Al Fqih Ben Çalah,32.5,-6.6875,2026-09-18,33.9,17.0,0.0,0,10.6,22.0,3,2026-09-17 13:00:53,Chaud,Aucune,Calme,7.3,Faible,Complet,Friday,True,1
Al Fqih Ben Çalah,32.5,-6.6875,2026-09-19,37.8,19.6,0.0,3,11.3,22.3,3,2026-09-17 13:00:53,Chaud,Aucune,Calme,7.7,Faible,Complet,Saturday,True,2
Al Fqih Ben Çalah,32.5,-6.6875,2026-09-20,38.8,23.8,0.0,3,17.7,35.6,3,2026-09-17 13:00:53,Extrême,Aucune,Modéré,13.4,Faible,Complet,Sunday,False,3
Al Fqih Ben Çalah,32.5,-6.6875,2026-09-21,38.2,22.1,0.0,5,12.8,31.0,2,2026-09-17 13:00:53,Extrême,Aucune,Modéré,11.1,Faible,Complet,Monday,False,4
Al Fqih Ben Çalah,32.5,-6.6875,2026-09-22,37.8,20.8,0.0,3,12.7,24.5,2,2026-09-17 13:00:53,Chaud,Aucune,Calme,8.5,Faible,Complet,Tuesday,False,5
Al Fqih Ben Çalah,32.5,-6.6875,2026-09-23,38.1,19.2,0.0,0,14.2,24.5,1,2026-09-17 13:00:53,Extrême,Aucune,Calme,8.3,Faible,Complet,Wednesday,False,6
Al Hoceïma,35.1875,-3.875,2026-09-17,25.8,19.5,0.0,25,15.5,27.7,3,2026-09-17 13:01:02,Normal,Aucune,Calme,11.7,Faible,Complet,Thursday,False,0
Al Hoceïma,35.1875,-3.875,2026-09-18,26.6,18.7,0.0,0,19.2,36.7,3,2026-09-17 13:01:02,Normal,Aucune,Modéré,12.2,Faible,Complet,Friday,True,1
Al Hoceïma,35.1875,-3.875,2026-09-19,28.8,19.9,0.0,0,28.7,52.9,3,2026-09-17 13:01:02,Normal,Aucune,Fort,17.6,Faible,Complet,Saturday,True,2
Al Hoceïma,35.1875,-3.875,2026-09-20,28.3,23.3,0.0,5,26.5,47.2,2,2026-09-17 13:01:02,Normal,Aucune,Modéré,16.2,Faible,Complet,Sunday,False,3
Al Hoceïma,35.1875,-3.875,2026-09-21,27.9,22.7,0.0,0,24.3,44.3,2,2026-09-17 13:01:02,Normal,Aucune,Modéré,14.8,Faible,Complet,Monday,False,4
Al Hoceïma,35.1875,-3.875,2026-09-22,27.2,20.1,0.0,0,13.0,24.5,2,2026-09-17 13:01:02,Normal,Aucune,Calme,8.2,Faible,Complet,Tuesday,False,5
Al Hoceïma,35.1875,-3.875,2026-09-23,27.2,21.7,0.0,0,10.8,19.8,45,2026-09-17 13:01:02,Normal,Aucune,Calme,16.6,Faible,Complet,Wednesday,False,6
Al Khmissat,33.8125,-6.0625,2026-09-17,28.4,15.1,0.0,0,14.2,29.9,45,2026-09-17 13:00:47,Normal,Aucune,Calme,20.0,Faible,Complet,Thursday,False,0
Al Khmissat,33.8125,-6.0625,2026-09-18,29.4,15.7,0.0,0,16.2,33.8,3,2026-09-17 13:00:47,Normal,Aucune,Modéré,11.3,Faible,Complet,Friday,True,1
Al Khmissat,33.8125,-6.0625,2026-09-19,34.1,17.8,0.0,0,13.9,31.0,2,2026-09-17 13:00:47,Chaud,Aucune,Modéré,10.3,Faible,Complet,Saturday,True,2
Al Khmissat,33.8125,-6.0625,2026-09-20,36.3,22.3,0.0,0,15.4,29.9,2,2026-09-17 13:00:47,Chaud,Aucune,Calme,10.0,Faible,Complet,Sunday,False,3
Al Khmissat,33.8125,-6.0625,2026-09-21,35.7,21.1,0.0,3,16.5,33.5,2,2026-09-17 13:00:47,Chaud,Aucune,Modéré,11.5,Faible,Complet,Monday,False,4
Al Khmissat,33.8125,-6.0625,2026-09-22,34.4,19.2,0.0,0,15.2,29.9,3,2026-09-17 13:00:47,Chaud,Aucune,Calme,10.0,Faible,Complet,Tuesday,False,5
Al Khmissat,33.8125,-6.0625,2026-09-23,35.3,17.2,0.0,3,20.0,37.8,1,2026-09-17 13:00:47,Chaud,Aucune,Modéré,12.9,Faible,Complet,Wednesday,False,6
Al ’Attawia,31.8125,-7.3125,2026-09-17,28.5,16.4,0.0,0,14.5,27.0,45,2026-09-17 16:50:32,Normal,Aucune,Calme,19.0,Faible,Complet,Thursday,False,0
Al ’Attawia,31.8125,-7.3125,2026-09-18,30.5,17.0,0.0,0,13.0,23.8,3,2026-09-17 16:50:32,Chaud,Aucune,Calme,7.9,Faible,Complet,Friday,True,1
Al ’Attawia,31.8125,-7.3125,2026-09-19,33.9,19.4,0.0,3,14.2,28.1,2,2026-09-17 16:50:32,Chaud,Aucune,Calme,9.7,Faible,Complet,Saturday,True,2
Al ’Attawia,31.8125,-7.3125,2026-09-20,36.2,22.3,0.3,13,17.0,32.4,3,2026-09-17 16:50:32,Chaud,Faible,Modéré,12.3,Faible,Complet,Sunday,False,3
Al ’Attawia,31.8125,-7.3125,2026-09-21,36.0,21.4,0.0,5,16.9,32.0,2,2026-09-17 16:50:32,Chaud,Aucune,Modéré,11.2,Faible,Complet,Monday,False,4
Al ’Attawia,31.8125,-7.3125,2026-09-22,35.0,20.1,0.0,5,13.6,24.8,1,2026-09-17 16:50:32,Chaud,Aucune,Calme,8.8,Faible,Complet,Tuesday,False,5
Al ’Attawia,31.8125,-7.3125,2026-09-23,35.3,17.7,0.0,0,15.6,28.8,1,2026-09-17 16:50:32,Chaud,Aucune,Calme,9.6,Faible,Complet,Wednesday,False,6
Arfoud,31.4375,-4.25,2026-09-17,34.6,21.5,0.1,10,23.7,37.8,3,2026-09-17 13:01:13,Chaud,Faible,Modéré,13.7,Faible,Complet,Thursday,False,0
Arfoud,31.4375,-4.25,2026-09-18,34.2,21.3,0.0,13,19.8,35.3,3,2026-09-17 13:01:13,Chaud,Aucune,Modéré,13.1,Faible,Complet,Friday,True,1
Arfoud,31.4375,-4.25,2026-09-19,34.8,23.3,0.0,10,30.6,55.1,3,2026-09-17 13:01:13,Chaud,Aucune,Fort,19.4,Faible,Complet,Saturday,True,2
Arfoud,31.4375,-4.25,2026-09-20,32.5,21.6,0.6,9,20.3,49.0,80,2026-09-17 13:01:13,Chaud,Faible,Modéré,27.7,Modéré,Complet,Sunday,False,3
Arfoud,31.4375,-4.25,2026-09-21,31.3,22.6,1.8,30,31.7,57.6,61,2026-09-17 13:01:13,Chaud,Faible,Fort,28.7,Modéré,Complet,Monday,False,4
Arfoud,31.4375,-4.25,2026-09-22,32.2,19.6,0.0,13,7.0,13.7,3,2026-09-17 13:01:13,Chaud,Aucune,Calme,5.9,Faible,Complet,Tuesday,False,5
Arfoud,31.4375,-4.25,2026-09-23,33.5,21.6,0.0,7,5.6,10.8,2,2026-09-17 13:01:13,Chaud,Aucune,Calme,4.3,Faible,Complet,Wednesday,False,6
Asilah,35.5,-6.0,2026-09-17,24.2,18.7,0.0,0,14.5,27.4,3,2026-09-17 16:50:33,Normal,Aucune,Calme,9.1,Faible,Complet,Thursday,False,0
Asilah,35.5,-6.0,2026-09-18,28.4,16.5,0.0,0,22.9,41.4,3,2026-09-17 16:50:33,Normal,Aucune,Modéré,13.8,Faible,Complet,Friday,True,1
Asilah,35.5,-6.0,2026-09-19,29.5,22.8,0.0,0,36.4,67.3,2,2026-09-17 16:50:33,Normal,Aucune,Fort,22.4,Faible,Complet,Saturday,True,2
Asilah,35.5,-6.0,2026-09-20,30.6,24.7,0.0,0,31.0,56.9,1,2026-09-17 16:50:33,Chaud,Aucune,Fort,19.0,Faible,Complet,Sunday,False,3
Asilah,35.5,-6.0,2026-09-21,30.8,24.1,0.0,0,25.8,46.8,2,2026-09-17 16:50:33,Chaud,Aucune,Modéré,15.6,Faible,Complet,Monday,False,4
Asilah,35.5,-6.0,2026-09-22,34.4,23.1,0.0,0,15.5,29.9,2,2026-09-17 16:50:33,Chaud,Aucune,Calme,10.0,Faible,Complet,Tuesday,False,5
Asilah,35.5,-6.0,2026-09-23,36.2,21.4,0.0,0,14.1,29.9,1,2026-09-17 16:50:33,Chaud,Aucune,Calme,10.0,Faible,Complet,Wednesday,False,6
Azemmour,33.3125,-8.3125,2026-09-17,25.9,19.7,0.0,0,14.3,27.0,3,2026-09-17 16:50:30,Normal,Aucune,Calme,9.0,Faible,Complet,Thursday,False,0
Azemmour,33.3125,-8.3125,2026-09-18,25.9,18.3,0.0,0,18.3,33.5,2,2026-09-17 16:50:30,Normal,Aucune,Modéré,11.2,Faible,Complet,Friday,True,1
Azemmour,33.3125,-8.3125,2026-09-19,27.1,19.2,0.0,0,16.8,31.0,45,2026-09-17 16:50:30,Normal,Aucune,Modéré,20.3,Faible,Complet,Saturday,True,2
Azemmour,33.3125,-8.3125,2026-09-20,27.5,19.6,0.0,0,13.2,24.5,45,2026-09-17 16:50:30,Normal,Aucune,Calme,18.2,Faible,Complet,Sunday,False,3
Azemmour,33.3125,-8.3125,2026-09-21,26.9,20.7,0.0,0,13.0,25.9,45,2026-09-17 16:50:30,Normal,Aucune,Calme,18.6,Faible,Complet,Monday,False,4
Azemmour,33.3125,-8.3125,2026-09-22,28.2,21.1,0.0,0,11.6,24.1,45,2026-09-17 16:50:30,Normal,Aucune,Calme,18.0,Faible,Complet,Tuesday,False,5
Azemmour,33.3125,-8.3125,2026-09-23,27.0,20.9,0.0,0,15.0,30.2,45,2026-09-17 16:50:30,Normal,Aucune,Modéré,20.1,Faible,Complet,Wednesday,False,6
Aziylal,31.9375,-6.5625,2026-09-17,27.3,14.5,0.0,3,16.0,34.9,3,2026-09-17 13:01:02,Normal,Aucune,Modéré,11.9,Faible,Complet,Thursday,False,0
Aziylal,31.9375,-6.5625,2026-09-18,26.9,15.8,0.0,3,16.3,36.4,3,2026-09-17 13:01:02,Normal,Aucune,Modéré,12.4,Faible,Complet,Friday,True,1
Aziylal,31.9375,-6.5625,2026-09-19,29.5,18.6,0.0,15,18.9,40.0,3,2026-09-17 13:01:02,Normal,Aucune,Modéré,14.8,Faible,Complet,Saturday,True,2
Aziylal,31.9375,-6.5625,2026-09-20,30.4,20.9,0.6,33,18.4,38.9,80,2026-09-17 13:01:02,Chaud,Faible,Modéré,26.8,Modéré,Complet,Sunday,False,3
Aziylal,31.9375,-6.5625,2026-09-21,29.3,19.6,0.0,25,18.4,41.4,3,2026-09-17 13:01:02,Normal,Aucune,Modéré,16.3,Faible,Complet,Monday,False,4
Aziylal,31.9375,-6.5625,2026-09-22,29.0,18.4,0.0,8,18.5,38.2,2,2026-09-17 13:01:02,Normal,Aucune,Modéré,13.5,Faible,Complet,Tuesday,False,5
Aziylal,31.9375,-6.5625,2026-09-23,30.0,17.8,0.0,3,17.5,37.1,0,2026-09-17 13:01:02,Chaud,Aucune,Modéré,12.7,Faible,Complet,Wednesday,False,6
Azrou,33.4375,-5.25,2026-09-17,26.2,15.1,0.0,0,15.5,35.3,3,2026-09-17 16:50:21,Normal,Aucune,Modéré,11.8,Faible,Complet,Thursday,False,0
Azrou,33.4375,-5.25,2026-09-18,26.8,13.9,0.0,0,15.3,34.6,2,2026-09-17 16:50:21,Normal,Aucune,Modéré,11.5,Faible,Complet,Friday,True,1
Azrou,33.4375,-5.25,2026-09-19,28.5,17.9,0.1,15,17.3,40.0,3,2026-09-17 16:50:21,Normal,Faible,Modéré,14.9,Faible,Complet,Saturday,True,2
Azrou,33.4375,-5.25,2026-09-20,29.6,20.0,0.3,18,17.4,47.9,3,2026-09-17 16:50:21,Normal,Faible,Modéré,18.0,Faible,Complet,Sunday,False,3
Azrou,33.4375,-5.25,2026-09-21,28.8,18.5,0.0,15,18.0,42.1,1,2026-09-17 16:50:21,Normal,Aucune,Modéré,15.5,Faible,Complet,Monday,False,4
Azrou,33.4375,-5.25,2026-09-22,27.9,16.9,0.0,3,19.4,45.7,3,2026-09-17 16:50:21,Normal,Aucune,Modéré,15.5,Faible,Complet,Tuesday,False,5
Azrou,33.4375,-5.25,2026-09-23,29.5,18.4,0.0,3,15.9,41.8,1,2026-09-17 16:50:21,Normal,Aucune,Modéré,14.2,Faible,Complet,Wednesday,False,6
Aïn Harrouda,33.625,-7.4375,2026-09-17,25.6,18.9,0.0,0,13.8,36.0,3,2026-09-17 13:00:58,Normal,Aucune,Modéré,12.0,Faible,Complet,Thursday,False,0
Aïn Harrouda,33.625,-7.4375,2026-09-18,25.3,17.1,0.0,0,12.1,33.5,3,2026-09-17 13:00:58,Normal,Aucune,Modéré,11.2,Faible,Complet,Friday,True,1
Aïn Harrouda,33.625,-7.4375,2026-09-19,27.0,17.8,0.0,0,12.1,32.8,45,2026-09-17 13:00:58,Normal,Aucune,Modéré,20.9,Faible,Complet,Saturday,True,2
Aïn Harrouda,33.625,-7.4375,2026-09-20,29.3,20.7,0.0,0,11.2,31.0,45,2026-09-17 13:00:58,Normal,Aucune,Modéré,20.3,Faible,Complet,Sunday,False,3
Aïn Harrouda,33.625,-7.4375,2026-09-21,28.4,20.4,0.0,0,11.9,31.7,45,2026-09-17 13:00:58,Normal,Aucune,Modéré,20.6,Faible,Complet,Monday,False,4
Aïn Harrouda,33.625,-7.4375,2026-09-22,28.8,20.7,0.0,0,11.6,28.1,45,2026-09-17 13:00:58,Normal,Aucune,Calme,19.4,Faible,Complet,Tuesday,False,5
Aïn Harrouda,33.625,-7.4375,2026-09-23,27.6,20.6,0.0,0,12.7,30.6,45,2026-09-17 13:00:58,Normal,Aucune,Modéré,20.2,Faible,Complet,Wednesday,False,6
Aïn Taoujdat,33.9375,-5.1875,2026-09-17,27.6,16.7,0.0,0,14.9,29.2,45,2026-09-17 13:01:10,Normal,Aucune,Calme,19.7,Faible,Complet,Thursday,False,0
Aïn Taoujdat,33.9375,-5.1875,2026-09-18,29.9,16.3,0.0,0,15.9,30.6,3,2026-09-17 13:01:10,Normal,Aucune,Modéré,10.2,Faible,Complet,Friday,True,1
Aïn Taoujdat,33.9375,-5.1875,2026-09-19,33.5,18.5,0.0,3,16.4,32.0,2,2026-09-17 13:01:10,Chaud,Aucune,Modéré,11.0,Faible,Complet,Saturday,True,2
Aïn Taoujdat,33.9375,-5.1875,2026-09-20,35.6,20.8,0.0,0,15.5,30.6,2,2026-09-17 13:01:10,Chaud,Aucune,Modéré,10.2,Faible,Complet,Sunday,False,3
Aïn Taoujdat,33.9375,-5.1875,2026-09-21,35.2,21.0,0.0,5,14.0,27.0,2,2026-09-17 13:01:10,Chaud,Aucune,Calme,9.5,Faible,Complet,Monday,False,4
Aïn Taoujdat,33.9375,-5.1875,2026-09-22,34.8,20.0,0.0,1,15.8,29.5,0,2026-09-17 13:01:10,Chaud,Aucune,Calme,9.9,Faible,Complet,Tuesday,False,5
Aïn Taoujdat,33.9375,-5.1875,2026-09-23,35.3,19.6,0.0,0,18.8,34.9,1,2026-09-17 13:01:10,Chaud,Aucune,Modéré,11.6,Faible,Complet,Wednesday,False,6
Barrechid,33.25,-7.5625,2026-09-17,27.6,17.4,0.0,0,17.6,31.7,3,2026-09-17 16:50:11,Normal,Aucune,Modéré,10.6,Faible,Complet,Thursday,False,0
Barrechid,33.25,-7.5625,2026-09-18,29.4,16.7,0.0,0,17.8,32.0,3,2026-09-17 16:50:11,Normal,Aucune,Modéré,10.7,Faible,Complet,Friday,True,1
Barrechid,33.25,-7.5625,2026-09-19,32.3,16.8,0.0,0,16.2,29.5,45,2026-09-17 16:50:11,Chaud,Aucune,Calme,19.8,Faible,Complet,Saturday,True,2
Barrechid,33.25,-7.5625,2026-09-20,34.9,20.9,0.0,0,16.6,32.8,45,2026-09-17 16:50:11,Chaud,Aucune,Modéré,20.9,Faible,Complet,Sunday,False,3
Barrechid,33.25,-7.5625,2026-09-21,35.3,19.4,0.0,0,19.2,36.7,45,2026-09-17 16:50:11,Chaud,Aucune,Modéré,22.2,Faible,Complet,Monday,False,4
Barrechid,33.25,-7.5625,2026-09-22,33.4,19.0,0.0,0,17.8,32.8,45,2026-09-17 16:50:11,Chaud,Aucune,Modéré,20.9,Faible,Complet,Tuesday,False,5
Barrechid,33.25,-7.5625,2026-09-23,32.3,18.9,0.0,0,19.4,35.6,45,2026-09-17 16:50:11,Chaud,Aucune,Modéré,21.9,Faible,Complet,Wednesday,False,6
Ben Guerir,32.25,-7.9375,2026-09-17,28.6,16.5,0.0,0,17.3,34.6,3,2026-09-17 13:00:49,Normal,Aucune,Modéré,11.5,Faible,Complet,Thursday,False,0
Ben Guerir,32.25,-7.9375,2026-09-18,30.3,16.6,0.0,0,14.8,31.0,2,2026-09-17 13:00:49,Chaud,Aucune,Modéré,10.3,Faible,Complet,Friday,True,1
Ben Guerir,32.25,-7.9375,2026-09-19,33.6,18.6,0.0,0,17.7,36.7,2,2026-09-17 13:00:49,Chaud,Aucune,Modéré,12.2,Faible,Complet,Saturday,True,2
Ben Guerir,32.25,-7.9375,2026-09-20,35.8,22.5,0.0,5,16.6,35.6,2,2026-09-17 13:00:49,Chaud,Aucune,Modéré,12.4,Faible,Complet,Sunday,False,3
Ben Guerir,32.25,-7.9375,2026-09-21,37.2,22.6,0.0,5,20.1,41.0,1,2026-09-17 13:00:49,Chaud,Aucune,Modéré,14.2,Faible,Complet,Monday,False,4
Ben Guerir,32.25,-7.9375,2026-09-22,36.2,19.3,0.0,5,18.3,32.0,1,2026-09-17 13:00:49,Chaud,Aucune,Modéré,11.2,Faible,Complet,Tuesday,False,5
Ben Guerir,32.25,-7.9375,2026-09-23,36.0,19.1,0.0,0,19.7,34.6,0,2026-09-17 13:00:49,Chaud,Aucune,Modéré,11.5,Faible,Complet,Wednesday,False,6
Beni Yakhlef,33.625,-7.3125,2026-09-17,26.1,17.8,0.0,0,16.3,31.0,3,2026-09-17 13:00:48,Normal,Aucune,Modéré,10.3,Faible,Complet,Thursday,False,0
Beni Yakhlef,33.625,-7.3125,2026-09-18,26.2,16.1,0.0,0,15.9,29.5,3,2026-09-17 13:00:48,Normal,Aucune,Calme,9.8,Faible,Complet,Friday,True,1
Beni Yakhlef,33.625,-7.3125,2026-09-19,28.3,16.7,0.0,0,16.8,31.0,45,2026-09-17 13:00:48,Normal,Aucune,Modéré,20.3,Faible,Complet,Saturday,True,2
Beni Yakhlef,33.625,-7.3125,2026-09-20,31.0,20.0,0.0,0,15.1,28.1,45,2026-09-17 13:00:48,Chaud,Aucune,Calme,19.4,Faible,Complet,Sunday,False,3
Beni Yakhlef,33.625,-7.3125,2026-09-21,30.3,19.7,0.0,0,17.1,32.0,45,2026-09-17 13:00:48,Chaud,Aucune,Modéré,20.7,Faible,Complet,Monday,False,4
Beni Yakhlef,33.625,-7.3125,2026-09-22,30.4,19.7,0.0,0,15.2,29.2,45,2026-09-17 13:00:48,Chaud,Aucune,Calme,19.7,Faible,Complet,Tuesday,False,5
Beni Yakhlef,33.625,-7.3125,2026-09-23,29.2,19.7,0.0,0,16.9,32.0,45,2026-09-17 13:00:48,Normal,Aucune,Modéré,20.7,Faible,Complet,Wednesday,False,6
Berkane,34.9375,-2.3125,2026-09-17,26.3,17.9,0.0,0,15.4,32.8,3,2026-09-17 13:00:52,Normal,Aucune,Modéré,10.9,Faible,Complet,Thursday,False,0
Berkane,34.9375,-2.3125,2026-09-18,26.0,18.2,0.0,3,19.1,39.6,3,2026-09-17 13:00:52,Normal,Aucune,Modéré,13.5,Faible,Complet,Friday,True,1
Berkane,34.9375,-2.3125,2026-09-19,26.2,19.8,0.1,5,20.1,44.3,45,2026-09-17 13:00:52,Normal,Faible,Modéré,25.4,Modéré,Complet,Saturday,True,2
Berkane,34.9375,-2.3125,2026-09-20,27.1,21.2,0.0,0,18.3,37.8,45,2026-09-17 13:00:52,Normal,Aucune,Modéré,22.6,Faible,Complet,Sunday,False,3
Berkane,34.9375,-2.3125,2026-09-21,26.4,20.5,0.0,5,18.0,38.5,45,2026-09-17 13:00:52,Normal,Aucune,Modéré,23.3,Faible,Complet,Monday,False,4
Berkane,34.9375,-2.3125,2026-09-22,27.7,19.9,0.0,3,14.6,27.4,45,2026-09-17 13:00:52,Normal,Aucune,Calme,19.4,Faible,Complet,Tuesday,False,5
Berkane,34.9375,-2.3125,2026-09-23,28.0,19.5,0.0,0,11.9,22.7,45,2026-09-17 13:00:52,Normal,Aucune,Calme,17.6,Faible,Complet,Wednesday,False,6
Biougra,30.1875,-9.375,2026-09-17,27.2,20.7,0.0,0,28.7,47.9,3,2026-09-17 16:50:27,Normal,Aucune,Modéré,16.0,Faible,Complet,Thursday,False,0
Biougra,30.1875,-9.375,2026-09-18,27.4,19.5,0.0,0,25.6,41.8,1,2026-09-17 16:50:27,Normal,Aucune,Modéré,13.9,Faible,Complet,Friday,True,1
Biougra,30.1875,-9.375,2026-09-19,27.7,19.9,0.0,0,21.7,36.0,45,2026-09-17 16:50:27,Normal,Aucune,Modéré,22.0,Faible,Complet,Saturday,True,2
Biougra,30.1875,-9.375,2026-09-20,28.4,20.3,0.0,0,19.8,34.6,2,2026-09-17 16:50:27,Normal,Aucune,Modéré,11.5,Faible,Complet,Sunday,False,3
Biougra,30.1875,-9.375,2026-09-21,32.1,20.8,0.0,0,17.8,29.9,3,2026-09-17 16:50:27,Chaud,Aucune,Calme,10.0,Faible,Complet,Monday,False,4
Biougra,30.1875,-9.375,2026-09-22,37.8,20.0,0.0,0,23.7,39.6,3,2026-09-17 16:50:27,Chaud,Aucune,Modéré,13.2,Faible,Complet,Tuesday,False,5
Biougra,30.1875,-9.375,2026-09-23,35.3,18.7,0.0,3,22.0,38.5,0,2026-09-17 16:50:27,Chaud,Aucune,Modéré,13.1,Faible,Complet,Wednesday,False,6
Bir Jdid,33.375,-8.0,2026-09-17,25.6,18.5,0.0,0,17.3,33.1,3,2026-09-17 13:01:12,Normal,Aucune,Modéré,11.0,Faible,Complet,Thursday,False,0
Bir Jdid,33.375,-8.0,2026-09-18,25.7,17.3,0.0,0,17.6,34.2,3,2026-09-17 13:01:12,Normal,Aucune,Modéré,11.4,Faible,Complet,Friday,True,1
Bir Jdid,33.375,-8.0,2026-09-19,27.3,18.5,0.0,0,16.9,33.1,45,2026-09-17 13:01:12,Normal,Aucune,Modéré,21.0,Faible,Complet,Saturday,True,2
Bir Jdid,33.375,-8.0,2026-09-20,30.0,20.3,0.0,0,15.2,29.5,45,2026-09-17 13:01:12,Chaud,Aucune,Calme,19.8,Faible,Complet,Sunday,False,3
Bir Jdid,33.375,-8.0,2026-09-21,28.8,19.8,0.0,0,15.0,30.2,45,2026-09-17 13:01:12,Normal,Aucune,Modéré,20.1,Faible,Complet,Monday,False,4
Bir Jdid,33.375,-8.0,2026-09-22,29.2,20.3,0.0,0,14.0,28.1,45,2026-09-17 13:01:12,Normal,Aucune,Calme,19.4,Faible,Complet,Tuesday,False,5
Bir Jdid,33.375,-8.0,2026-09-23,28.2,20.1,0.0,0,16.7,33.1,45,2026-09-17 13:01:12,Normal,Aucune,Modéré,21.0,Faible,Complet,Wednesday,False,6
Bou Arfa,32.5,-1.9375,2026-09-17,31.5,17.0,0.0,5,20.4,31.0,3,2026-09-17 16:50:37,Chaud,Aucune,Modéré,10.8,Faible,Complet,Thursday,False,0
Bou Arfa,32.5,-1.9375,2026-09-18,29.3,17.8,0.3,20,21.4,50.8,3,2026-09-17 16:50:37,Normal,Faible,Fort,19.2,Faible,Complet,Friday,True,1
Bou Arfa,32.5,-1.9375,2026-09-19,27.4,19.5,1.1,50,23.7,52.9,80,2026-09-17 16:50:37,Normal,Faible,Fort,33.5,Modéré,Complet,Saturday,True,2
Bou Arfa,32.5,-1.9375,2026-09-20,28.2,16.7,0.9,24,15.3,23.8,3,2026-09-17 16:50:37,Normal,Faible,Calme,11.1,Faible,Complet,Sunday,False,3
Bou Arfa,32.5,-1.9375,2026-09-21,22.6,17.2,10.5,43,16.7,42.1,95,2026-09-17 16:50:37,Normal,Modérée,Modéré,47.1,Modéré,Complet,Monday,False,4
Bou Arfa,32.5,-1.9375,2026-09-22,28.3,16.0,0.0,15,11.8,18.7,3,2026-09-17 16:50:37,Normal,Aucune,Calme,7.7,Faible,Complet,Tuesday,False,5
Bou Arfa,32.5,-1.9375,2026-09-23,29.5,16.7,0.0,13,15.0,24.1,2,2026-09-17 16:50:37,Normal,Aucune,Calme,9.3,Faible,Complet,Wednesday,False,6
Boujad,32.75,-6.375,2026-09-17,31.7,17.3,0.0,0,16.6,31.3,1,2026-09-17 13:01:03,Chaud,Aucune,Modéré,10.4,Faible,Complet,Thursday,False,0
Boujad,32.75,-6.375,2026-09-18,32.5,17.4,0.0,0,19.1,36.4,3,2026-09-17 13:01:03,Chaud,Aucune,Modéré,12.1,Faible,Complet,Friday,True,1
Boujad,32.75,-6.375,2026-09-19,35.8,20.8,0.0,0,20.2,36.7,3,2026-09-17 13:01:03,Chaud,Aucune,Modéré,12.2,Faible,Complet,Saturday,True,2
Boujad,32.75,-6.375,2026-09-20,36.9,24.7,0.0,2,18.5,40.7,2,2026-09-17 13:01:03,Chaud,Aucune,Modéré,13.8,Faible,Complet,Sunday,False,3
Boujad,32.75,-6.375,2026-09-21,35.2,21.4,0.6,8,12.3,26.3,3,2026-09-17 13:01:03,Chaud,Faible,Calme,10.1,Faible,Complet,Monday,False,4
Boujad,32.75,-6.375,2026-09-22,34.5,20.0,0.0,1,16.3,35.3,2,2026-09-17 13:01:03,Chaud,Aucune,Modéré,11.9,Faible,Complet,Tuesday,False,5
Boujad,32.75,-6.375,2026-09-23,35.4,21.1,0.0,0,14.9,34.6,1,2026-09-17 13:01:03,Chaud,Aucune,Modéré,11.5,Faible,Complet,Wednesday,False,6
Bouknadel,34.1875,-6.6875,2026-09-17,24.8,18.8,0.0,0,13.2,23.4,3,2026-09-17 13:01:04,Normal,Aucune,Calme,7.8,Faible,Complet,Thursday,False,0
Bouknadel,34.1875,-6.6875,2026-09-18,24.9,17.3,0.0,0,17.3,29.5,45,2026-09-17 13:01:04,Normal,Aucune,Calme,19.8,Faible,Complet,Friday,True,1
Bouknadel,34.1875,-6.6875,2026-09-19,28.1,17.9,0.0,0,15.6,27.4,45,2026-09-17 13:01:04,Normal,Aucune,Calme,19.1,Faible,Complet,Saturday,True,2
Bouknadel,34.1875,-6.6875,2026-09-20,28.0,20.8,0.0,0,12.2,21.6,2,2026-09-17 13:01:04,Normal,Aucune,Calme,7.2,Faible,Complet,Sunday,False,3
Bouknadel,34.1875,-6.6875,2026-09-21,27.8,21.0,0.0,0,13.3,23.4,45,2026-09-17 13:01:04,Normal,Aucune,Calme,17.8,Faible,Complet,Monday,False,4
Bouknadel,34.1875,-6.6875,2026-09-22,27.6,20.6,0.0,0,11.8,27.4,45,2026-09-17 13:01:04,Normal,Aucune,Calme,19.1,Faible,Complet,Tuesday,False,5
Bouknadel,34.1875,-6.6875,2026-09-23,28.3,19.5,0.0,0,12.6,29.5,45,2026-09-17 13:01:04,Normal,Aucune,Calme,19.8,Faible,Complet,Wednesday,False,6
Bouskoura,33.4375,-7.625,2026-09-17,26.4,18.6,0.0,0,15.1,37.8,3,2026-09-17 16:50:09,Normal,Aucune,Modéré,12.6,Faible,Complet,Thursday,False,0
Bouskoura,33.4375,-7.625,2026-09-18,27.2,17.4,0.0,0,14.5,36.7,3,2026-09-17 16:50:09,Normal,Aucune,Modéré,12.2,Faible,Complet,Friday,True,1
Bouskoura,33.4375,-7.625,2026-09-19,29.4,18.5,0.0,0,14.1,35.3,45,2026-09-17 16:50:09,Normal,Aucune,Modéré,21.8,Faible,Complet,Saturday,True,2
Bouskoura,33.4375,-7.625,2026-09-20,31.9,20.6,0.0,0,13.2,34.2,45,2026-09-17 16:50:09,Chaud,Aucune,Modéré,21.4,Faible,Complet,Sunday,False,3
Bouskoura,33.4375,-7.625,2026-09-21,31.8,19.9,0.0,0,15.0,37.8,45,2026-09-17 16:50:09,Chaud,Aucune,Modéré,22.6,Faible,Complet,Monday,False,4
Bouskoura,33.4375,-7.625,2026-09-22,28.9,20.0,0.0,0,11.4,29.9,45,2026-09-17 16:50:09,Normal,Aucune,Calme,20.0,Faible,Complet,Tuesday,False,5
Bouskoura,33.4375,-7.625,2026-09-23,27.9,20.1,0.0,3,12.3,32.4,45,2026-09-17 16:50:09,Normal,Aucune,Modéré,21.1,Faible,Complet,Wednesday,False,6
Béni Mellal,32.3125,-6.375,2026-09-17,29.9,18.8,0.0,0,10.6,26.6,3,2026-09-17 13:00:43,Normal,Aucune,Calme,8.9,Faible,Complet,Thursday,False,0
Béni Mellal,32.3125,-6.375,2026-09-18,31.7,18.9,0.0,0,9.9,32.4,3,2026-09-17 13:00:43,Chaud,Aucune,Modéré,10.8,Faible,Complet,Friday,True,1
Béni Mellal,32.3125,-6.375,2026-09-19,35.3,22.5,0.0,0,11.1,24.5,3,2026-09-17 13:00:43,Chaud,Aucune,Calme,8.2,Faible,Complet,Saturday,True,2
Béni Mellal,32.3125,-6.375,2026-09-20,36.7,25.1,0.0,2,18.1,38.9,3,2026-09-17 13:00:43,Chaud,Aucune,Modéré,13.2,Faible,Complet,Sunday,False,3
Béni Mellal,32.3125,-6.375,2026-09-21,35.7,24.8,0.0,8,18.2,51.5,2,2026-09-17 13:00:43,Chaud,Aucune,Fort,18.0,Faible,Complet,Monday,False,4
Béni Mellal,32.3125,-6.375,2026-09-22,36.1,24.4,0.0,2,18.3,34.2,1,2026-09-17 13:00:43,Chaud,Aucune,Modéré,11.6,Faible,Complet,Tuesday,False,5
Béni Mellal,32.3125,-6.375,2026-09-23,36.7,24.4,0.0,0,16.6,31.3,1,2026-09-17 13:00:43,Chaud,Aucune,Modéré,10.4,Faible,Complet,Wednesday,False,6
Cabo Bojador,26.115992,-14.490692,2026-09-17,25.4,20.9,0.1,0,32.0,57.6,51,2026-09-17 16:50:29,Normal,Faible,Fort,24.3,Faible,Complet,Thursday,False,0
Cabo Bojador,26.115992,-14.490692,2026-09-18,24.7,19.8,0.1,0,24.5,46.4,51,2026-09-17 16:50:29,Normal,Faible,Modéré,20.6,Faible,Complet,Friday,True,1
Cabo Bojador,26.115992,-14.490692,2026-09-19,24.8,18.8,0.0,0,22.0,42.5,3,2026-09-17 16:50:29,Normal,Aucune,Modéré,14.2,Faible,Complet,Saturday,True,2
Cabo Bojador,26.115992,-14.490692,2026-09-20,25.8,19.0,0.0,0,26.0,46.4,0,2026-09-17 16:50:29,Normal,Aucune,Modéré,15.5,Faible,Complet,Sunday,False,3
Cabo Bojador,26.115992,-14.490692,2026-09-21,25.3,19.9,0.0,0,27.6,50.8,1,2026-09-17 16:50:29,Normal,Aucune,Fort,16.9,Faible,Complet,Monday,False,4
Cabo Bojador,26.115992,-14.490692,2026-09-22,25.9,20.2,0.0,2,28.4,51.8,0,2026-09-17 16:50:29,Normal,Aucune,Fort,17.5,Faible,Complet,Tuesday,False,5
Cabo Bojador,26.115992,-14.490692,2026-09-23,26.3,20.4,0.0,2,25.4,49.7,1,2026-09-17 16:50:29,Normal,Aucune,Modéré,16.8,Faible,Complet,Wednesday,False,6
Casablanca,33.5625,-7.625,2026-09-17,25.5,19.7,0.0,0,12.8,36.0,3,2026-09-17 16:50:04,Normal,Aucune,Modéré,12.0,Faible,Complet,Thursday,False,0
Casablanca,33.5625,-7.625,2026-09-18,25.0,18.3,0.0,0,12.7,33.8,3,2026-09-17 16:50:04,Normal,Aucune,Modéré,11.3,Faible,Complet,Friday,True,1
Casablanca,33.5625,-7.625,2026-09-19,26.5,19.4,0.0,0,11.9,31.7,45,2026-09-17 16:50:04,Normal,Aucune,Modéré,20.6,Faible,Complet,Saturday,True,2
Casablanca,33.5625,-7.625,2026-09-20,28.7,21.1,0.0,0,10.2,29.9,45,2026-09-17 16:50:04,Normal,Aucune,Calme,20.0,Faible,Complet,Sunday,False,3
Casablanca,33.5625,-7.625,2026-09-21,27.9,21.1,0.0,0,10.8,31.3,45,2026-09-17 16:50:04,Normal,Aucune,Modéré,20.4,Faible,Complet,Monday,False,4
Casablanca,33.5625,-7.625,2026-09-22,29.7,20.9,0.0,0,11.4,29.9,45,2026-09-17 16:50:04,Normal,Aucune,Calme,20.0,Faible,Complet,Tuesday,False,5
Casablanca,33.5625,-7.625,2026-09-23,28.7,20.9,0.0,0,12.3,32.4,45,2026-09-17 16:50:04,Normal,Aucune,Modéré,20.8,Faible,Complet,Wednesday,False,6
Chichaoua,31.5625,-8.75,2026-09-17,29.5,18.3,0.0,0,16.2,27.0,3,2026-09-17 16:50:32,Normal,Aucune,Calme,9.0,Faible,Complet,Thursday,False,0
Chichaoua,31.5625,-8.75,2026-09-18,31.2,17.8,0.0,0,15.9,25.9,2,2026-09-17 16:50:32,Chaud,Aucune,Calme,8.6,Faible,Complet,Friday,True,1
Chichaoua,31.5625,-8.75,2026-09-19,33.9,18.5,0.0,0,19.1,35.3,2,2026-09-17 16:50:32,Chaud,Aucune,Modéré,11.8,Faible,Complet,Saturday,True,2
Chichaoua,31.5625,-8.75,2026-09-20,34.3,22.5,0.0,3,24.5,40.3,2,2026-09-17 16:50:32,Chaud,Aucune,Modéré,13.7,Faible,Complet,Sunday,False,3
Chichaoua,31.5625,-8.75,2026-09-21,36.4,22.5,0.0,0,24.0,41.0,1,2026-09-17 16:50:32,Chaud,Aucune,Modéré,13.7,Faible,Complet,Monday,False,4
Chichaoua,31.5625,-8.75,2026-09-22,36.2,19.8,0.0,0,21.4,36.4,0,2026-09-17 16:50:32,Chaud,Aucune,Modéré,12.1,Faible,Complet,Tuesday,False,5
Chichaoua,31.5625,-8.75,2026-09-23,35.7,19.7,0.0,0,18.9,30.6,0,2026-09-17 16:50:32,Chaud,Aucune,Modéré,10.2,Faible,Complet,Wednesday,False,6
Demnat,31.75,-7.0625,2026-09-17,26.0,14.5,0.0,0,13.7,27.4,3,2026-09-17 13:01:10,Normal,Aucune,Calme,9.1,Faible,Complet,Thursday,False,0
Demnat,31.75,-7.0625,2026-09-18,28.1,14.7,0.0,0,11.4,22.7,3,2026-09-17 13:01:10,Normal,Aucune,Calme,7.6,Faible,Complet,Friday,True,1
Demnat,31.75,-7.0625,2026-09-19,31.5,17.9,0.0,3,13.2,27.0,2,2026-09-17 13:01:10,Chaud,Aucune,Calme,9.3,Faible,Complet,Saturday,True,2
Demnat,31.75,-7.0625,2026-09-20,33.6,21.6,0.3,20,18.6,36.4,3,2026-09-17 13:01:10,Chaud,Faible,Modéré,14.4,Faible,Complet,Sunday,False,3
Demnat,31.75,-7.0625,2026-09-21,33.2,20.7,0.0,11,18.4,36.0,2,2026-09-17 13:01:10,Chaud,Aucune,Modéré,13.1,Faible,Complet,Monday,False,4
Demnat,31.75,-7.0625,2026-09-22,32.2,19.9,0.0,11,15.8,32.4,2,2026-09-17 13:01:10,Chaud,Aucune,Modéré,11.9,Faible,Complet,Tuesday,False,5
Demnat,31.75,-7.0625,2026-09-23,32.7,16.5,0.0,0,16.6,33.5,0,2026-09-17 13:01:10,Chaud,Aucune,Modéré,11.2,Faible,Complet,Wednesday,False,6
Douar Toulal,33.875,-5.625,2026-09-17,28.1,15.7,0.0,0,14.3,33.1,45,2026-09-17 13:01:15,Normal,Aucune,Modéré,21.0,Faible,Complet,Thursday,False,0
Douar Toulal,33.875,-5.625,2026-09-18,29.5,15.9,0.0,0,14.8,35.6,3,2026-09-17 13:01:15,Normal,Aucune,Modéré,11.9,Faible,Complet,Friday,True,1
Douar Toulal,33.875,-5.625,2026-09-19,34.5,18.9,0.0,3,11.6,27.0,3,2026-09-17 13:01:15,Chaud,Aucune,Calme,9.3,Faible,Complet,Saturday,True,2
Douar Toulal,33.875,-5.625,2026-09-20,36.1,22.7,0.0,3,13.4,31.7,2,2026-09-17 13:01:15,Chaud,Aucune,Modéré,10.9,Faible,Complet,Sunday,False,3
Douar Toulal,33.875,-5.625,2026-09-21,35.6,21.2,0.0,3,14.8,34.2,2,2026-09-17 13:01:15,Chaud,Aucune,Modéré,11.7,Faible,Complet,Monday,False,4
Douar Toulal,33.875,-5.625,2026-09-22,34.4,19.6,0.0,0,17.1,32.4,1,2026-09-17 13:01:15,Chaud,Aucune,Modéré,10.8,Faible,Complet,Tuesday,False,5
Douar Toulal,33.875,-5.625,2026-09-23,35.6,20.0,0.0,0,17.9,34.9,1,2026-09-17 13:01:15,Chaud,Aucune,Modéré,11.6,Faible,Complet,Wednesday,False,6
El Aïoun,34.5625,-2.5,2026-09-17,28.8,15.5,0.0,0,17.1,29.2,3,2026-09-17 16:50:31,Normal,Aucune,Calme,9.7,Faible,Complet,Thursday,False,0
El Aïoun,34.5625,-2.5,2026-09-18,29.4,15.9,0.0,3,19.8,34.6,45,2026-09-17 16:50:31,Normal,Aucune,Modéré,21.8,Faible,Complet,Friday,True,1
El Aïoun,34.5625,-2.5,2026-09-19,30.6,19.1,0.1,23,21.6,41.4,80,2026-09-17 16:50:31,Chaud,Faible,Modéré,26.2,Modéré,Complet,Saturday,True,2
El Aïoun,34.5625,-2.5,2026-09-20,32.3,18.5,0.0,5,21.0,38.2,45,2026-09-17 16:50:31,Chaud,Aucune,Modéré,23.2,Faible,Complet,Sunday,False,3
El Aïoun,34.5625,-2.5,2026-09-21,29.8,19.7,0.0,5,20.2,35.6,45,2026-09-17 16:50:31,Normal,Aucune,Modéré,22.4,Faible,Complet,Monday,False,4
El Aïoun,34.5625,-2.5,2026-09-22,30.2,17.7,0.0,3,16.6,29.9,45,2026-09-17 16:50:31,Chaud,Aucune,Calme,20.3,Faible,Complet,Tuesday,False,5
El Aïoun,34.5625,-2.5,2026-09-23,31.3,17.3,0.0,0,17.4,30.6,0,2026-09-17 16:50:31,Chaud,Aucune,Modéré,10.2,Faible,Complet,Wednesday,False,6
El Hajeb,33.6875,-5.375,2026-09-17,26.3,15.6,0.0,0,16.5,36.0,3,2026-09-17 13:01:05,Normal,Aucune,Modéré,12.0,Faible,Complet,Thursday,False,0
El Hajeb,33.6875,-5.375,2026-09-18,27.3,15.3,0.0,0,15.9,34.6,3,2026-09-17 13:01:05,Normal,Aucune,Modéré,11.5,Faible,Complet,Friday,True,1
El Hajeb,33.6875,-5.375,2026-09-19,30.8,17.9,0.0,3,17.9,40.7,2,2026-09-17 13:01:05,Chaud,Aucune,Modéré,13.9,Faible,Complet,Saturday,True,2
El Hajeb,33.6875,-5.375,2026-09-20,32.6,23.1,0.3,5,16.9,50.8,2,2026-09-17 13:01:05,Chaud,Faible,Fort,17.7,Faible,Complet,Sunday,False,3
El Hajeb,33.6875,-5.375,2026-09-21,31.9,21.2,0.0,5,20.4,42.5,2,2026-09-17 13:01:05,Chaud,Aucune,Modéré,14.7,Faible,Complet,Monday,False,4
El Hajeb,33.6875,-5.375,2026-09-22,31.9,19.0,0.0,1,19.4,38.2,1,2026-09-17 13:01:05,Chaud,Aucune,Modéré,12.8,Faible,Complet,Tuesday,False,5
El Hajeb,33.6875,-5.375,2026-09-23,32.2,19.4,0.0,3,19.7,39.6,1,2026-09-17 13:01:05,Chaud,Aucune,Modéré,13.5,Faible,Complet,Wednesday,False,6
El Jadid,33.25,-8.4375,2026-09-17,25.0,20.4,0.0,0,13.9,25.6,3,2026-09-17 13:00:42,Normal,Aucune,Calme,8.5,Faible,Complet,Thursday,False,0
El Jadid,33.25,-8.4375,2026-09-18,24.7,19.9,0.0,0,18.3,33.1,3,2026-09-17 13:00:42,Normal,Aucune,Modéré,11.0,Faible,Complet,Friday,True,1
El Jadid,33.25,-8.4375,2026-09-19,25.7,20.2,0.0,0,16.0,29.2,2,2026-09-17 13:00:42,Normal,Aucune,Calme,9.7,Faible,Complet,Saturday,True,2
El Jadid,33.25,-8.4375,2026-09-20,27.2,20.8,0.0,0,12.7,23.8,45,2026-09-17 13:00:42,Normal,Aucune,Calme,17.9,Faible,Complet,Sunday,False,3
El Jadid,33.25,-8.4375,2026-09-21,26.4,21.1,0.0,0,12.7,24.5,45,2026-09-17 13:00:42,Normal,Aucune,Calme,18.2,Faible,Complet,Monday,False,4
El Jadid,33.25,-8.4375,2026-09-22,28.1,21.5,0.0,0,11.6,24.1,45,2026-09-17 13:00:42,Normal,Aucune,Calme,18.0,Faible,Complet,Tuesday,False,5
El Jadid,33.25,-8.4375,2026-09-23,27.0,20.8,0.0,0,15.0,30.2,45,2026-09-17 13:00:42,Normal,Aucune,Modéré,20.1,Faible,Complet,Wednesday,False,6
El Kelaa des Srarhna,32.0625,-7.375,2026-09-17,29.6,17.4,0.0,0,16.7,28.8,3,2026-09-17 16:50:16,Normal,Aucune,Calme,9.6,Faible,Complet,Thursday,False,0
El Kelaa des Srarhna,32.0625,-7.375,2026-09-18,31.6,17.8,0.0,0,13.0,22.7,3,2026-09-17 16:50:16,Chaud,Aucune,Calme,7.6,Faible,Complet,Friday,True,1
El Kelaa des Srarhna,32.0625,-7.375,2026-09-19,34.9,20.3,0.0,0,16.2,27.7,3,2026-09-17 16:50:16,Chaud,Aucune,Calme,9.2,Faible,Complet,Saturday,True,2
El Kelaa des Srarhna,32.0625,-7.375,2026-09-20,37.4,23.3,0.0,15,18.0,30.2,2,2026-09-17 16:50:16,Chaud,Aucune,Modéré,11.6,Faible,Complet,Sunday,False,3
El Kelaa des Srarhna,32.0625,-7.375,2026-09-21,37.8,23.0,0.0,8,20.1,33.5,2,2026-09-17 16:50:16,Chaud,Aucune,Modéré,12.0,Faible,Complet,Monday,False,4
El Kelaa des Srarhna,32.0625,-7.375,2026-09-22,35.9,21.6,0.0,2,13.9,24.1,1,2026-09-17 16:50:16,Chaud,Aucune,Calme,8.2,Faible,Complet,Tuesday,False,5
El Kelaa des Srarhna,32.0625,-7.375,2026-09-23,36.2,20.2,0.0,0,15.6,27.0,1,2026-09-17 16:50:16,Chaud,Aucune,Calme,9.0,Faible,Complet,Wednesday,False,6
Errachidia,31.9375,-4.4375,2026-09-17,32.8,20.8,0.0,28,16.1,41.0,3,2026-09-17 16:50:18,Chaud,Aucune,Modéré,16.5,Faible,Complet,Thursday,False,0
Errachidia,31.9375,-4.4375,2026-09-18,32.7,20.0,0.0,20,21.9,67.3,3,2026-09-17 16:50:18,Chaud,Aucune,Fort,24.4,Faible,Complet,Friday,True,1
Errachidia,31.9375,-4.4375,2026-09-19,31.5,22.3,0.4,19,18.7,43.6,61,2026-09-17 16:50:18,Chaud,Faible,Modéré,21.8,Faible,Complet,Saturday,True,2
Errachidia,31.9375,-4.4375,2026-09-20,30.6,20.0,0.1,13,11.0,24.8,3,2026-09-17 16:50:18,Chaud,Faible,Calme,9.6,Faible,Complet,Sunday,False,3
Errachidia,31.9375,-4.4375,2026-09-21,29.8,21.5,3.3,38,12.9,29.2,80,2026-09-17 16:50:18,Normal,Faible,Calme,26.3,Modéré,Complet,Monday,False,4
Errachidia,31.9375,-4.4375,2026-09-22,30.4,19.0,0.0,17,12.3,23.8,3,2026-09-17 16:50:18,Chaud,Aucune,Calme,9.6,Faible,Complet,Tuesday,False,5
Errachidia,31.9375,-4.4375,2026-09-23,31.7,20.2,0.0,18,12.1,20.2,2,2026-09-17 16:50:18,Chaud,Aucune,Calme,8.5,Faible,Complet,Wednesday,False,6
Essaouira,31.5,-9.75,2026-09-17,23.6,18.9,0.0,0,29.2,54.0,3,2026-09-17 13:00:55,Normal,Aucune,Fort,18.0,Faible,Complet,Thursday,False,0
Essaouira,31.5,-9.75,2026-09-18,23.9,19.1,0.0,0,30.0,54.7,1,2026-09-17 13:00:55,Normal,Aucune,Fort,18.2,Faible,Complet,Friday,True,1
Essaouira,31.5,-9.75,2026-09-19,24.9,18.7,0.0,0,28.8,53.3,1,2026-09-17 13:00:55,Normal,Aucune,Fort,17.8,Faible,Complet,Saturday,True,2
Essaouira,31.5,-9.75,2026-09-20,24.3,19.5,0.0,0,13.1,25.9,45,2026-09-17 13:00:55,Normal,Aucune,Calme,18.6,Faible,Complet,Sunday,False,3
Essaouira,31.5,-9.75,2026-09-21,25.1,19.2,0.0,0,8.4,18.4,45,2026-09-17 13:00:55,Normal,Aucune,Calme,16.1,Faible,Complet,Monday,False,4
Essaouira,31.5,-9.75,2026-09-22,29.3,18.4,0.0,0,10.5,20.5,45,2026-09-17 13:00:55,Normal,Aucune,Calme,16.8,Faible,Complet,Tuesday,False,5
Essaouira,31.5,-9.75,2026-09-23,29.5,18.0,0.0,0,14.0,29.2,0,2026-09-17 13:00:55,Normal,Aucune,Calme,9.7,Faible,Complet,Wednesday,False,6
Fnidq,35.8125,-5.375,2026-09-17,27.5,17.4,0.0,0,11.2,24.1,3,2026-09-17 16:50:22,Normal,Aucune,Calme,8.0,Faible,Complet,Thursday,False,0
Fnidq,35.8125,-5.375,2026-09-18,24.4,19.4,0.6,3,17.8,34.6,3,2026-09-17 16:50:22,Normal,Faible,Modéré,12.3,Faible,Complet,Friday,True,1
Fnidq,35.8125,-5.375,2026-09-19,24.5,21.8,1.2,31,24.0,47.5,3,2026-09-17 16:50:22,Normal,Faible,Modéré,19.9,Faible,Complet,Saturday,True,2
Fnidq,35.8125,-5.375,2026-09-20,24.4,22.2,5.1,50,25.5,50.0,80,2026-09-17 16:50:22,Normal,Modérée,Fort,35.9,Modéré,Complet,Sunday,False,3
Fnidq,35.8125,-5.375,2026-09-21,24.5,22.1,1.2,16,19.8,39.6,3,2026-09-17 16:50:22,Normal,Faible,Modéré,15.8,Faible,Complet,Monday,False,4
Fnidq,35.8125,-5.375,2026-09-22,25.5,21.7,0.0,0,22.7,40.0,2,2026-09-17 16:50:22,Normal,Aucune,Modéré,13.3,Faible,Complet,Tuesday,False,5
Fnidq,35.8125,-5.375,2026-09-23,25.3,21.9,0.0,0,16.6,29.2,2,2026-09-17 16:50:22,Normal,Aucune,Calme,9.7,Faible,Complet,Wednesday,False,6
Fès,34.0625,-5.0,2026-09-17,28.9,18.0,0.0,0,12.2,32.4,3,2026-09-17 13:00:34,Normal,Aucune,Modéré,10.8,Faible,Complet,Thursday,False,0
Fès,34.0625,-5.0,2026-09-18,31.2,17.8,0.0,0,10.0,27.7,2,2026-09-17 13:00:34,Chaud,Aucune,Calme,9.2,Faible,Complet,Friday,True,1
Fès,34.0625,-5.0,2026-09-19,33.6,20.9,0.0,0,17.8,45.4,2,2026-09-17 13:00:34,Chaud,Aucune,Modéré,15.1,Faible,Complet,Saturday,True,2
Fès,34.0625,-5.0,2026-09-20,36.1,22.7,0.0,0,14.8,38.9,2,2026-09-17 13:00:34,Chaud,Aucune,Modéré,13.0,Faible,Complet,Sunday,False,3
Fès,34.0625,-5.0,2026-09-21,35.5,22.9,0.0,3,14.5,36.7,2,2026-09-17 13:00:34,Chaud,Aucune,Modéré,12.5,Faible,Complet,Monday,False,4
Fès,34.0625,-5.0,2026-09-22,35.4,21.7,0.0,0,11.3,28.8,1,2026-09-17 13:00:34,Chaud,Aucune,Calme,9.6,Faible,Complet,Tuesday,False,5
Fès,34.0625,-5.0,2026-09-23,36.0,22.0,0.0,0,12.3,30.2,1,2026-09-17 13:00:34,Chaud,Aucune,Modéré,10.1,Faible,Complet,Wednesday,False,6
Guelmim,28.998241,-10.114685,2026-09-17,24.7,19.0,0.0,0,29.3,48.2,3,2026-09-17 16:50:13,Normal,Aucune,Modéré,16.1,Faible,Complet,Thursday,False,0
Guelmim,28.998241,-10.114685,2026-09-18,26.9,16.9,0.0,0,24.0,41.8,1,2026-09-17 16:50:13,Normal,Aucune,Modéré,13.9,Faible,Complet,Friday,True,1
Guelmim,28.998241,-10.114685,2026-09-19,28.7,18.0,0.0,0,21.9,38.5,3,2026-09-17 16:50:13,Normal,Aucune,Modéré,12.8,Faible,Complet,Saturday,True,2
Guelmim,28.998241,-10.114685,2026-09-20,35.1,17.3,0.0,0,18.8,33.8,1,2026-09-17 16:50:13,Chaud,Aucune,Modéré,11.3,Faible,Complet,Sunday,False,3
Guelmim,28.998241,-10.114685,2026-09-21,39.6,22.0,0.0,0,18.9,36.0,0,2026-09-17 16:50:13,Extrême,Aucune,Modéré,14.4,Faible,Complet,Monday,False,4
Guelmim,28.998241,-10.114685,2026-09-22,37.9,22.2,0.0,0,19.2,38.2,1,2026-09-17 16:50:13,Chaud,Aucune,Modéré,12.7,Faible,Complet,Tuesday,False,5
Guelmim,28.998241,-10.114685,2026-09-23,38.5,21.6,0.0,0,13.4,33.1,3,2026-09-17 16:50:13,Extrême,Aucune,Modéré,11.8,Faible,Complet,Wednesday,False,6
Guercif,34.25,-3.375,2026-09-17,31.3,19.9,0.0,0,26.2,52.6,3,2026-09-17 16:50:21,Chaud,Aucune,Fort,17.5,Faible,Complet,Thursday,False,0
Guercif,34.25,-3.375,2026-09-18,30.1,19.0,0.0,3,29.4,54.4,3,2026-09-17 16:50:21,Chaud,Aucune,Fort,18.4,Faible,Complet,Friday,True,1
Guercif,34.25,-3.375,2026-09-19,29.8,20.7,0.0,8,28.8,55.1,3,2026-09-17 16:50:21,Normal,Aucune,Fort,19.2,Faible,Complet,Saturday,True,2
Guercif,34.25,-3.375,2026-09-20,32.7,20.9,0.0,5,29.2,60.5,3,2026-09-17 16:50:21,Chaud,Aucune,Fort,20.7,Faible,Complet,Sunday,False,3
Guercif,34.25,-3.375,2026-09-21,31.0,21.5,0.0,3,26.8,54.0,3,2026-09-17 16:50:21,Chaud,Aucune,Fort,18.3,Faible,Complet,Monday,False,4
Guercif,34.25,-3.375,2026-09-22,32.4,19.9,0.0,0,26.2,43.6,2,2026-09-17 16:50:21,Chaud,Aucune,Modéré,14.5,Faible,Complet,Tuesday,False,5
Guercif,34.25,-3.375,2026-09-23,32.5,18.9,0.0,0,28.2,50.8,45,2026-09-17 16:50:21,Chaud,Aucune,Fort,26.9,Modéré,Complet,Wednesday,False,6
Imi-n-Tanout,31.1875,-8.875,2026-09-17,25.5,16.1,0.0,0,18.9,32.0,45,2026-09-17 13:01:16,Normal,Aucune,Modéré,20.7,Faible,Complet,Thursday,False,0
Imi-n-Tanout,31.1875,-8.875,2026-09-18,27.2,15.6,0.0,0,15.5,28.1,3,2026-09-17 13:01:16,Normal,Aucune,Calme,9.4,Faible,Complet,Friday,True,1
Imi-n-Tanout,31.1875,-8.875,2026-09-19,30.4,19.9,0.0,0,16.0,28.4,2,2026-09-17 13:01:16,Chaud,Aucune,Calme,9.5,Faible,Complet,Saturday,True,2
Imi-n-Tanout,31.1875,-8.875,2026-09-20,32.1,22.1,0.6,28,14.1,30.2,3,2026-09-17 13:01:16,Chaud,Faible,Modéré,13.4,Faible,Complet,Sunday,False,3
Imi-n-Tanout,31.1875,-8.875,2026-09-21,33.5,23.2,0.6,13,15.5,30.2,2,2026-09-17 13:01:16,Chaud,Faible,Modéré,11.9,Faible,Complet,Monday,False,4
Imi-n-Tanout,31.1875,-8.875,2026-09-22,33.2,22.3,0.0,2,18.4,36.4,1,2026-09-17 13:01:16,Chaud,Aucune,Modéré,12.3,Faible,Complet,Tuesday,False,5
Imi-n-Tanout,31.1875,-8.875,2026-09-23,32.3,20.8,0.0,0,16.0,28.8,1,2026-09-17 13:01:16,Chaud,Aucune,Calme,9.6,Faible,Complet,Wednesday,False,6
Imzouren,35.125,-3.875,2026-09-17,26.1,18.5,0.0,0,15.5,28.4,3,2026-09-17 16:50:34,Normal,Aucune,Calme,9.5,Faible,Complet,Thursday,False,0
Imzouren,35.125,-3.875,2026-09-18,27.2,18.3,0.0,0,17.7,33.8,3,2026-09-17 16:50:34,Normal,Aucune,Modéré,11.3,Faible,Complet,Friday,True,1
Imzouren,35.125,-3.875,2026-09-19,29.9,19.5,0.0,0,27.4,49.7,3,2026-09-17 16:50:34,Normal,Aucune,Modéré,16.6,Faible,Complet,Saturday,True,2
Imzouren,35.125,-3.875,2026-09-20,29.4,22.1,0.0,0,21.4,38.9,2,2026-09-17 16:50:34,Normal,Aucune,Modéré,13.0,Faible,Complet,Sunday,False,3
Imzouren,35.125,-3.875,2026-09-21,29.1,21.3,0.0,0,19.5,36.7,2,2026-09-17 16:50:34,Normal,Aucune,Modéré,12.2,Faible,Complet,Monday,False,4
Imzouren,35.125,-3.875,2026-09-22,30.0,19.3,0.0,0,13.5,25.2,1,2026-09-17 16:50:34,Chaud,Aucune,Calme,8.4,Faible,Complet,Tuesday,False,5
Imzouren,35.125,-3.875,2026-09-23,29.5,19.6,0.0,0,11.9,22.7,1,2026-09-17 16:50:34,Normal,Aucune,Calme,7.6,Faible,Complet,Wednesday,False,6
Inezgane,30.375,-9.5625,2026-09-17,26.8,20.7,0.0,0,13.7,38.5,3,2026-09-17 13:00:46,Normal,Aucune,Modéré,12.8,Faible,Complet,Thursday,False,0
Inezgane,30.375,-9.5625,2026-09-18,25.0,19.4,0.0,0,13.0,37.1,1,2026-09-17 13:00:46,Normal,Aucune,Modéré,12.4,Faible,Complet,Friday,True,1
Inezgane,30.375,-9.5625,2026-09-19,25.0,19.9,0.0,0,14.8,41.0,45,2026-09-17 13:00:46,Normal,Aucune,Modéré,23.7,Faible,Complet,Saturday,True,2
Inezgane,30.375,-9.5625,2026-09-20,25.4,20.0,0.0,0,14.5,41.4,45,2026-09-17 13:00:46,Normal,Aucune,Modéré,23.8,Faible,Complet,Sunday,False,3
Inezgane,30.375,-9.5625,2026-09-21,27.5,19.8,0.0,0,11.9,33.1,45,2026-09-17 13:00:46,Normal,Aucune,Modéré,21.0,Faible,Complet,Monday,False,4
Inezgane,30.375,-9.5625,2026-09-22,38.6,19.6,0.0,0,17.2,33.1,45,2026-09-17 13:00:46,Extrême,Aucune,Modéré,21.9,Faible,Complet,Tuesday,False,5
Inezgane,30.375,-9.5625,2026-09-23,37.8,22.5,0.0,0,14.0,28.4,0,2026-09-17 13:00:46,Chaud,Aucune,Calme,9.5,Faible,Complet,Wednesday,False,6
Jerada,34.3125,-2.1875,2026-09-17,26.7,16.7,0.0,0,20.6,38.5,3,2026-09-17 16:50:31,Normal,Aucune,Modéré,12.8,Faible,Complet,Thursday,False,0
Jerada,34.3125,-2.1875,2026-09-18,27.7,15.7,0.0,5,23.8,50.4,3,2026-09-17 16:50:31,Normal,Aucune,Fort,17.3,Faible,Complet,Friday,True,1
Jerada,34.3125,-2.1875,2026-09-19,26.8,16.9,2.0,58,25.6,52.2,80,2026-09-17 16:50:31,Normal,Faible,Fort,34.9,Modéré,Complet,Saturday,True,2
Jerada,34.3125,-2.1875,2026-09-20,30.3,18.0,0.6,10,18.3,51.8,3,2026-09-17 16:50:31,Chaud,Faible,Fort,18.8,Faible,Complet,Sunday,False,3
Jerada,34.3125,-2.1875,2026-09-21,27.1,17.8,0.3,13,15.0,34.2,3,2026-09-17 16:50:31,Normal,Faible,Modéré,13.0,Faible,Complet,Monday,False,4
Jerada,34.3125,-2.1875,2026-09-22,29.8,16.9,0.0,4,20.2,39.6,2,2026-09-17 16:50:31,Normal,Aucune,Modéré,13.6,Faible,Complet,Tuesday,False,5
Jerada,34.3125,-2.1875,2026-09-23,29.6,16.6,0.0,3,22.9,40.3,2,2026-09-17 16:50:31,Normal,Aucune,Modéré,13.7,Faible,Complet,Wednesday,False,6
Kenitra,34.25,-6.5625,2026-09-17,26.4,18.3,0.0,0,12.0,30.6,3,2026-09-17 16:50:06,Normal,Aucune,Modéré,10.2,Faible,Complet,Thursday,False,0
Kenitra,34.25,-6.5625,2026-09-18,27.2,16.1,0.0,0,14.4,36.4,45,2026-09-17 16:50:06,Normal,Aucune,Modéré,22.1,Faible,Complet,Friday,True,1
Kenitra,34.25,-6.5625,2026-09-19,32.2,17.0,0.0,0,14.6,37.4,45,2026-09-17 16:50:06,Chaud,Aucune,Modéré,22.5,Faible,Complet,Saturday,True,2
Kenitra,34.25,-6.5625,2026-09-20,32.9,20.3,0.0,0,12.2,31.3,2,2026-09-17 16:50:06,Chaud,Aucune,Modéré,10.4,Faible,Complet,Sunday,False,3
Kenitra,34.25,-6.5625,2026-09-21,31.5,20.8,0.0,0,12.8,32.4,45,2026-09-17 16:50:06,Chaud,Aucune,Modéré,20.8,Faible,Complet,Monday,False,4
Kenitra,34.25,-6.5625,2026-09-22,27.6,20.5,0.0,0,11.8,27.4,45,2026-09-17 16:50:06,Normal,Aucune,Calme,19.1,Faible,Complet,Tuesday,False,5
Kenitra,34.25,-6.5625,2026-09-23,28.3,19.6,0.0,0,12.6,29.5,45,2026-09-17 16:50:06,Normal,Aucune,Calme,19.8,Faible,Complet,Wednesday,False,6
Khénifra,32.9375,-5.6875,2026-09-17,31.8,15.7,0.0,0,16.6,31.7,3,2026-09-17 13:00:48,Chaud,Aucune,Modéré,10.6,Faible,Complet,Thursday,False,0
Khénifra,32.9375,-5.6875,2026-09-18,32.0,15.6,0.0,0,18.5,34.2,3,2026-09-17 13:00:48,Chaud,Aucune,Modéré,11.4,Faible,Complet,Friday,True,1
Khénifra,32.9375,-5.6875,2026-09-19,34.6,19.3,0.0,3,23.7,50.4,3,2026-09-17 13:00:48,Chaud,Aucune,Fort,17.1,Faible,Complet,Saturday,True,2
Khénifra,32.9375,-5.6875,2026-09-20,35.4,22.0,0.0,2,21.5,43.6,3,2026-09-17 13:00:48,Chaud,Aucune,Modéré,14.7,Faible,Complet,Sunday,False,3
Khénifra,32.9375,-5.6875,2026-09-21,33.0,20.8,1.2,8,11.9,29.5,80,2026-09-17 13:00:48,Chaud,Faible,Calme,21.6,Faible,Complet,Monday,False,4
Khénifra,32.9375,-5.6875,2026-09-22,33.7,18.7,0.0,4,14.2,25.9,2,2026-09-17 13:00:48,Chaud,Aucune,Calme,9.0,Faible,Complet,Tuesday,False,5
Khénifra,32.9375,-5.6875,2026-09-23,35.0,19.3,0.0,3,16.0,28.4,2,2026-09-17 13:00:48,Chaud,Aucune,Calme,9.8,Faible,Complet,Wednesday,False,6
Kouribga,32.875,-6.875,2026-09-17,28.0,14.4,0.0,0,18.9,37.1,3,2026-09-17 16:50:10,Normal,Aucune,Modéré,12.4,Faible,Complet,Thursday,False,0
Kouribga,32.875,-6.875,2026-09-18,30.0,15.5,0.0,0,18.4,35.3,3,2026-09-17 16:50:10,Chaud,Aucune,Modéré,11.8,Faible,Complet,Friday,True,1
Kouribga,32.875,-6.875,2026-09-19,33.6,18.1,0.0,0,18.4,35.6,3,2026-09-17 16:50:10,Chaud,Aucune,Modéré,11.9,Faible,Complet,Saturday,True,2
Kouribga,32.875,-6.875,2026-09-20,35.1,22.6,0.0,8,18.9,40.0,3,2026-09-17 16:50:10,Chaud,Aucune,Modéré,14.1,Faible,Complet,Sunday,False,3
Kouribga,32.875,-6.875,2026-09-21,34.7,21.2,0.3,5,20.2,41.0,2,2026-09-17 16:50:10,Chaud,Faible,Modéré,14.4,Faible,Complet,Monday,False,4
Kouribga,32.875,-6.875,2026-09-22,33.9,17.9,0.0,1,18.2,39.2,2,2026-09-17 16:50:10,Chaud,Aucune,Modéré,13.2,Faible,Complet,Tuesday,False,5
Kouribga,32.875,-6.875,2026-09-23,34.6,17.1,0.0,3,20.9,42.5,1,2026-09-17 16:50:10,Chaud,Aucune,Modéré,14.5,Faible,Complet,Wednesday,False,6
Ksar El Kebir,35.0,-5.875,2026-09-17,28.2,18.8,0.0,0,13.5,26.3,3,2026-09-17 16:50:13,Normal,Aucune,Calme,8.8,Faible,Complet,Thursday,False,0
Ksar El Kebir,35.0,-5.875,2026-09-18,30.7,16.2,0.0,0,18.3,36.4,45,2026-09-17 16:50:13,Chaud,Aucune,Modéré,22.1,Faible,Complet,Friday,True,1
Ksar El Kebir,35.0,-5.875,2026-09-19,35.6,18.8,0.0,0,7.4,18.0,2,2026-09-17 16:50:13,Chaud,Aucune,Calme,6.0,Faible,Complet,Saturday,True,2
Ksar El Kebir,35.0,-5.875,2026-09-20,37.9,22.3,0.0,0,10.6,25.6,1,2026-09-17 16:50:13,Chaud,Aucune,Calme,8.5,Faible,Complet,Sunday,False,3
Ksar El Kebir,35.0,-5.875,2026-09-21,36.0,22.9,0.0,0,13.5,26.3,2,2026-09-17 16:50:13,Chaud,Aucune,Calme,8.8,Faible,Complet,Monday,False,4
Ksar El Kebir,35.0,-5.875,2026-09-22,34.0,21.4,0.0,0,16.0,31.7,2,2026-09-17 16:50:13,Chaud,Aucune,Modéré,10.6,Faible,Complet,Tuesday,False,5
Ksar El Kebir,35.0,-5.875,2026-09-23,35.1,20.3,0.0,0,14.8,29.2,1,2026-09-17 16:50:13,Chaud,Aucune,Calme,9.7,Faible,Complet,Wednesday,False,6
Larache,35.1875,-6.125,2026-09-17,25.5,17.7,0.0,0,12.5,24.1,3,2026-09-17 16:50:12,Normal,Aucune,Calme,8.0,Faible,Complet,Thursday,False,0
Larache,35.1875,-6.125,2026-09-18,26.7,14.7,0.0,0,16.3,32.0,45,2026-09-17 16:50:12,Normal,Aucune,Modéré,20.7,Faible,Complet,Friday,True,1
Larache,35.1875,-6.125,2026-09-19,35.1,17.9,0.0,0,19.5,35.3,2,2026-09-17 16:50:12,Chaud,Aucune,Modéré,11.8,Faible,Complet,Saturday,True,2
Larache,35.1875,-6.125,2026-09-20,34.6,25.7,0.0,0,14.2,29.2,1,2026-09-17 16:50:12,Chaud,Aucune,Calme,9.7,Faible,Complet,Sunday,False,3
Larache,35.1875,-6.125,2026-09-21,32.9,22.9,0.0,0,14.1,26.3,1,2026-09-17 16:50:12,Chaud,Aucune,Calme,8.8,Faible,Complet,Monday,False,4
Larache,35.1875,-6.125,2026-09-22,29.5,19.8,0.0,0,15.0,28.4,2,2026-09-17 16:50:12,Normal,Aucune,Calme,9.5,Faible,Complet,Tuesday,False,5
Larache,35.1875,-6.125,2026-09-23,29.6,18.5,0.0,0,13.5,25.2,2,2026-09-17 16:50:12,Normal,Aucune,Calme,8.4,Faible,Complet,Wednesday,False,6
Laâyoune,27.170473,-13.229401,2026-09-17,28.1,21.4,0.1,0,32.1,61.6,51,2026-09-17 16:50:08,Normal,Faible,Fort,25.6,Modéré,Complet,Thursday,False,0
Laâyoune,27.170473,-13.229401,2026-09-18,27.9,19.1,0.0,4,26.7,52.6,3,2026-09-17 16:50:08,Normal,Aucune,Fort,17.9,Faible,Complet,Friday,True,1
Laâyoune,27.170473,-13.229401,2026-09-19,28.8,17.9,0.0,0,23.3,46.4,1,2026-09-17 16:50:08,Normal,Aucune,Modéré,15.5,Faible,Complet,Saturday,True,2
Laâyoune,27.170473,-13.229401,2026-09-20,31.6,18.1,0.0,0,21.3,42.5,2,2026-09-17 16:50:08,Chaud,Aucune,Modéré,14.2,Faible,Complet,Sunday,False,3
Laâyoune,27.170473,-13.229401,2026-09-21,34.6,19.7,0.0,0,23.3,47.5,3,2026-09-17 16:50:08,Chaud,Aucune,Modéré,15.8,Faible,Complet,Monday,False,4
Laâyoune,27.170473,-13.229401,2026-09-22,33.8,20.2,0.0,0,24.8,49.7,3,2026-09-17 16:50:08,Chaud,Aucune,Modéré,16.6,Faible,Complet,Tuesday,False,5
Laâyoune,27.170473,-13.229401,2026-09-23,32.4,20.4,0.0,2,23.5,46.4,1,2026-09-17 16:50:08,Chaud,Aucune,Modéré,15.7,Faible,Complet,Wednesday,False,6
Lqoliaa,30.3125,-9.4375,2026-09-17,27.5,20.7,0.0,0,18.0,39.6,3,2026-09-17 16:50:16,Normal,Aucune,Modéré,13.2,Faible,Complet,Thursday,False,0
Lqoliaa,30.3125,-9.4375,2026-09-18,26.7,19.5,0.0,0,18.7,41.4,2,2026-09-17 16:50:16,Normal,Aucune,Modéré,13.8,Faible,Complet,Friday,True,1
Lqoliaa,30.3125,-9.4375,2026-09-19,26.9,19.9,0.0,0,20.5,45.0,2,2026-09-17 16:50:16,Normal,Aucune,Modéré,15.0,Faible,Complet,Saturday,True,2
Lqoliaa,30.3125,-9.4375,2026-09-20,27.5,20.2,0.0,0,18.7,43.6,2,2026-09-17 16:50:16,Normal,Aucune,Modéré,14.5,Faible,Complet,Sunday,False,3
Lqoliaa,30.3125,-9.4375,2026-09-21,30.7,19.5,0.0,0,17.7,38.2,45,2026-09-17 16:50:16,Chaud,Aucune,Modéré,22.7,Faible,Complet,Monday,False,4
Lqoliaa,30.3125,-9.4375,2026-09-22,36.2,19.7,0.0,0,17.2,38.2,45,2026-09-17 16:50:16,Chaud,Aucune,Modéré,22.7,Faible,Complet,Tuesday,False,5
Lqoliaa,30.3125,-9.4375,2026-09-23,33.1,19.6,0.0,0,17.0,37.4,0,2026-09-17 16:50:16,Chaud,Aucune,Modéré,12.5,Faible,Complet,Wednesday,False,6
Marrakech,31.625,-8.0,2026-09-17,29.9,18.3,0.0,0,10.0,30.2,3,2026-09-17 16:50:04,Normal,Aucune,Modéré,10.1,Faible,Complet,Thursday,False,0
Marrakech,31.625,-8.0,2026-09-18,32.0,18.3,0.0,0,7.6,23.0,1,2026-09-17 16:50:04,Chaud,Aucune,Calme,7.7,Faible,Complet,Friday,True,1
Marrakech,31.625,-8.0,2026-09-19,35.5,20.6,0.0,5,9.1,25.6,3,2026-09-17 16:50:04,Chaud,Aucune,Calme,9.0,Faible,Complet,Saturday,True,2
Marrakech,31.625,-8.0,2026-09-20,37.9,22.8,1.5,25,10.4,30.6,80,2026-09-17 16:50:04,Chaud,Faible,Modéré,24.0,Faible,Complet,Sunday,False,3
Marrakech,31.625,-8.0,2026-09-21,37.7,23.3,0.0,13,12.4,33.8,3,2026-09-17 16:50:04,Chaud,Aucune,Modéré,12.6,Faible,Complet,Monday,False,4
Marrakech,31.625,-8.0,2026-09-22,36.6,21.7,0.0,6,14.0,25.2,1,2026-09-17 16:50:04,Chaud,Aucune,Calme,9.0,Faible,Complet,Tuesday,False,5
Marrakech,31.625,-8.0,2026-09-23,36.5,20.5,0.0,3,13.3,23.4,2,2026-09-17 16:50:04,Chaud,Aucune,Calme,8.1,Faible,Complet,Wednesday,False,6
Martil,35.625,-5.3125,2026-09-17,25.5,16.9,0.0,0,11.4,28.4,3,2026-09-17 13:00:53,Normal,Aucune,Calme,9.5,Faible,Complet,Thursday,False,0
Martil,35.625,-5.3125,2026-09-18,24.7,19.9,0.3,3,17.4,39.2,45,2026-09-17 13:00:53,Normal,Faible,Modéré,23.6,Faible,Complet,Friday,True,1
Martil,35.625,-5.3125,2026-09-19,24.9,22.1,2.9,31,28.4,65.5,80,2026-09-17 13:00:53,Normal,Faible,Fort,37.3,Modéré,Complet,Saturday,True,2
Martil,35.625,-5.3125,2026-09-20,24.8,23.1,5.3,50,23.0,50.4,80,2026-09-17 13:00:53,Normal,Modérée,Fort,36.2,Modéré,Complet,Sunday,False,3
Martil,35.625,-5.3125,2026-09-21,24.8,22.5,1.8,16,19.9,44.6,80,2026-09-17 13:00:53,Normal,Faible,Modéré,28.0,Modéré,Complet,Monday,False,4
Martil,35.625,-5.3125,2026-09-22,25.6,22.2,0.0,0,22.7,40.0,2,2026-09-17 13:00:53,Normal,Aucune,Modéré,13.3,Faible,Complet,Tuesday,False,5
Martil,35.625,-5.3125,2026-09-23,25.4,21.9,0.0,0,16.6,29.2,2,2026-09-17 13:00:53,Normal,Aucune,Calme,9.7,Faible,Complet,Wednesday,False,6
Mechraa Bel Ksiri,34.5625,-5.9375,2026-09-17,28.2,18.3,0.0,0,14.5,27.4,3,2026-09-17 16:50:35,Normal,Aucune,Calme,9.1,Faible,Complet,Thursday,False,0
Mechraa Bel Ksiri,34.5625,-5.9375,2026-09-18,31.5,16.1,0.0,0,18.7,35.6,45,2026-09-17 16:50:35,Chaud,Aucune,Modéré,21.9,Faible,Complet,Friday,True,1
Mechraa Bel Ksiri,34.5625,-5.9375,2026-09-19,36.6,18.0,0.0,0,15.9,28.4,45,2026-09-17 16:50:35,Chaud,Aucune,Calme,19.5,Faible,Complet,Saturday,True,2
Mechraa Bel Ksiri,34.5625,-5.9375,2026-09-20,38.5,25.2,0.0,0,21.8,40.7,2,2026-09-17 16:50:35,Extrême,Aucune,Modéré,14.3,Faible,Complet,Sunday,False,3
Mechraa Bel Ksiri,34.5625,-5.9375,2026-09-21,37.4,22.6,0.0,0,15.0,30.6,1,2026-09-17 16:50:35,Chaud,Aucune,Modéré,10.2,Faible,Complet,Monday,False,4
Mechraa Bel Ksiri,34.5625,-5.9375,2026-09-22,35.1,20.4,0.0,0,15.9,30.2,45,2026-09-17 16:50:35,Chaud,Aucune,Modéré,20.1,Faible,Complet,Tuesday,False,5
Mechraa Bel Ksiri,34.5625,-5.9375,2026-09-23,36.2,18.6,0.0,0,15.6,31.3,45,2026-09-17 16:50:35,Chaud,Aucune,Modéré,20.4,Faible,Complet,Wednesday,False,6
Mediouna,33.4375,-7.5,2026-09-17,27.1,17.8,0.0,0,15.9,29.2,3,2026-09-17 13:01:09,Normal,Aucune,Calme,9.7,Faible,Complet,Thursday,False,0
Mediouna,33.4375,-7.5,2026-09-18,27.7,16.7,0.0,0,16.1,29.2,3,2026-09-17 13:01:09,Normal,Aucune,Calme,9.7,Faible,Complet,Friday,True,1
Mediouna,33.4375,-7.5,2026-09-19,30.1,17.4,0.0,0,16.3,29.9,45,2026-09-17 13:01:09,Chaud,Aucune,Calme,20.0,Faible,Complet,Saturday,True,2
Mediouna,33.4375,-7.5,2026-09-20,33.2,20.5,0.0,0,15.3,28.1,45,2026-09-17 13:01:09,Chaud,Aucune,Calme,19.4,Faible,Complet,Sunday,False,3
Mediouna,33.4375,-7.5,2026-09-21,33.0,19.7,0.0,0,17.3,32.0,45,2026-09-17 13:01:09,Chaud,Aucune,Modéré,20.7,Faible,Complet,Monday,False,4
Mediouna,33.4375,-7.5,2026-09-22,28.6,19.7,0.0,0,11.4,29.9,45,2026-09-17 13:01:09,Normal,Aucune,Calme,20.0,Faible,Complet,Tuesday,False,5
Mediouna,33.4375,-7.5,2026-09-23,27.7,19.8,0.0,0,12.3,32.4,45,2026-09-17 13:01:09,Normal,Aucune,Modéré,20.8,Faible,Complet,Wednesday,False,6
Mehdya,34.25,-6.625,2026-09-17,26.1,18.6,0.0,0,11.5,27.0,3,2026-09-17 16:50:24,Normal,Aucune,Calme,9.0,Faible,Complet,Thursday,False,0
Mehdya,34.25,-6.625,2026-09-18,26.2,16.7,0.0,0,15.5,34.2,45,2026-09-17 16:50:24,Normal,Aucune,Modéré,21.4,Faible,Complet,Friday,True,1
Mehdya,34.25,-6.625,2026-09-19,30.8,17.5,0.0,0,14.6,33.1,45,2026-09-17 16:50:24,Chaud,Aucune,Modéré,21.0,Faible,Complet,Saturday,True,2
Mehdya,34.25,-6.625,2026-09-20,30.7,20.7,0.0,0,11.5,26.6,2,2026-09-17 16:50:24,Chaud,Aucune,Calme,8.9,Faible,Complet,Sunday,False,3
Mehdya,34.25,-6.625,2026-09-21,29.6,21.0,0.0,0,12.4,28.8,45,2026-09-17 16:50:24,Normal,Aucune,Calme,19.6,Faible,Complet,Monday,False,4
Mehdya,34.25,-6.625,2026-09-22,27.6,20.6,0.0,0,11.8,27.4,45,2026-09-17 16:50:24,Normal,Aucune,Calme,19.1,Faible,Complet,Tuesday,False,5
Mehdya,34.25,-6.625,2026-09-23,28.3,19.6,0.0,0,12.6,29.5,45,2026-09-17 16:50:24,Normal,Aucune,Calme,19.8,Faible,Complet,Wednesday,False,6
Meknès,33.875,-5.5625,2026-09-17,27.7,15.4,0.0,0,12.9,34.6,45,2026-09-17 13:00:37,Normal,Aucune,Modéré,21.5,Faible,Complet,Thursday,False,0
Meknès,33.875,-5.5625,2026-09-18,29.4,15.9,0.0,0,12.9,36.0,3,2026-09-17 13:00:37,Normal,Aucune,Modéré,12.0,Faible,Complet,Friday,True,1
Meknès,33.875,-5.5625,2026-09-19,33.8,18.9,0.0,3,11.3,31.7,2,2026-09-17 13:00:37,Chaud,Aucune,Modéré,10.9,Faible,Complet,Saturday,True,2
Meknès,33.875,-5.5625,2026-09-20,35.7,22.1,0.0,0,13.0,35.6,2,2026-09-17 13:00:37,Chaud,Aucune,Modéré,11.9,Faible,Complet,Sunday,False,3
Meknès,33.875,-5.5625,2026-09-21,35.3,21.0,0.0,3,13.9,36.4,2,2026-09-17 13:00:37,Chaud,Aucune,Modéré,12.4,Faible,Complet,Monday,False,4
Meknès,33.875,-5.5625,2026-09-22,34.1,19.8,0.0,0,14.8,34.2,1,2026-09-17 13:00:37,Chaud,Aucune,Modéré,11.4,Faible,Complet,Tuesday,False,5
Meknès,33.875,-5.5625,2026-09-23,35.3,20.0,0.0,0,16.1,36.7,1,2026-09-17 13:00:37,Chaud,Aucune,Modéré,12.2,Faible,Complet,Wednesday,False,6
Midalt,32.6875,-4.75,2026-09-17,28.4,13.7,0.9,18,21.8,41.8,80,2026-09-17 16:50:23,Normal,Faible,Modéré,26.5,Modéré,Complet,Thursday,False,0
Midalt,32.6875,-4.75,2026-09-18,27.5,13.3,0.0,8,23.7,51.1,3,2026-09-17 16:50:23,Normal,Aucune,Fort,17.8,Faible,Complet,Friday,True,1
Midalt,32.6875,-4.75,2026-09-19,28.6,14.1,0.2,31,28.8,50.8,45,2026-09-17 16:50:23,Normal,Faible,Fort,30.2,Modéré,Complet,Saturday,True,2
Midalt,32.6875,-4.75,2026-09-20,29.6,14.9,0.0,13,16.9,37.1,3,2026-09-17 16:50:23,Normal,Aucune,Modéré,13.7,Faible,Complet,Sunday,False,3
Midalt,32.6875,-4.75,2026-09-21,28.2,16.0,1.5,15,9.0,28.4,3,2026-09-17 16:50:23,Normal,Faible,Calme,12.2,Faible,Complet,Monday,False,4
Midalt,32.6875,-4.75,2026-09-22,28.8,13.2,0.0,5,19.2,31.0,3,2026-09-17 16:50:23,Normal,Aucune,Modéré,10.8,Faible,Complet,Tuesday,False,5
Midalt,32.6875,-4.75,2026-09-23,29.8,14.9,0.0,3,16.2,24.5,3,2026-09-17 16:50:23,Normal,Aucune,Calme,8.5,Faible,Complet,Wednesday,False,6
Missour,33.0625,-4.0,2026-09-17,31.0,16.8,0.0,25,24.9,39.6,3,2026-09-17 13:01:14,Chaud,Aucune,Modéré,15.7,Faible,Complet,Thursday,False,0
Missour,33.0625,-4.0,2026-09-18,31.0,15.6,0.0,15,30.3,49.7,3,2026-09-17 13:01:14,Chaud,Aucune,Modéré,18.1,Faible,Complet,Friday,True,1
Missour,33.0625,-4.0,2026-09-19,30.8,17.6,8.8,48,22.7,42.1,81,2026-09-17 13:01:14,Chaud,Modérée,Modéré,41.2,Modéré,Complet,Saturday,True,2
Missour,33.0625,-4.0,2026-09-20,31.4,18.8,0.3,5,19.2,35.3,3,2026-09-17 13:01:14,Chaud,Faible,Modéré,12.5,Faible,Complet,Sunday,False,3
Missour,33.0625,-4.0,2026-09-21,28.2,18.8,2.1,28,20.7,37.4,80,2026-09-17 13:01:14,Normal,Faible,Modéré,27.0,Modéré,Complet,Monday,False,4
Missour,33.0625,-4.0,2026-09-22,31.5,18.1,0.0,8,20.1,30.6,3,2026-09-17 13:01:14,Chaud,Aucune,Modéré,11.0,Faible,Complet,Tuesday,False,5
Missour,33.0625,-4.0,2026-09-23,32.5,18.5,0.0,0,22.6,34.9,3,2026-09-17 13:01:14,Chaud,Aucune,Modéré,11.6,Faible,Complet,Wednesday,False,6
Mohammedia,33.6875,-7.375,2026-09-17,24.9,19.1,0.0,0,14.0,34.2,3,2026-09-17 13:00:44,Normal,Aucune,Modéré,11.4,Faible,Complet,Thursday,False,0
Mohammedia,33.6875,-7.375,2026-09-18,24.3,17.1,0.0,0,12.2,31.3,3,2026-09-17 13:00:44,Normal,Aucune,Modéré,10.4,Faible,Complet,Friday,True,1
Mohammedia,33.6875,-7.375,2026-09-19,26.0,17.9,0.0,0,13.3,31.7,45,2026-09-17 13:00:44,Normal,Aucune,Modéré,20.6,Faible,Complet,Saturday,True,2
Mohammedia,33.6875,-7.375,2026-09-20,27.4,20.6,0.0,0,11.5,28.4,45,2026-09-17 13:00:44,Normal,Aucune,Calme,19.5,Faible,Complet,Sunday,False,3
Mohammedia,33.6875,-7.375,2026-09-21,26.7,20.7,0.0,0,12.0,29.2,45,2026-09-17 13:00:44,Normal,Aucune,Calme,19.7,Faible,Complet,Monday,False,4
Mohammedia,33.6875,-7.375,2026-09-22,31.0,20.4,0.0,0,15.2,29.2,45,2026-09-17 13:00:44,Chaud,Aucune,Calme,19.7,Faible,Complet,Tuesday,False,5
Mohammedia,33.6875,-7.375,2026-09-23,29.7,20.2,0.0,0,16.9,32.0,45,2026-09-17 13:00:44,Normal,Aucune,Modéré,20.7,Faible,Complet,Wednesday,False,6
Moulay Abdallah,33.1875,-8.5625,2026-09-17,25.7,20.3,0.0,0,16.2,24.8,3,2026-09-17 13:00:51,Normal,Aucune,Calme,8.3,Faible,Complet,Thursday,False,0
Moulay Abdallah,33.1875,-8.5625,2026-09-18,25.5,19.8,0.0,0,19.9,32.4,2,2026-09-17 13:00:51,Normal,Aucune,Modéré,10.8,Faible,Complet,Friday,True,1
Moulay Abdallah,33.1875,-8.5625,2026-09-19,27.1,20.1,0.0,0,17.6,28.1,2,2026-09-17 13:00:51,Normal,Aucune,Calme,9.4,Faible,Complet,Saturday,True,2
Moulay Abdallah,33.1875,-8.5625,2026-09-20,27.5,20.5,0.0,0,13.4,21.6,45,2026-09-17 13:00:51,Normal,Aucune,Calme,17.2,Faible,Complet,Sunday,False,3
Moulay Abdallah,33.1875,-8.5625,2026-09-21,26.5,20.8,0.0,0,13.5,20.9,45,2026-09-17 13:00:51,Normal,Aucune,Calme,17.0,Faible,Complet,Monday,False,4
Moulay Abdallah,33.1875,-8.5625,2026-09-22,27.7,21.0,0.0,0,11.8,23.8,45,2026-09-17 13:00:51,Normal,Aucune,Calme,17.9,Faible,Complet,Tuesday,False,5
Moulay Abdallah,33.1875,-8.5625,2026-09-23,27.5,20.8,0.0,0,15.6,31.0,45,2026-09-17 13:00:51,Normal,Aucune,Modéré,20.3,Faible,Complet,Wednesday,False,6
Moulay Bousselham,34.875,-6.25,2026-09-17,24.6,18.1,0.0,0,12.3,20.5,3,2026-09-17 16:50:35,Normal,Aucune,Calme,6.8,Faible,Complet,Thursday,False,0
Moulay Bousselham,34.875,-6.25,2026-09-18,24.7,15.1,0.0,0,19.3,34.2,45,2026-09-17 16:50:35,Normal,Aucune,Modéré,21.4,Faible,Complet,Friday,True,1
Moulay Bousselham,34.875,-6.25,2026-09-19,29.2,18.0,0.0,0,14.8,25.9,45,2026-09-17 16:50:35,Normal,Aucune,Calme,18.6,Faible,Complet,Saturday,True,2
Moulay Bousselham,34.875,-6.25,2026-09-20,33.1,22.1,0.0,0,15.5,28.4,1,2026-09-17 16:50:35,Chaud,Aucune,Calme,9.5,Faible,Complet,Sunday,False,3
Moulay Bousselham,34.875,-6.25,2026-09-21,30.3,20.8,0.0,0,16.9,29.9,1,2026-09-17 16:50:35,Chaud,Aucune,Calme,10.0,Faible,Complet,Monday,False,4
Moulay Bousselham,34.875,-6.25,2026-09-22,30.7,19.8,0.0,0,17.7,33.1,45,2026-09-17 16:50:35,Chaud,Aucune,Modéré,21.0,Faible,Complet,Tuesday,False,5
Moulay Bousselham,34.875,-6.25,2026-09-23,30.4,18.7,0.0,0,16.4,29.9,45,2026-09-17 16:50:35,Chaud,Aucune,Calme,20.0,Faible,Complet,Wednesday,False,6
Mrirt,33.1875,-5.5625,2026-09-17,30.6,15.2,0.0,0,21.0,42.8,3,2026-09-17 16:50:28,Chaud,Aucune,Modéré,14.3,Faible,Complet,Thursday,False,0
Mrirt,33.1875,-5.5625,2026-09-18,31.0,14.1,0.0,0,18.1,40.7,3,2026-09-17 16:50:28,Chaud,Aucune,Modéré,13.6,Faible,Complet,Friday,True,1
Mrirt,33.1875,-5.5625,2026-09-19,32.4,16.8,0.0,15,15.7,33.8,3,2026-09-17 16:50:28,Chaud,Aucune,Modéré,12.8,Faible,Complet,Saturday,True,2
Mrirt,33.1875,-5.5625,2026-09-20,32.9,20.0,0.6,5,18.5,52.6,3,2026-09-17 16:50:28,Chaud,Faible,Fort,18.5,Faible,Complet,Sunday,False,3
Mrirt,33.1875,-5.5625,2026-09-21,32.0,19.6,0.0,13,19.2,43.6,2,2026-09-17 16:50:28,Chaud,Aucune,Modéré,15.8,Faible,Complet,Monday,False,4
Mrirt,33.1875,-5.5625,2026-09-22,31.5,16.8,0.0,2,17.1,36.4,2,2026-09-17 16:50:28,Chaud,Aucune,Modéré,12.3,Faible,Complet,Tuesday,False,5
Mrirt,33.1875,-5.5625,2026-09-23,32.9,15.8,0.0,3,21.4,40.3,2,2026-09-17 16:50:28,Chaud,Aucune,Modéré,13.7,Faible,Complet,Wednesday,False,6
My Drarga,30.375,-9.5,2026-09-17,27.4,20.6,0.0,0,17.9,39.6,3,2026-09-17 13:00:50,Normal,Aucune,Modéré,13.2,Faible,Complet,Thursday,False,0
My Drarga,30.375,-9.5,2026-09-18,26.2,19.3,0.0,0,15.6,37.1,1,2026-09-17 13:00:50,Normal,Aucune,Modéré,12.4,Faible,Complet,Friday,True,1
My Drarga,30.375,-9.5,2026-09-19,26.5,19.8,0.0,0,17.5,38.5,45,2026-09-17 13:00:50,Normal,Aucune,Modéré,22.8,Faible,Complet,Saturday,True,2
My Drarga,30.375,-9.5,2026-09-20,26.8,20.2,0.0,0,16.6,36.7,45,2026-09-17 13:00:50,Normal,Aucune,Modéré,22.2,Faible,Complet,Sunday,False,3
My Drarga,30.375,-9.5,2026-09-21,29.9,20.8,0.0,0,12.0,28.4,45,2026-09-17 13:00:50,Normal,Aucune,Calme,19.5,Faible,Complet,Monday,False,4
My Drarga,30.375,-9.5,2026-09-22,38.4,20.5,0.0,0,17.2,33.1,45,2026-09-17 13:00:50,Extrême,Aucune,Modéré,21.6,Faible,Complet,Tuesday,False,5
My Drarga,30.375,-9.5,2026-09-23,37.7,22.4,0.0,0,14.0,28.4,0,2026-09-17 13:00:50,Chaud,Aucune,Calme,9.5,Faible,Complet,Wednesday,False,6
M’diq,35.625,-5.3125,2026-09-17,25.5,16.7,0.0,0,11.4,28.1,3,2026-09-17 16:50:22,Normal,Aucune,Calme,9.4,Faible,Complet,Thursday,False,0
M’diq,35.625,-5.3125,2026-09-18,24.6,19.7,0.6,0,18.2,40.3,3,2026-09-17 16:50:22,Normal,Faible,Modéré,13.9,Faible,Complet,Friday,True,1
M’diq,35.625,-5.3125,2026-09-19,24.7,21.9,2.9,0,28.4,65.5,80,2026-09-17 16:50:22,Normal,Faible,Fort,34.2,Modéré,Complet,Saturday,True,2
M’diq,35.625,-5.3125,2026-09-20,24.7,23.0,5.3,0,23.0,50.4,80,2026-09-17 16:50:22,Normal,Modérée,Fort,31.2,Modéré,Complet,Sunday,False,3
M’diq,35.625,-5.3125,2026-09-21,24.7,22.4,1.8,0,19.9,44.6,80,2026-09-17 16:50:22,Normal,Faible,Modéré,26.4,Modéré,Complet,Monday,False,4
M’diq,35.625,-5.3125,2026-09-22,27.0,22.1,0.0,0,26.7,54.7,2,2026-09-17 16:50:22,Normal,Aucune,Fort,18.2,Faible,Complet,Tuesday,False,5
M’diq,35.625,-5.3125,2026-09-23,27.3,22.7,0.0,0,19.0,46.8,2,2026-09-17 16:50:22,Normal,Aucune,Modéré,15.6,Faible,Complet,Wednesday,False,6
Nador,35.1875,-2.9375,2026-09-17,27.1,21.6,0.6,0,14.4,32.8,80,2026-09-17 16:50:11,Normal,Faible,Modéré,21.4,Faible,Complet,Thursday,False,0
Nador,35.1875,-2.9375,2026-09-18,25.4,22.0,1.0,3,14.8,33.5,80,2026-09-17 16:50:11,Normal,Faible,Modéré,22.3,Faible,Complet,Friday,True,1
Nador,35.1875,-2.9375,2026-09-19,25.6,23.0,1.7,3,23.9,52.6,80,2026-09-17 16:50:11,Normal,Faible,Fort,29.2,Modéré,Complet,Saturday,True,2
Nador,35.1875,-2.9375,2026-09-20,25.9,24.0,4.3,5,24.4,50.4,80,2026-09-17 16:50:11,Normal,Faible,Fort,30.9,Modéré,Complet,Sunday,False,3
Nador,35.1875,-2.9375,2026-09-21,25.6,23.7,1.2,10,17.2,38.2,3,2026-09-17 16:50:11,Normal,Faible,Modéré,14.7,Faible,Complet,Monday,False,4
Nador,35.1875,-2.9375,2026-09-22,27.2,21.7,0.0,3,20.4,35.6,2,2026-09-17 16:50:11,Normal,Aucune,Modéré,12.2,Faible,Complet,Tuesday,False,5
Nador,35.1875,-2.9375,2026-09-23,27.1,21.5,0.0,0,16.6,29.9,2,2026-09-17 16:50:11,Normal,Aucune,Calme,10.0,Faible,Complet,Wednesday,False,6
Oued Zem,32.875,-6.5625,2026-09-17,30.5,15.4,0.0,0,16.2,33.1,2,2026-09-17 13:00:54,Chaud,Aucune,Modéré,11.0,Faible,Complet,Thursday,False,0
Oued Zem,32.875,-6.5625,2026-09-18,31.4,16.0,0.0,0,17.5,37.1,3,2026-09-17 13:00:54,Chaud,Aucune,Modéré,12.4,Faible,Complet,Friday,True,1
Oued Zem,32.875,-6.5625,2026-09-19,34.7,19.0,0.0,3,18.6,36.0,3,2026-09-17 13:00:54,Chaud,Aucune,Modéré,12.3,Faible,Complet,Saturday,True,2
Oued Zem,32.875,-6.5625,2026-09-20,36.2,23.5,0.0,3,18.4,38.5,3,2026-09-17 13:00:54,Chaud,Aucune,Modéré,13.1,Faible,Complet,Sunday,False,3
Oued Zem,32.875,-6.5625,2026-09-21,34.5,21.3,0.6,3,17.0,31.3,80,2026-09-17 13:00:54,Chaud,Faible,Modéré,21.2,Faible,Complet,Monday,False,4
Oued Zem,32.875,-6.5625,2026-09-22,34.1,19.1,0.0,0,20.1,36.0,2,2026-09-17 13:00:54,Chaud,Aucune,Modéré,12.0,Faible,Complet,Tuesday,False,5
Oued Zem,32.875,-6.5625,2026-09-23,34.5,19.1,0.0,0,17.6,36.4,1,2026-09-17 13:00:54,Chaud,Aucune,Modéré,12.1,Faible,Complet,Wednesday,False,6
Ouezzane,34.8125,-5.625,2026-09-17,27.7,16.4,0.0,0,15.3,30.2,3,2026-09-17 16:50:24,Normal,Aucune,Modéré,10.1,Faible,Complet,Thursday,False,0
Ouezzane,34.8125,-5.625,2026-09-18,30.8,14.8,0.0,0,17.2,34.2,3,2026-09-17 16:50:24,Chaud,Aucune,Modéré,11.4,Faible,Complet,Friday,True,1
Ouezzane,34.8125,-5.625,2026-09-19,35.6,17.8,0.0,0,17.3,35.3,1,2026-09-17 16:50:24,Chaud,Aucune,Modéré,11.8,Faible,Complet,Saturday,True,2
Ouezzane,34.8125,-5.625,2026-09-20,37.4,21.9,0.0,0,12.6,25.2,1,2026-09-17 16:50:24,Chaud,Aucune,Calme,8.4,Faible,Complet,Sunday,False,3
Ouezzane,34.8125,-5.625,2026-09-21,36.0,20.9,0.0,5,10.4,20.9,1,2026-09-17 16:50:24,Chaud,Aucune,Calme,7.5,Faible,Complet,Monday,False,4
Ouezzane,34.8125,-5.625,2026-09-22,35.3,19.8,0.0,1,12.1,30.6,3,2026-09-17 16:50:24,Chaud,Aucune,Modéré,10.3,Faible,Complet,Tuesday,False,5
Ouezzane,34.8125,-5.625,2026-09-23,36.6,17.9,0.0,0,12.5,27.4,0,2026-09-17 16:50:24,Chaud,Aucune,Calme,9.1,Faible,Complet,Wednesday,False,6
Oujda-Angad,34.6875,-1.9375,2026-09-17,28.3,15.6,0.0,0,18.4,38.2,3,2026-09-17 13:00:39,Normal,Aucune,Modéré,12.7,Faible,Complet,Thursday,False,0
Oujda-Angad,34.6875,-1.9375,2026-09-18,27.7,16.5,0.0,3,19.0,40.3,45,2026-09-17 13:00:39,Normal,Aucune,Modéré,23.7,Faible,Complet,Friday,True,1
Oujda-Angad,34.6875,-1.9375,2026-09-19,28.8,18.6,3.5,45,16.2,42.1,81,2026-09-17 13:00:39,Normal,Faible,Modéré,36.5,Modéré,Complet,Saturday,True,2
Oujda-Angad,34.6875,-1.9375,2026-09-20,30.7,19.1,0.0,8,19.1,40.7,3,2026-09-17 13:00:39,Chaud,Aucune,Modéré,14.4,Faible,Complet,Sunday,False,3
Oujda-Angad,34.6875,-1.9375,2026-09-21,28.3,19.5,0.0,5,17.3,38.2,45,2026-09-17 13:00:39,Normal,Aucune,Modéré,23.2,Faible,Complet,Monday,False,4
Oujda-Angad,34.6875,-1.9375,2026-09-22,29.5,17.4,0.0,5,21.7,41.8,45,2026-09-17 13:00:39,Normal,Aucune,Modéré,24.4,Faible,Complet,Tuesday,False,5
Oujda-Angad,34.6875,-1.9375,2026-09-23,30.9,17.1,0.0,3,22.1,40.0,1,2026-09-17 13:00:39,Chaud,Aucune,Modéré,13.6,Faible,Complet,Wednesday,False,6
Oulad Barhil,30.625,-8.5,2026-09-17,29.8,17.6,0.0,0,28.4,49.7,3,2026-09-17 13:01:12,Normal,Aucune,Modéré,16.6,Faible,Complet,Thursday,False,0
Oulad Barhil,30.625,-8.5,2026-09-18,30.4,17.2,0.0,0,27.1,48.2,3,2026-09-17 13:01:12,Chaud,Aucune,Modéré,16.1,Faible,Complet,Friday,True,1
Oulad Barhil,30.625,-8.5,2026-09-19,33.2,19.9,0.0,0,26.7,49.0,2,2026-09-17 13:01:12,Chaud,Aucune,Modéré,16.3,Faible,Complet,Saturday,True,2
Oulad Barhil,30.625,-8.5,2026-09-20,37.0,20.6,0.0,3,30.3,58.3,2,2026-09-17 13:01:12,Chaud,Aucune,Fort,19.7,Faible,Complet,Sunday,False,3
Oulad Barhil,30.625,-8.5,2026-09-21,38.2,21.5,0.0,3,29.8,54.4,2,2026-09-17 13:01:12,Extrême,Aucune,Fort,18.7,Faible,Complet,Monday,False,4
Oulad Barhil,30.625,-8.5,2026-09-22,37.7,20.3,0.0,0,24.5,52.2,1,2026-09-17 13:01:12,Chaud,Aucune,Fort,17.4,Faible,Complet,Tuesday,False,5
Oulad Barhil,30.625,-8.5,2026-09-23,38.3,18.8,0.0,0,21.6,41.0,1,2026-09-17 13:01:12,Extrême,Aucune,Modéré,14.1,Faible,Complet,Wednesday,False,6
Oulad Tayeb,33.9375,-5.0,2026-09-17,28.5,17.5,0.0,0,14.4,27.7,45,2026-09-17 16:50:25,Normal,Aucune,Calme,19.2,Faible,Complet,Thursday,False,0
Oulad Tayeb,33.9375,-5.0,2026-09-18,31.0,17.6,0.0,0,13.0,26.3,3,2026-09-17 16:50:25,Chaud,Aucune,Calme,8.8,Faible,Complet,Friday,True,1
Oulad Tayeb,33.9375,-5.0,2026-09-19,33.1,19.6,0.0,0,19.3,38.2,2,2026-09-17 16:50:25,Chaud,Aucune,Modéré,12.7,Faible,Complet,Saturday,True,2
Oulad Tayeb,33.9375,-5.0,2026-09-20,35.7,21.2,0.0,0,16.3,31.7,2,2026-09-17 16:50:25,Chaud,Aucune,Modéré,10.6,Faible,Complet,Sunday,False,3
Oulad Tayeb,33.9375,-5.0,2026-09-21,35.4,21.9,0.0,3,16.7,28.8,3,2026-09-17 16:50:25,Chaud,Aucune,Calme,9.9,Faible,Complet,Monday,False,4
Oulad Tayeb,33.9375,-5.0,2026-09-22,34.6,20.8,0.0,0,11.3,28.8,1,2026-09-17 16:50:25,Chaud,Aucune,Calme,9.6,Faible,Complet,Tuesday,False,5
Oulad Tayeb,33.9375,-5.0,2026-09-23,35.3,21.3,0.0,0,12.3,30.2,1,2026-09-17 16:50:25,Chaud,Aucune,Modéré,10.1,Faible,Complet,Wednesday,False,6
Oulad Teïma,30.375,-9.1875,2026-09-17,29.2,19.8,0.0,0,24.7,45.7,45,2026-09-17 16:50:17,Normal,Aucune,Modéré,25.2,Modéré,Complet,Thursday,False,0
Oulad Teïma,30.375,-9.1875,2026-09-18,29.1,18.7,0.0,0,22.9,42.5,2,2026-09-17 16:50:17,Normal,Aucune,Modéré,14.2,Faible,Complet,Friday,True,1
Oulad Teïma,30.375,-9.1875,2026-09-19,29.8,19.1,0.0,0,24.2,45.7,45,2026-09-17 16:50:17,Normal,Aucune,Modéré,25.2,Modéré,Complet,Saturday,True,2
Oulad Teïma,30.375,-9.1875,2026-09-20,30.4,19.5,0.0,0,23.7,44.3,45,2026-09-17 16:50:17,Chaud,Aucune,Modéré,24.8,Faible,Complet,Sunday,False,3
Oulad Teïma,30.375,-9.1875,2026-09-21,35.7,20.5,0.0,0,23.7,42.8,3,2026-09-17 16:50:17,Chaud,Aucune,Modéré,14.3,Faible,Complet,Monday,False,4
Oulad Teïma,30.375,-9.1875,2026-09-22,38.3,19.5,0.0,0,28.3,47.2,3,2026-09-17 16:50:17,Extrême,Aucune,Modéré,16.2,Faible,Complet,Tuesday,False,5
Oulad Teïma,30.375,-9.1875,2026-09-23,37.3,19.6,0.0,3,25.8,44.6,0,2026-09-17 16:50:17,Chaud,Aucune,Modéré,15.2,Faible,Complet,Wednesday,False,6
Oulad Yaïch,32.4375,-6.3125,2026-09-17,32.1,17.8,0.0,0,13.3,23.8,2,2026-09-17 13:01:15,Chaud,Aucune,Calme,7.9,Faible,Complet,Thursday,False,0
Oulad Yaïch,32.4375,-6.3125,2026-09-18,33.7,18.6,0.0,0,9.5,17.3,3,2026-09-17 13:01:15,Chaud,Aucune,Calme,5.8,Faible,Complet,Friday,True,1
Oulad Yaïch,32.4375,-6.3125,2026-09-19,37.3,21.2,0.0,0,7.6,14.0,3,2026-09-17 13:01:15,Chaud,Aucune,Calme,4.7,Faible,Complet,Saturday,True,2
Oulad Yaïch,32.4375,-6.3125,2026-09-20,38.7,24.8,0.0,2,14.4,29.2,3,2026-09-17 13:01:15,Extrême,Aucune,Calme,11.0,Faible,Complet,Sunday,False,3
Oulad Yaïch,32.4375,-6.3125,2026-09-21,37.6,23.6,0.3,3,13.4,29.2,3,2026-09-17 13:01:15,Chaud,Faible,Calme,10.3,Faible,Complet,Monday,False,4
Oulad Yaïch,32.4375,-6.3125,2026-09-22,36.2,24.0,0.0,2,18.3,34.2,2,2026-09-17 13:01:15,Chaud,Aucune,Modéré,11.6,Faible,Complet,Tuesday,False,5
Oulad Yaïch,32.4375,-6.3125,2026-09-23,36.8,24.4,0.0,3,16.6,31.3,1,2026-09-17 13:01:15,Chaud,Aucune,Modéré,10.7,Faible,Complet,Wednesday,False,6
Qasbat Tadla,32.625,-6.25,2026-09-17,32.6,17.3,0.0,0,11.5,22.7,3,2026-09-17 13:01:02,Chaud,Aucune,Calme,7.6,Faible,Complet,Thursday,False,0
Qasbat Tadla,32.625,-6.25,2026-09-18,33.8,17.6,0.0,0,12.5,24.5,3,2026-09-17 13:01:02,Chaud,Aucune,Calme,8.2,Faible,Complet,Friday,True,1
Qasbat Tadla,32.625,-6.25,2026-09-19,37.5,20.2,0.0,3,13.6,25.9,3,2026-09-17 13:01:02,Chaud,Aucune,Calme,8.9,Faible,Complet,Saturday,True,2
Qasbat Tadla,32.625,-6.25,2026-09-20,39.0,24.6,0.0,3,18.0,39.6,3,2026-09-17 13:01:02,Extrême,Aucune,Modéré,15.0,Faible,Complet,Sunday,False,3
Qasbat Tadla,32.625,-6.25,2026-09-21,37.3,21.6,0.6,8,10.9,22.0,2,2026-09-17 13:01:02,Chaud,Faible,Calme,8.6,Faible,Complet,Monday,False,4
Qasbat Tadla,32.625,-6.25,2026-09-22,36.5,20.0,0.0,2,9.9,25.2,2,2026-09-17 13:01:02,Chaud,Aucune,Calme,8.6,Faible,Complet,Tuesday,False,5
Qasbat Tadla,32.625,-6.25,2026-09-23,37.7,18.6,0.0,3,8.1,18.4,2,2026-09-17 13:01:02,Chaud,Aucune,Calme,6.4,Faible,Complet,Wednesday,False,6
Rabat,34.0,-6.8125,2026-09-17,25.4,18.6,0.0,0,11.8,31.7,3,2026-09-17 13:00:37,Normal,Aucune,Modéré,10.6,Faible,Complet,Thursday,False,0
Rabat,34.0,-6.8125,2026-09-18,25.4,17.1,0.0,0,13.2,33.8,45,2026-09-17 13:00:37,Normal,Aucune,Modéré,21.3,Faible,Complet,Friday,True,1
Rabat,34.0,-6.8125,2026-09-19,28.4,17.2,0.0,0,12.2,32.4,45,2026-09-17 13:00:37,Normal,Aucune,Modéré,20.8,Faible,Complet,Saturday,True,2
Rabat,34.0,-6.8125,2026-09-20,29.4,20.7,0.0,0,10.3,27.7,2,2026-09-17 13:00:37,Normal,Aucune,Calme,9.2,Faible,Complet,Sunday,False,3
Rabat,34.0,-6.8125,2026-09-21,29.0,21.3,0.0,0,11.5,30.6,1,2026-09-17 13:00:37,Normal,Aucune,Modéré,10.2,Faible,Complet,Monday,False,4
Rabat,34.0,-6.8125,2026-09-22,27.4,20.7,0.0,0,11.4,26.6,45,2026-09-17 13:00:37,Normal,Aucune,Calme,18.9,Faible,Complet,Tuesday,False,5
Rabat,34.0,-6.8125,2026-09-23,27.3,20.2,0.0,0,11.9,28.4,45,2026-09-17 13:00:37,Normal,Aucune,Calme,19.5,Faible,Complet,Wednesday,False,6
Safi,32.3125,-9.25,2026-09-17,24.8,19.2,0.0,0,19.6,36.0,2,2026-09-17 16:50:07,Normal,Aucune,Modéré,12.0,Faible,Complet,Thursday,False,0
Safi,32.3125,-9.25,2026-09-18,25.8,18.7,0.0,0,22.0,39.2,2,2026-09-17 16:50:07,Normal,Aucune,Modéré,13.1,Faible,Complet,Friday,True,1
Safi,32.3125,-9.25,2026-09-19,27.2,18.7,0.0,0,19.2,34.9,2,2026-09-17 16:50:07,Normal,Aucune,Modéré,11.6,Faible,Complet,Saturday,True,2
Safi,32.3125,-9.25,2026-09-20,25.1,19.7,0.0,0,10.4,20.5,45,2026-09-17 16:50:07,Normal,Aucune,Calme,16.8,Faible,Complet,Sunday,False,3
Safi,32.3125,-9.25,2026-09-21,25.1,19.4,0.0,0,11.0,21.6,45,2026-09-17 16:50:07,Normal,Aucune,Calme,17.2,Faible,Complet,Monday,False,4
Safi,32.3125,-9.25,2026-09-22,29.5,18.8,0.0,0,13.7,25.9,45,2026-09-17 16:50:07,Normal,Aucune,Calme,18.6,Faible,Complet,Tuesday,False,5
Safi,32.3125,-9.25,2026-09-23,30.2,20.1,0.0,0,16.3,31.3,45,2026-09-17 16:50:07,Chaud,Aucune,Modéré,20.4,Faible,Complet,Wednesday,False,6
Sale,34.0,-6.8125,2026-09-17,25.4,18.6,0.0,0,11.8,31.7,3,2026-09-17 13:00:36,Normal,Aucune,Modéré,10.6,Faible,Complet,Thursday,False,0
Sale,34.0,-6.8125,2026-09-18,25.4,17.1,0.0,0,13.2,33.8,45,2026-09-17 13:00:36,Normal,Aucune,Modéré,21.3,Faible,Complet,Friday,True,1
Sale,34.0,-6.8125,2026-09-19,28.4,17.2,0.0,0,12.2,32.4,45,2026-09-17 13:00:36,Normal,Aucune,Modéré,20.8,Faible,Complet,Saturday,True,2
Sale,34.0,-6.8125,2026-09-20,29.4,20.7,0.0,0,10.3,27.7,2,2026-09-17 13:00:36,Normal,Aucune,Calme,9.2,Faible,Complet,Sunday,False,3
Sale,34.0,-6.8125,2026-09-21,28.9,21.3,0.0,0,11.5,30.6,1,2026-09-17 13:00:36,Normal,Aucune,Modéré,10.2,Faible,Complet,Monday,False,4
Sale,34.0,-6.8125,2026-09-22,27.3,20.6,0.0,0,11.4,26.6,45,2026-09-17 13:00:36,Normal,Aucune,Calme,18.9,Faible,Complet,Tuesday,False,5
Sale,34.0,-6.8125,2026-09-23,27.2,20.1,0.0,0,11.9,28.4,45,2026-09-17 13:00:36,Normal,Aucune,Calme,19.5,Faible,Complet,Wednesday,False,6
Sebt Gzoula,32.125,-9.0625,2026-09-17,27.4,18.2,0.0,0,18.5,34.9,2,2026-09-17 13:01:16,Normal,Aucune,Modéré,11.6,Faible,Complet,Thursday,False,0
Sebt Gzoula,32.125,-9.0625,2026-09-18,29.9,17.8,0.0,0,18.4,35.3,1,2026-09-17 13:01:16,Normal,Aucune,Modéré,11.8,Faible,Complet,Friday,True,1
Sebt Gzoula,32.125,-9.0625,2026-09-19,31.5,18.1,0.0,0,16.1,31.0,2,2026-09-17 13:01:16,Chaud,Aucune,Modéré,10.3,Faible,Complet,Saturday,True,2
Sebt Gzoula,32.125,-9.0625,2026-09-20,31.4,20.3,0.0,0,15.5,31.0,2,2026-09-17 13:01:16,Chaud,Aucune,Modéré,10.3,Faible,Complet,Sunday,False,3
Sebt Gzoula,32.125,-9.0625,2026-09-21,31.7,21.1,0.0,0,15.0,28.8,1,2026-09-17 13:01:16,Chaud,Aucune,Calme,9.6,Faible,Complet,Monday,False,4
Sebt Gzoula,32.125,-9.0625,2026-09-22,30.6,18.1,0.0,0,14.0,26.6,45,2026-09-17 13:01:16,Chaud,Aucune,Calme,18.9,Faible,Complet,Tuesday,False,5
Sebt Gzoula,32.125,-9.0625,2026-09-23,31.0,18.9,0.0,0,16.2,30.6,45,2026-09-17 13:01:16,Chaud,Aucune,Modéré,20.2,Faible,Complet,Wednesday,False,6
Sefrou,33.8125,-4.8125,2026-09-17,26.0,16.8,0.0,0,14.9,33.1,3,2026-09-17 16:50:20,Normal,Aucune,Modéré,11.0,Faible,Complet,Thursday,False,0
Sefrou,33.8125,-4.8125,2026-09-18,28.1,16.9,0.0,0,15.5,34.6,3,2026-09-17 16:50:20,Normal,Aucune,Modéré,11.5,Faible,Complet,Friday,True,1
Sefrou,33.8125,-4.8125,2026-09-19,30.6,19.6,0.0,8,17.4,43.6,2,2026-09-17 16:50:20,Chaud,Aucune,Modéré,15.3,Faible,Complet,Saturday,True,2
Sefrou,33.8125,-4.8125,2026-09-20,32.6,23.3,0.0,0,18.1,45.7,2,2026-09-17 16:50:20,Chaud,Aucune,Modéré,15.2,Faible,Complet,Sunday,False,3
Sefrou,33.8125,-4.8125,2026-09-21,32.0,22.2,0.0,5,17.8,38.9,1,2026-09-17 16:50:20,Chaud,Aucune,Modéré,13.5,Faible,Complet,Monday,False,4
Sefrou,33.8125,-4.8125,2026-09-22,32.4,18.4,0.0,3,16.5,32.0,1,2026-09-17 16:50:20,Chaud,Aucune,Modéré,11.0,Faible,Complet,Tuesday,False,5
Sefrou,33.8125,-4.8125,2026-09-23,32.7,18.1,0.0,3,17.3,34.6,1,2026-09-17 16:50:20,Chaud,Aucune,Modéré,11.8,Faible,Complet,Wednesday,False,6
Semara,26.74868,-11.648254,2026-09-17,30.6,20.3,0.0,0,28.6,50.8,3,2026-09-17 16:50:25,Chaud,Aucune,Fort,16.9,Faible,Complet,Thursday,False,0
Semara,26.74868,-11.648254,2026-09-18,30.4,20.1,0.0,0,25.6,43.9,3,2026-09-17 16:50:25,Chaud,Aucune,Modéré,14.6,Faible,Complet,Friday,True,1
Semara,26.74868,-11.648254,2026-09-19,31.8,19.2,0.0,0,21.2,34.6,3,2026-09-17 16:50:25,Chaud,Aucune,Modéré,11.5,Faible,Complet,Saturday,True,2
Semara,26.74868,-11.648254,2026-09-20,36.0,18.1,0.0,0,19.1,29.2,3,2026-09-17 16:50:25,Chaud,Aucune,Calme,9.7,Faible,Complet,Sunday,False,3
Semara,26.74868,-11.648254,2026-09-21,42.6,22.6,0.0,2,23.5,55.4,2,2026-09-17 16:50:25,Extrême,Aucune,Fort,25.6,Modéré,Complet,Monday,False,4
Semara,26.74868,-11.648254,2026-09-22,42.2,24.2,0.0,2,27.8,52.2,1,2026-09-17 16:50:25,Extrême,Aucune,Fort,23.9,Faible,Complet,Tuesday,False,5
Semara,26.74868,-11.648254,2026-09-23,40.4,23.1,0.0,2,22.3,49.3,0,2026-09-17 16:50:25,Extrême,Aucune,Modéré,20.2,Faible,Complet,Wednesday,False,6
Settat,33.0,-7.625,2026-09-17,27.6,16.6,0.0,0,17.6,37.1,3,2026-09-17 13:00:45,Normal,Aucune,Modéré,12.4,Faible,Complet,Thursday,False,0
Settat,33.0,-7.625,2026-09-18,29.2,16.5,0.0,0,16.9,36.4,3,2026-09-17 13:00:45,Normal,Aucune,Modéré,12.1,Faible,Complet,Friday,True,1
Settat,33.0,-7.625,2026-09-19,32.6,16.7,0.0,0,16.8,36.0,2,2026-09-17 13:00:45,Chaud,Aucune,Modéré,12.0,Faible,Complet,Saturday,True,2
Settat,33.0,-7.625,2026-09-20,35.2,21.6,0.0,0,16.4,36.4,2,2026-09-17 13:00:45,Chaud,Aucune,Modéré,12.1,Faible,Complet,Sunday,False,3
Settat,33.0,-7.625,2026-09-21,36.7,21.0,0.0,0,18.8,41.0,2,2026-09-17 13:00:45,Chaud,Aucune,Modéré,13.7,Faible,Complet,Monday,False,4
Settat,33.0,-7.625,2026-09-22,34.9,18.3,0.0,3,16.7,34.6,0,2026-09-17 13:00:45,Chaud,Aucune,Modéré,11.8,Faible,Complet,Tuesday,False,5
Settat,33.0,-7.625,2026-09-23,33.8,18.6,0.0,3,18.1,36.4,45,2026-09-17 13:00:45,Chaud,Aucune,Modéré,22.4,Faible,Complet,Wednesday,False,6
Sidi Bennour,32.625,-8.4375,2026-09-17,27.8,17.6,0.0,0,19.5,33.8,3,2026-09-17 13:01:01,Normal,Aucune,Modéré,11.3,Faible,Complet,Thursday,False,0
Sidi Bennour,32.625,-8.4375,2026-09-18,29.8,16.5,0.0,0,20.3,34.9,2,2026-09-17 13:01:01,Normal,Aucune,Modéré,11.6,Faible,Complet,Friday,True,1
Sidi Bennour,32.625,-8.4375,2026-09-19,32.3,16.6,0.0,0,19.1,33.1,3,2026-09-17 13:01:01,Chaud,Aucune,Modéré,11.0,Faible,Complet,Saturday,True,2
Sidi Bennour,32.625,-8.4375,2026-09-20,34.4,19.3,0.0,0,18.4,33.1,2,2026-09-17 13:01:01,Chaud,Aucune,Modéré,11.0,Faible,Complet,Sunday,False,3
Sidi Bennour,32.625,-8.4375,2026-09-21,35.6,18.7,0.0,0,18.8,33.8,45,2026-09-17 13:01:01,Chaud,Aucune,Modéré,21.3,Faible,Complet,Monday,False,4
Sidi Bennour,32.625,-8.4375,2026-09-22,34.7,19.2,0.0,0,16.6,33.8,45,2026-09-17 13:01:01,Chaud,Aucune,Modéré,21.3,Faible,Complet,Tuesday,False,5
Sidi Bennour,32.625,-8.4375,2026-09-23,34.2,19.1,0.0,0,18.7,37.1,45,2026-09-17 13:01:01,Chaud,Aucune,Modéré,22.4,Faible,Complet,Wednesday,False,6
Sidi Lmokhtar,31.5625,-9.0,2026-09-17,28.5,17.8,0.0,0,21.4,35.6,3,2026-09-17 16:50:38,Normal,Aucune,Modéré,11.9,Faible,Complet,Thursday,False,0
Sidi Lmokhtar,31.5625,-9.0,2026-09-18,31.3,17.1,0.0,0,19.4,32.4,1,2026-09-17 16:50:38,Chaud,Aucune,Modéré,10.8,Faible,Complet,Friday,True,1
Sidi Lmokhtar,31.5625,-9.0,2026-09-19,33.5,18.2,0.0,0,16.4,28.1,2,2026-09-17 16:50:38,Chaud,Aucune,Calme,9.4,Faible,Complet,Saturday,True,2
Sidi Lmokhtar,31.5625,-9.0,2026-09-20,34.3,22.1,0.0,0,18.8,31.3,2,2026-09-17 16:50:38,Chaud,Aucune,Modéré,10.4,Faible,Complet,Sunday,False,3
Sidi Lmokhtar,31.5625,-9.0,2026-09-21,35.8,22.2,0.0,0,20.0,33.1,1,2026-09-17 16:50:38,Chaud,Aucune,Modéré,11.0,Faible,Complet,Monday,False,4
Sidi Lmokhtar,31.5625,-9.0,2026-09-22,35.1,18.3,0.0,3,21.0,36.4,0,2026-09-17 16:50:38,Chaud,Aucune,Modéré,12.4,Faible,Complet,Tuesday,False,5
Sidi Lmokhtar,31.5625,-9.0,2026-09-23,34.0,17.9,0.0,3,18.7,36.0,0,2026-09-17 16:50:38,Chaud,Aucune,Modéré,12.3,Faible,Complet,Wednesday,False,6
Sidi Qacem,34.1875,-5.6875,2026-09-17,28.8,18.6,0.0,0,14.1,30.6,3,2026-09-17 13:00:57,Normal,Aucune,Modéré,10.2,Faible,Complet,Thursday,False,0
Sidi Qacem,34.1875,-5.6875,2026-09-18,31.6,17.4,0.0,0,15.0,32.8,45,2026-09-17 13:00:57,Chaud,Aucune,Modéré,20.9,Faible,Complet,Friday,True,1
Sidi Qacem,34.1875,-5.6875,2026-09-19,36.4,20.3,0.0,0,15.7,34.2,2,2026-09-17 13:00:57,Chaud,Aucune,Modéré,11.4,Faible,Complet,Saturday,True,2
Sidi Qacem,34.1875,-5.6875,2026-09-20,38.4,25.7,0.0,0,15.5,34.2,2,2026-09-17 13:00:57,Extrême,Aucune,Modéré,12.0,Faible,Complet,Sunday,False,3
Sidi Qacem,34.1875,-5.6875,2026-09-21,37.8,23.2,0.0,3,12.7,25.9,1,2026-09-17 13:00:57,Chaud,Aucune,Calme,8.9,Faible,Complet,Monday,False,4
Sidi Qacem,34.1875,-5.6875,2026-09-22,36.0,22.2,0.0,0,14.3,31.3,1,2026-09-17 13:00:57,Chaud,Aucune,Modéré,10.4,Faible,Complet,Tuesday,False,5
Sidi Qacem,34.1875,-5.6875,2026-09-23,37.5,21.0,0.0,0,13.8,32.4,0,2026-09-17 13:00:57,Chaud,Aucune,Modéré,10.8,Faible,Complet,Wednesday,False,6
Sidi Slimane,34.25,-5.9375,2026-09-17,28.7,18.8,0.0,0,14.3,31.3,3,2026-09-17 13:00:54,Normal,Aucune,Modéré,10.4,Faible,Complet,Thursday,False,0
Sidi Slimane,34.25,-5.9375,2026-09-18,31.6,16.9,0.0,0,17.2,36.0,45,2026-09-17 13:00:54,Chaud,Aucune,Modéré,22.0,Faible,Complet,Friday,True,1
Sidi Slimane,34.25,-5.9375,2026-09-19,37.1,18.4,0.0,0,14.2,31.7,1,2026-09-17 13:00:54,Chaud,Aucune,Modéré,10.6,Faible,Complet,Saturday,True,2
Sidi Slimane,34.25,-5.9375,2026-09-20,38.9,23.7,0.0,0,15.0,34.6,2,2026-09-17 13:00:54,Extrême,Aucune,Modéré,12.9,Faible,Complet,Sunday,False,3
Sidi Slimane,34.25,-5.9375,2026-09-21,38.1,22.0,0.0,3,15.6,37.1,1,2026-09-17 13:00:54,Extrême,Aucune,Modéré,12.8,Faible,Complet,Monday,False,4
Sidi Slimane,34.25,-5.9375,2026-09-22,35.6,20.4,0.0,0,14.4,31.0,45,2026-09-17 13:00:54,Chaud,Aucune,Modéré,20.3,Faible,Complet,Tuesday,False,5
Sidi Slimane,34.25,-5.9375,2026-09-23,37.2,18.8,0.0,0,14.2,33.1,45,2026-09-17 13:00:54,Chaud,Aucune,Modéré,21.0,Faible,Complet,Wednesday,False,6
Sidi Smai’il,32.8125,-8.5,2026-09-17,27.0,18.4,0.0,0,17.2,31.0,3,2026-09-17 16:50:35,Normal,Aucune,Modéré,10.3,Faible,Complet,Thursday,False,0
Sidi Smai’il,32.8125,-8.5,2026-09-18,28.8,17.9,0.0,0,18.9,33.5,2,2026-09-17 16:50:35,Normal,Aucune,Modéré,11.2,Faible,Complet,Friday,True,1
Sidi Smai’il,32.8125,-8.5,2026-09-19,30.7,17.3,0.0,0,16.5,29.2,3,2026-09-17 16:50:35,Chaud,Aucune,Calme,9.7,Faible,Complet,Saturday,True,2
Sidi Smai’il,32.8125,-8.5,2026-09-20,31.9,19.9,0.0,0,15.7,28.4,45,2026-09-17 16:50:35,Chaud,Aucune,Calme,19.5,Faible,Complet,Sunday,False,3
Sidi Smai’il,32.8125,-8.5,2026-09-21,33.1,19.1,0.0,0,16.9,30.2,45,2026-09-17 16:50:35,Chaud,Aucune,Modéré,20.1,Faible,Complet,Monday,False,4
Sidi Smai’il,32.8125,-8.5,2026-09-22,31.5,19.4,0.0,0,15.3,29.2,45,2026-09-17 16:50:35,Chaud,Aucune,Calme,19.7,Faible,Complet,Tuesday,False,5
Sidi Smai’il,32.8125,-8.5,2026-09-23,31.1,19.5,0.0,0,17.8,34.2,45,2026-09-17 16:50:35,Chaud,Aucune,Modéré,21.4,Faible,Complet,Wednesday,False,6
Sidi Yahia El Gharb,34.3125,-6.3125,2026-09-17,27.2,17.8,0.0,0,14.8,27.4,3,2026-09-17 16:50:31,Normal,Aucune,Calme,9.1,Faible,Complet,Thursday,False,0
Sidi Yahia El Gharb,34.3125,-6.3125,2026-09-18,29.4,15.9,0.0,0,18.2,33.1,45,2026-09-17 16:50:31,Normal,Aucune,Modéré,21.0,Faible,Complet,Friday,True,1
Sidi Yahia El Gharb,34.3125,-6.3125,2026-09-19,35.2,17.1,0.0,0,19.0,34.6,45,2026-09-17 16:50:31,Chaud,Aucune,Modéré,21.5,Faible,Complet,Saturday,True,2
Sidi Yahia El Gharb,34.3125,-6.3125,2026-09-20,35.7,20.8,0.0,0,20.8,37.1,2,2026-09-17 16:50:31,Chaud,Aucune,Modéré,12.4,Faible,Complet,Sunday,False,3
Sidi Yahia El Gharb,34.3125,-6.3125,2026-09-21,34.1,20.7,0.0,0,17.8,33.5,0,2026-09-17 16:50:31,Chaud,Aucune,Modéré,11.2,Faible,Complet,Monday,False,4
Sidi Yahia El Gharb,34.3125,-6.3125,2026-09-22,33.3,20.0,0.0,0,16.8,31.7,45,2026-09-17 16:50:31,Chaud,Aucune,Modéré,20.6,Faible,Complet,Tuesday,False,5
Sidi Yahia El Gharb,34.3125,-6.3125,2026-09-23,34.3,18.9,0.0,0,18.4,34.6,1,2026-09-17 16:50:31,Chaud,Aucune,Modéré,11.5,Faible,Complet,Wednesday,False,6
Sidi Yahya Zaer,33.6875,-6.875,2026-09-17,26.2,15.9,0.0,0,16.6,33.8,3,2026-09-17 16:50:14,Normal,Aucune,Modéré,11.3,Faible,Complet,Thursday,False,0
Sidi Yahya Zaer,33.6875,-6.875,2026-09-18,27.7,15.5,0.0,0,17.5,35.3,3,2026-09-17 16:50:14,Normal,Aucune,Modéré,11.8,Faible,Complet,Friday,True,1
Sidi Yahya Zaer,33.6875,-6.875,2026-09-19,30.9,16.6,0.0,0,15.6,32.0,3,2026-09-17 16:50:14,Chaud,Aucune,Modéré,10.7,Faible,Complet,Saturday,True,2
Sidi Yahya Zaer,33.6875,-6.875,2026-09-20,32.9,20.9,0.0,0,16.3,33.1,2,2026-09-17 16:50:14,Chaud,Aucune,Modéré,11.0,Faible,Complet,Sunday,False,3
Sidi Yahya Zaer,33.6875,-6.875,2026-09-21,33.6,20.0,0.0,0,16.4,34.6,1,2026-09-17 16:50:14,Chaud,Aucune,Modéré,11.5,Faible,Complet,Monday,False,4
Sidi Yahya Zaer,33.6875,-6.875,2026-09-22,31.2,18.6,0.0,0,15.0,30.2,1,2026-09-17 16:50:14,Chaud,Aucune,Modéré,10.1,Faible,Complet,Tuesday,False,5
Sidi Yahya Zaer,33.6875,-6.875,2026-09-23,30.5,16.4,0.0,0,16.0,32.8,45,2026-09-17 16:50:14,Chaud,Aucune,Modéré,20.9,Faible,Complet,Wednesday,False,6
Skhirate,33.875,-7.0,2026-09-17,24.5,18.7,0.0,0,12.9,29.9,3,2026-09-17 16:50:14,Normal,Aucune,Calme,10.0,Faible,Complet,Thursday,False,0
Skhirate,33.875,-7.0,2026-09-18,24.1,16.8,0.0,0,15.0,33.1,3,2026-09-17 16:50:14,Normal,Aucune,Modéré,11.0,Faible,Complet,Friday,True,1
Skhirate,33.875,-7.0,2026-09-19,26.1,17.1,0.0,0,12.2,27.4,3,2026-09-17 16:50:14,Normal,Aucune,Calme,9.1,Faible,Complet,Saturday,True,2
Skhirate,33.875,-7.0,2026-09-20,26.8,19.9,0.0,0,10.5,25.2,2,2026-09-17 16:50:14,Normal,Aucune,Calme,8.4,Faible,Complet,Sunday,False,3
Skhirate,33.875,-7.0,2026-09-21,26.7,20.5,0.0,0,12.3,27.4,2,2026-09-17 16:50:14,Normal,Aucune,Calme,9.1,Faible,Complet,Monday,False,4
Skhirate,33.875,-7.0,2026-09-22,25.4,20.4,0.0,0,11.5,23.8,45,2026-09-17 16:50:14,Normal,Aucune,Calme,17.9,Faible,Complet,Tuesday,False,5
Skhirate,33.875,-7.0,2026-09-23,25.4,20.2,0.0,0,12.2,25.6,45,2026-09-17 16:50:14,Normal,Aucune,Calme,18.5,Faible,Complet,Wednesday,False,6
Souk et Tnine Jorf el Mellah,34.5,-5.5,2026-09-17,29.3,19.4,0.0,0,13.9,25.9,3,2026-09-17 13:01:11,Normal,Aucune,Calme,8.6,Faible,Complet,Thursday,False,0
Souk et Tnine Jorf el Mellah,34.5,-5.5,2026-09-18,32.4,16.5,0.0,0,12.3,22.3,45,2026-09-17 13:01:11,Chaud,Aucune,Calme,17.4,Faible,Complet,Friday,True,1
Souk et Tnine Jorf el Mellah,34.5,-5.5,2026-09-19,37.1,20.1,0.0,0,22.4,44.3,1,2026-09-17 13:01:11,Chaud,Aucune,Modéré,14.8,Faible,Complet,Saturday,True,2
Souk et Tnine Jorf el Mellah,34.5,-5.5,2026-09-20,38.2,25.2,0.0,0,20.0,38.2,2,2026-09-17 13:01:11,Extrême,Aucune,Modéré,13.0,Faible,Complet,Sunday,False,3
Souk et Tnine Jorf el Mellah,34.5,-5.5,2026-09-21,37.5,24.5,0.0,3,16.1,30.6,1,2026-09-17 13:01:11,Chaud,Aucune,Modéré,10.5,Faible,Complet,Monday,False,4
Souk et Tnine Jorf el Mellah,34.5,-5.5,2026-09-22,36.8,23.1,0.0,0,14.1,24.8,3,2026-09-17 13:01:11,Chaud,Aucune,Calme,8.3,Faible,Complet,Tuesday,False,5
Souk et Tnine Jorf el Mellah,34.5,-5.5,2026-09-23,38.0,20.0,0.0,0,10.9,19.1,1,2026-09-17 13:01:11,Extrême,Aucune,Calme,6.4,Faible,Complet,Wednesday,False,6
Souq Sebt Oulad Nemma,32.3125,-6.6875,2026-09-17,32.7,17.6,0.0,0,14.0,25.2,2,2026-09-17 13:00:59,Chaud,Aucune,Calme,8.4,Faible,Complet,Thursday,False,0
Souq Sebt Oulad Nemma,32.3125,-6.6875,2026-09-18,34.0,18.3,0.0,0,13.3,22.3,3,2026-09-17 13:00:59,Chaud,Aucune,Calme,7.4,Faible,Complet,Friday,True,1
Souq Sebt Oulad Nemma,32.3125,-6.6875,2026-09-19,37.8,20.6,0.0,3,7.6,15.5,3,2026-09-17 13:00:59,Chaud,Aucune,Calme,5.5,Faible,Complet,Saturday,True,2
Souq Sebt Oulad Nemma,32.3125,-6.6875,2026-09-20,39.3,23.3,0.3,2,14.0,25.2,80,2026-09-17 13:00:59,Extrême,Faible,Calme,20.8,Faible,Complet,Sunday,False,3
Souq Sebt Oulad Nemma,32.3125,-6.6875,2026-09-21,38.5,23.5,0.3,5,12.2,24.8,80,2026-09-17 13:00:59,Extrême,Faible,Calme,19.8,Faible,Complet,Monday,False,4
Souq Sebt Oulad Nemma,32.3125,-6.6875,2026-09-22,38.0,22.2,0.0,3,13.1,25.6,2,2026-09-17 13:00:59,Extrême,Aucune,Calme,8.8,Faible,Complet,Tuesday,False,5
Souq Sebt Oulad Nemma,32.3125,-6.6875,2026-09-23,38.5,21.7,0.0,0,10.3,19.4,0,2026-09-17 13:00:59,Extrême,Aucune,Calme,7.2,Faible,Complet,Wednesday,False,6
Tabount,30.875,-6.9375,2026-09-17,31.4,19.3,1.0,30,17.9,31.3,80,2026-09-17 13:01:08,Chaud,Faible,Modéré,24.3,Faible,Complet,Thursday,False,0
Tabount,30.875,-6.9375,2026-09-18,32.4,18.5,0.0,5,15.9,25.9,3,2026-09-17 13:01:08,Chaud,Aucune,Calme,9.1,Faible,Complet,Friday,True,1
Tabount,30.875,-6.9375,2026-09-19,32.1,21.0,0.0,5,16.2,30.2,3,2026-09-17 13:01:08,Chaud,Aucune,Modéré,10.6,Faible,Complet,Saturday,True,2
Tabount,30.875,-6.9375,2026-09-20,32.5,20.2,0.0,4,24.3,38.9,3,2026-09-17 13:01:08,Chaud,Aucune,Modéré,13.4,Faible,Complet,Sunday,False,3
Tabount,30.875,-6.9375,2026-09-21,32.5,20.8,0.3,10,16.2,25.2,3,2026-09-17 13:01:08,Chaud,Faible,Calme,9.6,Faible,Complet,Monday,False,4
Tabount,30.875,-6.9375,2026-09-22,31.7,19.1,0.0,1,18.1,30.2,2,2026-09-17 13:01:08,Chaud,Aucune,Modéré,10.2,Faible,Complet,Tuesday,False,5
Tabount,30.875,-6.9375,2026-09-23,32.6,17.2,0.0,5,4.9,11.9,2,2026-09-17 13:01:08,Chaud,Aucune,Calme,4.5,Faible,Complet,Wednesday,False,6
Tahannawt,31.375,-7.9375,2026-09-17,26.6,14.4,0.0,0,14.5,27.7,3,2026-09-17 13:01:13,Normal,Aucune,Calme,9.2,Faible,Complet,Thursday,False,0
Tahannawt,31.375,-7.9375,2026-09-18,28.1,14.7,0.0,0,13.2,25.9,2,2026-09-17 13:01:13,Normal,Aucune,Calme,8.6,Faible,Complet,Friday,True,1
Tahannawt,31.375,-7.9375,2026-09-19,31.6,18.3,0.0,15,12.1,25.6,2,2026-09-17 13:01:13,Chaud,Aucune,Calme,10.0,Faible,Complet,Saturday,True,2
Tahannawt,31.375,-7.9375,2026-09-20,33.7,21.4,0.3,28,14.0,32.0,3,2026-09-17 13:01:13,Chaud,Faible,Modéré,13.7,Faible,Complet,Sunday,False,3
Tahannawt,31.375,-7.9375,2026-09-21,33.2,21.2,1.2,13,16.0,43.9,80,2026-09-17 13:01:13,Chaud,Faible,Modéré,26.9,Modéré,Complet,Monday,False,4
Tahannawt,31.375,-7.9375,2026-09-22,33.1,19.3,0.0,9,15.5,27.7,0,2026-09-17 13:01:13,Chaud,Aucune,Calme,10.1,Faible,Complet,Tuesday,False,5
Tahannawt,31.375,-7.9375,2026-09-23,32.9,16.6,0.0,0,13.9,25.6,2,2026-09-17 13:01:13,Chaud,Aucune,Calme,8.5,Faible,Complet,Wednesday,False,6
Tahla,34.0625,-4.4375,2026-09-17,28.5,16.3,0.0,0,13.5,25.9,3,2026-09-17 13:01:14,Normal,Aucune,Calme,8.6,Faible,Complet,Thursday,False,0
Tahla,34.0625,-4.4375,2026-09-18,31.2,16.0,0.0,0,13.7,26.3,2,2026-09-17 13:01:14,Chaud,Aucune,Calme,8.8,Faible,Complet,Friday,True,1
Tahla,34.0625,-4.4375,2026-09-19,32.4,20.3,0.0,0,25.2,50.4,2,2026-09-17 13:01:14,Chaud,Aucune,Fort,16.8,Faible,Complet,Saturday,True,2
Tahla,34.0625,-4.4375,2026-09-20,33.9,21.7,0.0,0,20.0,45.7,2,2026-09-17 13:01:14,Chaud,Aucune,Modéré,15.2,Faible,Complet,Sunday,False,3
Tahla,34.0625,-4.4375,2026-09-21,33.5,21.8,0.0,3,19.7,37.1,2,2026-09-17 13:01:14,Chaud,Aucune,Modéré,12.7,Faible,Complet,Monday,False,4
Tahla,34.0625,-4.4375,2026-09-22,33.6,21.1,0.0,0,11.8,22.0,1,2026-09-17 13:01:14,Chaud,Aucune,Calme,7.3,Faible,Complet,Tuesday,False,5
Tahla,34.0625,-4.4375,2026-09-23,33.9,20.3,0.0,0,17.3,30.6,0,2026-09-17 13:01:14,Chaud,Aucune,Modéré,10.2,Faible,Complet,Wednesday,False,6
Tameslouht,31.5,-8.125,2026-09-17,29.4,18.2,0.0,0,14.8,24.5,3,2026-09-17 13:01:06,Normal,Aucune,Calme,8.2,Faible,Complet,Thursday,False,0
Tameslouht,31.5,-8.125,2026-09-18,31.2,17.8,0.0,0,11.2,19.8,2,2026-09-17 13:01:06,Chaud,Aucune,Calme,6.6,Faible,Complet,Friday,True,1
Tameslouht,31.5,-8.125,2026-09-19,34.3,20.0,0.0,3,13.0,21.2,2,2026-09-17 13:01:06,Chaud,Aucune,Calme,7.4,Faible,Complet,Saturday,True,2
Tameslouht,31.5,-8.125,2026-09-20,36.9,22.5,1.2,25,17.1,32.0,80,2026-09-17 13:01:06,Chaud,Faible,Modéré,24.2,Faible,Complet,Sunday,False,3
Tameslouht,31.5,-8.125,2026-09-21,36.8,23.3,0.0,8,28.3,48.2,2,2026-09-17 13:01:06,Chaud,Aucune,Modéré,16.9,Faible,Complet,Monday,False,4
Tameslouht,31.5,-8.125,2026-09-22,36.1,21.9,0.0,1,14.3,28.8,0,2026-09-17 13:01:06,Chaud,Aucune,Calme,9.7,Faible,Complet,Tuesday,False,5
Tameslouht,31.5,-8.125,2026-09-23,35.6,21.0,0.0,3,13.8,23.8,1,2026-09-17 13:01:06,Chaud,Aucune,Calme,8.2,Faible,Complet,Wednesday,False,6
Tan-Tan,28.435852,-11.147736,2026-09-17,25.7,20.6,0.2,0,31.7,56.9,51,2026-09-17 16:50:22,Normal,Faible,Fort,24.1,Faible,Complet,Thursday,False,0
Tan-Tan,28.435852,-11.147736,2026-09-18,25.7,19.4,0.0,2,26.0,47.5,2,2026-09-17 16:50:22,Normal,Aucune,Modéré,16.0,Faible,Complet,Friday,True,1
Tan-Tan,28.435852,-11.147736,2026-09-19,26.7,19.1,0.0,0,18.2,34.9,3,2026-09-17 16:50:22,Normal,Aucune,Modéré,11.6,Faible,Complet,Saturday,True,2
Tan-Tan,28.435852,-11.147736,2026-09-20,32.0,18.6,0.0,0,18.3,35.6,3,2026-09-17 16:50:22,Chaud,Aucune,Modéré,11.9,Faible,Complet,Sunday,False,3
Tan-Tan,28.435852,-11.147736,2026-09-21,32.1,18.8,0.0,0,21.7,44.3,0,2026-09-17 16:50:22,Chaud,Aucune,Modéré,14.8,Faible,Complet,Monday,False,4
Tan-Tan,28.435852,-11.147736,2026-09-22,28.8,18.8,0.0,0,18.6,36.7,1,2026-09-17 16:50:22,Normal,Aucune,Modéré,12.2,Faible,Complet,Tuesday,False,5
Tan-Tan,28.435852,-11.147736,2026-09-23,29.3,18.7,0.0,0,15.3,39.2,3,2026-09-17 16:50:22,Normal,Aucune,Modéré,13.1,Faible,Complet,Wednesday,False,6
Tangier,35.75,-5.8125,2026-09-17,26.7,17.6,0.0,0,10.6,25.6,3,2026-09-17 13:00:32,Normal,Aucune,Calme,8.5,Faible,Complet,Thursday,False,0
Tangier,35.75,-5.8125,2026-09-18,28.0,18.5,0.0,0,19.2,45.7,3,2026-09-17 13:00:32,Normal,Aucune,Modéré,15.2,Faible,Complet,Friday,True,1
Tangier,35.75,-5.8125,2026-09-19,27.9,22.7,0.0,0,29.7,71.6,2,2026-09-17 13:00:32,Normal,Aucune,Violent,23.9,Faible,Complet,Saturday,True,2
Tangier,35.75,-5.8125,2026-09-20,28.5,24.1,0.0,0,30.6,74.9,2,2026-09-17 13:00:32,Normal,Aucune,Violent,25.0,Modéré,Complet,Sunday,False,3
Tangier,35.75,-5.8125,2026-09-21,28.5,23.3,0.0,0,27.7,66.2,2,2026-09-17 13:00:32,Normal,Aucune,Fort,22.1,Faible,Complet,Monday,False,4
Tangier,35.75,-5.8125,2026-09-22,26.6,22.1,0.0,0,32.8,60.8,1,2026-09-17 13:00:32,Normal,Aucune,Fort,20.3,Faible,Complet,Tuesday,False,5
Tangier,35.75,-5.8125,2026-09-23,27.5,22.3,0.0,0,29.3,54.7,1,2026-09-17 13:00:32,Normal,Aucune,Fort,18.2,Faible,Complet,Wednesday,False,6
Taourirt,34.4375,-2.875,2026-09-17,29.6,20.1,0.0,0,24.8,40.3,3,2026-09-17 13:00:41,Normal,Aucune,Modéré,13.4,Faible,Complet,Thursday,False,0
Taourirt,34.4375,-2.875,2026-09-18,29.5,18.6,0.0,3,28.8,48.6,45,2026-09-17 13:00:41,Normal,Aucune,Modéré,26.5,Modéré,Complet,Friday,True,1
Taourirt,34.4375,-2.875,2026-09-19,30.0,20.1,0.4,10,30.8,54.4,3,2026-09-17 13:00:41,Chaud,Faible,Fort,19.5,Faible,Complet,Saturday,True,2
Taourirt,34.4375,-2.875,2026-09-20,30.7,21.3,0.0,3,30.0,53.6,3,2026-09-17 13:00:41,Chaud,Aucune,Fort,18.2,Faible,Complet,Sunday,False,3
Taourirt,34.4375,-2.875,2026-09-21,29.9,21.3,0.0,3,27.8,47.5,3,2026-09-17 13:00:41,Normal,Aucune,Modéré,16.1,Faible,Complet,Monday,False,4
Taourirt,34.4375,-2.875,2026-09-22,30.9,19.8,0.0,0,22.1,37.1,45,2026-09-17 13:00:41,Chaud,Aucune,Modéré,22.4,Faible,Complet,Tuesday,False,5
Taourirt,34.4375,-2.875,2026-09-23,31.7,19.9,0.0,0,25.2,43.2,0,2026-09-17 13:00:41,Chaud,Aucune,Modéré,14.4,Faible,Complet,Wednesday,False,6
Taroudannt,30.5,-8.875,2026-09-17,30.4,18.8,0.0,0,23.4,45.7,45,2026-09-17 13:00:55,Chaud,Aucune,Modéré,25.2,Modéré,Complet,Thursday,False,0
Taroudannt,30.5,-8.875,2026-09-18,30.6,18.1,0.0,0,22.0,42.8,2,2026-09-17 13:00:55,Chaud,Aucune,Modéré,14.3,Faible,Complet,Friday,True,1
Taroudannt,30.5,-8.875,2026-09-19,31.6,18.9,0.0,0,21.6,43.6,2,2026-09-17 13:00:55,Chaud,Aucune,Modéré,14.5,Faible,Complet,Saturday,True,2
Taroudannt,30.5,-8.875,2026-09-20,33.4,19.7,0.0,3,22.5,46.8,2,2026-09-17 13:00:55,Chaud,Aucune,Modéré,15.9,Faible,Complet,Sunday,False,3
Taroudannt,30.5,-8.875,2026-09-21,39.1,22.0,0.0,0,24.8,52.6,2,2026-09-17 13:00:55,Extrême,Aucune,Fort,19.2,Faible,Complet,Monday,False,4
Taroudannt,30.5,-8.875,2026-09-22,39.8,20.6,0.0,0,31.4,58.0,2,2026-09-17 13:00:55,Extrême,Aucune,Fort,22.0,Faible,Complet,Tuesday,False,5
Taroudannt,30.5,-8.875,2026-09-23,40.6,18.2,0.0,3,24.3,47.2,0,2026-09-17 13:00:55,Extrême,Aucune,Modéré,19.9,Faible,Complet,Wednesday,False,6
Taza,34.25,-4.0,2026-09-17,29.3,16.9,0.0,0,15.3,33.1,3,2026-09-17 16:50:12,Normal,Aucune,Modéré,11.0,Faible,Complet,Thursday,False,0
Taza,34.25,-4.0,2026-09-18,29.5,18.3,0.0,0,17.7,37.1,2,2026-09-17 16:50:12,Normal,Aucune,Modéré,12.4,Faible,Complet,Friday,True,1
Taza,34.25,-4.0,2026-09-19,28.8,19.3,0.0,0,24.6,51.8,3,2026-09-17 16:50:12,Normal,Aucune,Fort,17.3,Faible,Complet,Saturday,True,2
Taza,34.25,-4.0,2026-09-20,31.0,20.4,0.0,0,21.4,45.0,3,2026-09-17 16:50:12,Chaud,Aucune,Modéré,15.0,Faible,Complet,Sunday,False,3
Taza,34.25,-4.0,2026-09-21,30.2,20.5,0.0,5,19.4,43.6,2,2026-09-17 16:50:12,Chaud,Aucune,Modéré,15.0,Faible,Complet,Monday,False,4
Taza,34.25,-4.0,2026-09-22,31.5,19.7,0.0,1,13.7,27.4,2,2026-09-17 16:50:12,Chaud,Aucune,Calme,9.2,Faible,Complet,Tuesday,False,5
Taza,34.25,-4.0,2026-09-23,32.4,18.7,0.0,0,17.4,32.4,0,2026-09-17 16:50:12,Chaud,Aucune,Modéré,10.8,Faible,Complet,Wednesday,False,6
Temara,33.9375,-6.875,2026-09-17,25.3,18.4,0.0,0,11.8,32.8,3,2026-09-17 16:50:07,Normal,Aucune,Modéré,10.9,Faible,Complet,Thursday,False,0
Temara,33.9375,-6.875,2026-09-18,25.5,16.1,0.0,0,13.2,35.3,3,2026-09-17 16:50:07,Normal,Aucune,Modéré,11.8,Faible,Complet,Friday,True,1
Temara,33.9375,-6.875,2026-09-19,28.2,16.5,0.0,0,11.9,32.0,3,2026-09-17 16:50:07,Normal,Aucune,Modéré,10.7,Faible,Complet,Saturday,True,2
Temara,33.9375,-6.875,2026-09-20,29.1,20.1,0.0,0,9.7,27.7,2,2026-09-17 16:50:07,Normal,Aucune,Calme,9.2,Faible,Complet,Sunday,False,3
Temara,33.9375,-6.875,2026-09-21,28.9,20.6,0.0,0,11.0,31.0,1,2026-09-17 16:50:07,Normal,Aucune,Modéré,10.3,Faible,Complet,Monday,False,4
Temara,33.9375,-6.875,2026-09-22,25.3,20.5,0.0,0,11.5,23.8,45,2026-09-17 16:50:07,Normal,Aucune,Calme,17.9,Faible,Complet,Tuesday,False,5
Temara,33.9375,-6.875,2026-09-23,25.3,20.1,0.0,0,12.2,25.6,45,2026-09-17 16:50:07,Normal,Aucune,Calme,18.5,Faible,Complet,Wednesday,False,6
Temsia,30.375,-9.4375,2026-09-17,28.0,20.7,0.0,0,20.5,43.6,3,2026-09-17 13:01:01,Normal,Aucune,Modéré,14.5,Faible,Complet,Thursday,False,0
Temsia,30.375,-9.4375,2026-09-18,27.2,19.5,0.0,0,19.2,41.4,2,2026-09-17 13:01:01,Normal,Aucune,Modéré,13.8,Faible,Complet,Friday,True,1
Temsia,30.375,-9.4375,2026-09-19,27.5,19.9,0.0,0,22.1,46.8,2,2026-09-17 13:01:01,Normal,Aucune,Modéré,15.6,Faible,Complet,Saturday,True,2
Temsia,30.375,-9.4375,2026-09-20,28.0,20.1,0.0,0,19.6,43.2,2,2026-09-17 13:01:01,Normal,Aucune,Modéré,14.4,Faible,Complet,Sunday,False,3
Temsia,30.375,-9.4375,2026-09-21,31.9,20.2,0.0,0,14.6,33.1,45,2026-09-17 13:01:01,Chaud,Aucune,Modéré,21.0,Faible,Complet,Monday,False,4
Temsia,30.375,-9.4375,2026-09-22,38.8,20.2,0.0,0,28.3,47.2,45,2026-09-17 13:01:01,Extrême,Aucune,Modéré,26.9,Modéré,Complet,Tuesday,False,5
Temsia,30.375,-9.4375,2026-09-23,37.8,20.1,0.0,0,25.8,44.6,0,2026-09-17 13:01:01,Chaud,Aucune,Modéré,14.9,Faible,Complet,Wednesday,False,6
Tifariti,26.18629,-10.559204,2026-09-17,31.0,17.8,0.0,0,37.4,55.4,2,2026-09-17 13:01:16,Chaud,Aucune,Fort,18.5,Faible,Complet,Thursday,False,0
Tifariti,26.18629,-10.559204,2026-09-18,29.4,16.2,0.0,0,35.4,54.4,3,2026-09-17 13:01:16,Normal,Aucune,Fort,18.1,Faible,Complet,Friday,True,1
Tifariti,26.18629,-10.559204,2026-09-19,30.5,16.7,0.0,0,25.3,38.5,3,2026-09-17 13:01:16,Chaud,Aucune,Modéré,12.8,Faible,Complet,Saturday,True,2
Tifariti,26.18629,-10.559204,2026-09-20,36.9,18.0,0.0,0,17.2,29.2,0,2026-09-17 13:01:16,Chaud,Aucune,Calme,9.7,Faible,Complet,Sunday,False,3
Tifariti,26.18629,-10.559204,2026-09-21,39.1,24.8,0.0,9,22.7,40.7,0,2026-09-17 13:01:16,Extrême,Aucune,Modéré,16.1,Faible,Complet,Monday,False,4
Tifariti,26.18629,-10.559204,2026-09-22,39.0,25.8,0.0,7,17.8,33.1,1,2026-09-17 13:01:16,Extrême,Aucune,Modéré,13.2,Faible,Complet,Tuesday,False,5
Tifariti,26.18629,-10.559204,2026-09-23,38.9,24.3,0.0,6,26.3,47.2,3,2026-09-17 13:01:16,Extrême,Aucune,Modéré,17.7,Faible,Complet,Wednesday,False,6
Tiflet,33.875,-6.3125,2026-09-17,27.4,15.9,0.0,0,14.1,29.2,3,2026-09-17 16:50:17,Normal,Aucune,Calme,9.7,Faible,Complet,Thursday,False,0
Tiflet,33.875,-6.3125,2026-09-18,29.3,15.7,0.0,0,16.6,34.2,3,2026-09-17 16:50:17,Normal,Aucune,Modéré,11.4,Faible,Complet,Friday,True,1
Tiflet,33.875,-6.3125,2026-09-19,33.9,18.0,0.0,0,15.5,32.0,2,2026-09-17 16:50:17,Chaud,Aucune,Modéré,10.7,Faible,Complet,Saturday,True,2
Tiflet,33.875,-6.3125,2026-09-20,35.9,22.3,0.0,0,14.0,29.9,2,2026-09-17 16:50:17,Chaud,Aucune,Calme,10.0,Faible,Complet,Sunday,False,3
Tiflet,33.875,-6.3125,2026-09-21,35.4,22.0,0.0,5,15.7,32.8,1,2026-09-17 16:50:17,Chaud,Aucune,Modéré,11.4,Faible,Complet,Monday,False,4
Tiflet,33.875,-6.3125,2026-09-22,34.2,20.7,0.0,1,15.4,32.0,2,2026-09-17 16:50:17,Chaud,Aucune,Modéré,10.8,Faible,Complet,Tuesday,False,5
Tiflet,33.875,-6.3125,2026-09-23,34.7,20.0,0.0,0,18.0,36.0,1,2026-09-17 16:50:17,Chaud,Aucune,Modéré,12.0,Faible,Complet,Wednesday,False,6
Tineghir,31.5,-5.5625,2026-09-17,30.4,19.1,0.1,30,25.5,39.2,3,2026-09-17 16:50:29,Chaud,Faible,Modéré,16.2,Faible,Complet,Thursday,False,0
Tineghir,31.5,-5.5625,2026-09-18,31.1,18.6,0.0,33,18.9,32.4,3,2026-09-17 16:50:29,Chaud,Aucune,Modéré,14.1,Faible,Complet,Friday,True,1
Tineghir,31.5,-5.5625,2026-09-19,29.8,20.3,0.3,19,21.7,33.8,61,2026-09-17 16:50:29,Normal,Faible,Modéré,18.4,Faible,Complet,Saturday,True,2
Tineghir,31.5,-5.5625,2026-09-20,29.8,18.4,0.6,25,23.2,40.3,3,2026-09-17 16:50:29,Normal,Faible,Modéré,16.4,Faible,Complet,Sunday,False,3
Tineghir,31.5,-5.5625,2026-09-21,29.1,18.7,1.8,48,18.3,32.0,80,2026-09-17 16:50:29,Normal,Faible,Modéré,27.0,Modéré,Complet,Monday,False,4
Tineghir,31.5,-5.5625,2026-09-22,29.2,17.6,0.3,11,15.7,28.1,3,2026-09-17 16:50:29,Normal,Faible,Calme,10.7,Faible,Complet,Tuesday,False,5
Tineghir,31.5,-5.5625,2026-09-23,30.7,18.1,0.0,10,15.8,27.7,2,2026-09-17 16:50:29,Chaud,Aucune,Calme,10.2,Faible,Complet,Wednesday,False,6
Tit Mellil,33.5625,-7.5,2026-09-17,25.9,18.6,0.0,0,13.8,36.7,3,2026-09-17 16:50:26,Normal,Aucune,Modéré,12.2,Faible,Complet,Thursday,False,0
Tit Mellil,33.5625,-7.5,2026-09-18,25.6,17.0,0.0,0,13.3,34.9,3,2026-09-17 16:50:26,Normal,Aucune,Modéré,11.6,Faible,Complet,Friday,True,1
Tit Mellil,33.5625,-7.5,2026-09-19,27.3,18.1,0.0,0,12.7,34.2,45,2026-09-17 16:50:26,Normal,Aucune,Modéré,21.4,Faible,Complet,Saturday,True,2
Tit Mellil,33.5625,-7.5,2026-09-20,29.9,20.4,0.0,0,11.7,31.3,45,2026-09-17 16:50:26,Normal,Aucune,Modéré,20.4,Faible,Complet,Sunday,False,3
Tit Mellil,33.5625,-7.5,2026-09-21,29.1,20.1,0.0,0,12.4,33.5,45,2026-09-17 16:50:26,Normal,Aucune,Modéré,21.2,Faible,Complet,Monday,False,4
Tit Mellil,33.5625,-7.5,2026-09-22,29.0,20.2,0.0,0,11.4,29.9,45,2026-09-17 16:50:26,Normal,Aucune,Calme,20.0,Faible,Complet,Tuesday,False,5
Tit Mellil,33.5625,-7.5,2026-09-23,28.1,20.2,0.0,3,12.3,32.4,45,2026-09-17 16:50:26,Normal,Aucune,Modéré,21.1,Faible,Complet,Wednesday,False,6
Tiznit,29.6875,-9.75,2026-09-17,23.2,19.9,0.0,0,22.4,37.4,3,2026-09-17 13:00:44,Normal,Aucune,Modéré,12.5,Faible,Complet,Thursday,False,0
Tiznit,29.6875,-9.75,2026-09-18,25.4,19.0,0.0,0,20.8,35.3,2,2026-09-17 13:00:44,Normal,Aucune,Modéré,11.8,Faible,Complet,Friday,True,1
Tiznit,29.6875,-9.75,2026-09-19,26.7,19.6,0.0,0,15.7,26.3,2,2026-09-17 13:00:44,Normal,Aucune,Calme,8.8,Faible,Complet,Saturday,True,2
Tiznit,29.6875,-9.75,2026-09-20,27.5,20.0,0.0,0,14.4,25.6,2,2026-09-17 13:00:44,Normal,Aucune,Calme,8.5,Faible,Complet,Sunday,False,3
Tiznit,29.6875,-9.75,2026-09-21,31.4,21.5,0.0,0,13.1,22.3,1,2026-09-17 13:00:44,Chaud,Aucune,Calme,7.4,Faible,Complet,Monday,False,4
Tiznit,29.6875,-9.75,2026-09-22,29.9,20.0,0.0,0,15.7,25.6,0,2026-09-17 13:00:44,Normal,Aucune,Calme,8.5,Faible,Complet,Tuesday,False,5
Tiznit,29.6875,-9.75,2026-09-23,31.3,19.4,0.0,3,14.8,25.9,0,2026-09-17 13:00:44,Chaud,Aucune,Calme,8.9,Faible,Complet,Wednesday,False,6
Tétouan,35.5625,-5.375,2026-09-17,27.9,14.6,0.0,0,9.7,27.0,3,2026-09-17 16:50:06,Normal,Aucune,Calme,9.0,Faible,Complet,Thursday,False,0
Tétouan,35.5625,-5.375,2026-09-18,26.3,19.0,0.0,0,19.8,47.2,3,2026-09-17 16:50:06,Normal,Aucune,Modéré,15.7,Faible,Complet,Friday,True,1
Tétouan,35.5625,-5.375,2026-09-19,26.5,22.3,0.0,0,32.8,78.5,2,2026-09-17 16:50:06,Normal,Aucune,Violent,26.2,Modéré,Complet,Saturday,True,2
Tétouan,35.5625,-5.375,2026-09-20,26.2,23.6,0.0,0,27.5,67.7,3,2026-09-17 16:50:06,Normal,Aucune,Fort,22.6,Faible,Complet,Sunday,False,3
Tétouan,35.5625,-5.375,2026-09-21,26.3,23.1,0.0,0,24.0,63.0,3,2026-09-17 16:50:06,Normal,Aucune,Fort,21.0,Faible,Complet,Monday,False,4
Tétouan,35.5625,-5.375,2026-09-22,26.7,22.3,0.0,0,26.7,54.7,2,2026-09-17 16:50:06,Normal,Aucune,Fort,18.2,Faible,Complet,Tuesday,False,5
Tétouan,35.5625,-5.375,2026-09-23,27.0,22.4,0.0,0,19.0,46.8,2,2026-09-17 16:50:06,Normal,Aucune,Modéré,15.6,Faible,Complet,Wednesday,False,6
Warzat,30.9375,-6.9375,2026-09-17,31.9,18.0,0.6,30,15.8,29.9,3,2026-09-17 16:50:21,Chaud,Faible,Calme,13.5,Faible,Complet,Thursday,False,0
Warzat,30.9375,-6.9375,2026-09-18,32.2,17.9,0.0,5,16.9,32.4,3,2026-09-17 16:50:21,Chaud,Aucune,Modéré,11.3,Faible,Complet,Friday,True,1
Warzat,30.9375,-6.9375,2026-09-19,32.0,20.5,0.0,5,19.7,36.7,3,2026-09-17 16:50:21,Chaud,Aucune,Modéré,12.7,Faible,Complet,Saturday,True,2
Warzat,30.9375,-6.9375,2026-09-20,32.3,20.0,0.0,4,31.6,55.8,3,2026-09-17 16:50:21,Chaud,Aucune,Fort,19.0,Faible,Complet,Sunday,False,3
Warzat,30.9375,-6.9375,2026-09-21,31.9,20.5,0.3,10,23.1,40.0,3,2026-09-17 16:50:21,Chaud,Faible,Modéré,14.6,Faible,Complet,Monday,False,4
Warzat,30.9375,-6.9375,2026-09-22,31.8,19.1,0.0,1,18.1,30.2,2,2026-09-17 16:50:21,Chaud,Aucune,Modéré,10.2,Faible,Complet,Tuesday,False,5
Warzat,30.9375,-6.9375,2026-09-23,32.7,17.3,0.0,5,4.9,11.9,2,2026-09-17 16:50:21,Chaud,Aucune,Calme,4.5,Faible,Complet,Wednesday,False,6
Youssoufia,32.25,-8.5,2026-09-17,27.8,17.2,0.0,0,18.6,38.9,2,2026-09-17 13:00:58,Normal,Aucune,Modéré,13.0,Faible,Complet,Thursday,False,0
Youssoufia,32.25,-8.5,2026-09-18,30.2,16.7,0.0,0,16.9,34.9,1,2026-09-17 13:00:58,Chaud,Aucune,Modéré,11.6,Faible,Complet,Friday,True,1
Youssoufia,32.25,-8.5,2026-09-19,32.5,16.6,0.0,0,16.4,34.6,2,2026-09-17 13:00:58,Chaud,Aucune,Modéré,11.5,Faible,Complet,Saturday,True,2
Youssoufia,32.25,-8.5,2026-09-20,35.4,20.7,0.0,3,17.3,38.5,2,2026-09-17 13:00:58,Chaud,Aucune,Modéré,13.1,Faible,Complet,Sunday,False,3
Youssoufia,32.25,-8.5,2026-09-21,36.5,21.7,0.0,0,17.9,39.2,1,2026-09-17 13:00:58,Chaud,Aucune,Modéré,13.1,Faible,Complet,Monday,False,4
Youssoufia,32.25,-8.5,2026-09-22,35.9,19.4,0.0,0,17.9,34.6,0,2026-09-17 13:00:58,Chaud,Aucune,Modéré,11.5,Faible,Complet,Tuesday,False,5
Youssoufia,32.25,-8.5,2026-09-23,35.2,18.9,0.0,0,18.3,36.7,45,2026-09-17 13:00:58,Chaud,Aucune,Modéré,22.2,Faible,Complet,Wednesday,False,6
Zagora,30.3125,-5.8125,2026-09-17,35.8,25.7,0.1,8,17.6,31.3,3,2026-09-17 16:50:30,Chaud,Faible,Modéré,11.3,Faible,Complet,Thursday,False,0
Zagora,30.3125,-5.8125,2026-09-18,35.8,24.0,0.0,3,12.1,19.8,3,2026-09-17 16:50:30,Chaud,Aucune,Calme,6.9,Faible,Complet,Friday,True,1
Zagora,30.3125,-5.8125,2026-09-19,35.7,26.8,0.0,0,20.7,32.4,3,2026-09-17 16:50:30,Chaud,Aucune,Modéré,10.8,Faible,Complet,Saturday,True,2
Zagora,30.3125,-5.8125,2026-09-20,34.7,24.0,0.0,0,20.8,32.4,3,2026-09-17 16:50:30,Chaud,Aucune,Modéré,10.8,Faible,Complet,Sunday,False,3
Zagora,30.3125,-5.8125,2026-09-21,34.6,25.0,1.5,13,16.5,31.3,3,2026-09-17 16:50:30,Chaud,Faible,Modéré,13.0,Faible,Complet,Monday,False,4
Zagora,30.3125,-5.8125,2026-09-22,32.2,23.3,0.9,4,8.9,16.9,3,2026-09-17 16:50:30,Chaud,Faible,Calme,6.8,Faible,Complet,Tuesday,False,5
Zagora,30.3125,-5.8125,2026-09-23,34.7,22.5,0.0,5,8.5,15.1,3,2026-09-17 16:50:30,Chaud,Aucune,Calme,5.5,Faible,Complet,Wednesday,False,6
Zawyat ech Cheïkh,32.6875,-5.9375,2026-09-17,30.5,15.0,0.0,0,13.8,25.6,3,2026-09-17 16:50:40,Chaud,Aucune,Calme,8.5,Faible,Complet,Thursday,False,0
Zawyat ech Cheïkh,32.6875,-5.9375,2026-09-18,32.4,15.7,0.0,0,10.7,19.4,3,2026-09-17 16:50:40,Chaud,Aucune,Calme,6.5,Faible,Complet,Friday,True,1
Zawyat ech Cheïkh,32.6875,-5.9375,2026-09-19,35.4,19.0,0.0,0,13.4,24.8,3,2026-09-17 16:50:40,Chaud,Aucune,Calme,8.3,Faible,Complet,Saturday,True,2
Zawyat ech Cheïkh,32.6875,-5.9375,2026-09-20,36.8,21.6,0.0,5,14.3,36.0,2,2026-09-17 16:50:40,Chaud,Aucune,Modéré,12.5,Faible,Complet,Sunday,False,3
Zawyat ech Cheïkh,32.6875,-5.9375,2026-09-21,35.0,19.5,0.6,3,12.0,27.4,3,2026-09-17 16:50:40,Chaud,Faible,Calme,9.9,Faible,Complet,Monday,False,4
Zawyat ech Cheïkh,32.6875,-5.9375,2026-09-22,34.6,19.5,0.0,0,9.7,19.1,3,2026-09-17 16:50:40,Chaud,Aucune,Calme,6.4,Faible,Complet,Tuesday,False,5
Zawyat ech Cheïkh,32.6875,-5.9375,2026-09-23,35.9,20.2,0.0,0,11.6,21.2,2,2026-09-17 16:50:40,Chaud,Aucune,Calme,7.1,Faible,Complet,Wednesday,False,6
Zaïo,34.9375,-2.75,2026-09-17,27.8,19.3,0.0,0,15.1,32.4,3,2026-09-17 16:50:33,Normal,Aucune,Modéré,10.8,Faible,Complet,Thursday,False,0
Zaïo,34.9375,-2.75,2026-09-18,27.9,19.6,0.0,0,22.0,42.5,45,2026-09-17 16:50:33,Normal,Aucune,Modéré,24.2,Faible,Complet,Friday,True,1
Zaïo,34.9375,-2.75,2026-09-19,27.6,20.5,0.0,0,26.2,61.6,3,2026-09-17 16:50:33,Normal,Aucune,Fort,20.5,Faible,Complet,Saturday,True,2
Zaïo,34.9375,-2.75,2026-09-20,29.1,21.5,0.0,0,20.9,51.1,45,2026-09-17 16:50:33,Normal,Aucune,Fort,27.0,Modéré,Complet,Sunday,False,3
Zaïo,34.9375,-2.75,2026-09-21,28.2,20.9,0.0,0,18.6,47.9,45,2026-09-17 16:50:33,Normal,Aucune,Modéré,26.0,Modéré,Complet,Monday,False,4
Zaïo,34.9375,-2.75,2026-09-22,28.8,19.7,0.0,0,20.5,36.4,45,2026-09-17 16:50:33,Normal,Aucune,Modéré,22.1,Faible,Complet,Tuesday,False,5
Zaïo,34.9375,-2.75,2026-09-23,28.8,19.4,0.0,0,19.3,34.2,45,2026-09-17 16:50:33,Normal,Aucune,Modéré,21.4,Faible,Complet,Wednesday,False,6
Zeghanghane,35.125,-3.0,2026-09-17,27.2,19.4,0.0,0,15.3,30.6,3,2026-09-17 13:01:12,Normal,Aucune,Modéré,10.2,Faible,Complet,Thursday,False,0
Zeghanghane,35.125,-3.0,2026-09-18,26.4,20.3,0.0,0,20.9,40.3,45,2026-09-17 13:01:12,Normal,Aucune,Modéré,23.4,Faible,Complet,Friday,True,1
Zeghanghane,35.125,-3.0,2026-09-19,26.0,21.8,0.2,8,28.5,56.5,3,2026-09-17 13:01:12,Normal,Faible,Fort,19.8,Faible,Complet,Saturday,True,2
Zeghanghane,35.125,-3.0,2026-09-20,26.5,23.1,0.3,18,30.0,60.8,3,2026-09-17 13:01:12,Normal,Faible,Fort,22.3,Faible,Complet,Sunday,False,3
Zeghanghane,35.125,-3.0,2026-09-21,25.9,22.1,0.6,23,23.7,49.3,3,2026-09-17 13:01:12,Normal,Faible,Modéré,19.2,Faible,Complet,Monday,False,4
Zeghanghane,35.125,-3.0,2026-09-22,27.4,20.9,0.0,3,19.6,36.4,45,2026-09-17 13:01:12,Normal,Aucune,Modéré,22.4,Faible,Complet,Tuesday,False,5
Zeghanghane,35.125,-3.0,2026-09-23,27.9,20.8,0.0,0,16.8,31.3,2,2026-09-17 13:01:12,Normal,Aucune,Modéré,10.4,Faible,Complet,Wednesday,False,6
