[2026-09-20T23:20:12.277+0000] {manager.py:483} INFO - Processing files using up to 2 processes at a time 
[2026-09-20T23:20:12.277+0000] {manager.py:484} INFO - Process each file at most once every 30 seconds
[2026-09-20T23:20:12.278+0000] {manager.py:485} INFO - Checking for new files in /opt/airflow/dags every 300 seconds
[2026-09-20T23:20:12.278+0000] {manager.py:821} INFO - Searching for files in /opt/airflow/dags
[2026-09-20T23:20:12.279+0000] {manager.py:824} INFO - There are 1 files in /opt/airflow/dags
[2026-09-20T23:20:12.343+0000] {manager.py:997} INFO - 
================================================================================
DAG File Processing Stats

File Path                                    PID  Runtime      # DAGs    # Errors  Last Runtime    Last Run      Last # of DB Queries
-----------------------------------------  -----  ---------  --------  ----------  --------------  ----------  ----------------------
/opt/airflow/dags/weather_pipeline_dag.py    167  0.02s             0           0                                                   0
================================================================================
[2026-09-20T23:20:42.503+0000] {manager.py:997} INFO - 
================================================================================
DAG File Processing Stats

File Path                                  PID    Runtime      # DAGs    # Errors  Last Runtime    Last Run               Last # of DB Queries
-----------------------------------------  -----  ---------  --------  ----------  --------------  -------------------  ----------------------
/opt/airflow/dags/weather_pipeline_dag.py                           1           0  0.36s           2026-09-20T23:20:12                      45
================================================================================
[2026-09-20T23:21:13.049+0000] {manager.py:997} INFO - 
================================================================================
DAG File Processing Stats

File Path                                    PID  Runtime      # DAGs    # Errors  Last Runtime    Last Run               Last # of DB Queries
-----------------------------------------  -----  ---------  --------  ----------  --------------  -------------------  ----------------------
/opt/airflow/dags/weather_pipeline_dag.py    177  0.01s             1           0  0.15s           2026-09-20T23:20:42                      12
================================================================================
[2026-09-20T23:21:43.359+0000] {manager.py:997} INFO - 
================================================================================
DAG File Processing Stats

File Path                                    PID  Runtime      # DAGs    # Errors  Last Runtime    Last Run               Last # of DB Queries
-----------------------------------------  -----  ---------  --------  ----------  --------------  -------------------  ----------------------
/opt/airflow/dags/weather_pipeline_dag.py    182  0.01s             1           0  0.16s           2026-09-20T23:21:13                      12
================================================================================
[2026-09-20T23:22:13.578+0000] {manager.py:997} INFO - 
================================================================================
DAG File Processing Stats

File Path                                    PID  Runtime      # DAGs    # Errors  Last Runtime    Last Run               Last # of DB Queries
-----------------------------------------  -----  ---------  --------  ----------  --------------  -------------------  ----------------------
/opt/airflow/dags/weather_pipeline_dag.py    187  0.01s             1           0  0.16s           2026-09-20T23:21:43                      12
================================================================================
[2026-09-20T23:22:43.785+0000] {manager.py:997} INFO - 
================================================================================
DAG File Processing Stats

File Path                                    PID  Runtime      # DAGs    # Errors  Last Runtime    Last Run               Last # of DB Queries
-----------------------------------------  -----  ---------  --------  ----------  --------------  -------------------  ----------------------
/opt/airflow/dags/weather_pipeline_dag.py    192  0.01s             1           0  0.12s           2026-09-20T23:22:13                      12
================================================================================
[2026-09-20T23:23:14.057+0000] {manager.py:997} INFO - 
================================================================================
DAG File Processing Stats

File Path                                    PID  Runtime      # DAGs    # Errors  Last Runtime    Last Run               Last # of DB Queries
-----------------------------------------  -----  ---------  --------  ----------  --------------  -------------------  ----------------------
/opt/airflow/dags/weather_pipeline_dag.py    197  0.01s             1           0  0.16s           2026-09-20T23:22:43                      12
================================================================================
[2026-09-20T23:23:44.323+0000] {manager.py:997} INFO - 
================================================================================
DAG File Processing Stats

File Path                                    PID  Runtime      # DAGs    # Errors  Last Runtime    Last Run               Last # of DB Queries
-----------------------------------------  -----  ---------  --------  ----------  --------------  -------------------  ----------------------
/opt/airflow/dags/weather_pipeline_dag.py    202  0.01s             1           0  0.15s           2026-09-20T23:23:14                      12
================================================================================
[2026-09-20T23:24:14.588+0000] {manager.py:997} INFO - 
================================================================================
DAG File Processing Stats

File Path                                    PID  Runtime      # DAGs    # Errors  Last Runtime    Last Run               Last # of DB Queries
-----------------------------------------  -----  ---------  --------  ----------  --------------  -------------------  ----------------------
/opt/airflow/dags/weather_pipeline_dag.py    207  0.01s             1           0  0.14s           2026-09-20T23:23:44                      12
================================================================================
[2026-09-20T23:24:44.865+0000] {manager.py:997} INFO - 
================================================================================
DAG File Processing Stats

File Path                                    PID  Runtime      # DAGs    # Errors  Last Runtime    Last Run               Last # of DB Queries
-----------------------------------------  -----  ---------  --------  ----------  --------------  -------------------  ----------------------
/opt/airflow/dags/weather_pipeline_dag.py    212  0.01s             1           0  0.17s           2026-09-20T23:24:14                      12
================================================================================
[2026-09-20T23:25:13.160+0000] {manager.py:821} INFO - Searching for files in /opt/airflow/dags
[2026-09-20T23:25:13.162+0000] {manager.py:824} INFO - There are 1 files in /opt/airflow/dags
[2026-09-20T23:25:15.208+0000] {manager.py:997} INFO - 
================================================================================
DAG File Processing Stats

File Path                                    PID  Runtime      # DAGs    # Errors  Last Runtime    Last Run               Last # of DB Queries
-----------------------------------------  -----  ---------  --------  ----------  --------------  -------------------  ----------------------
/opt/airflow/dags/weather_pipeline_dag.py    217  0.01s             1           0  0.15s           2026-09-20T23:24:45                      12
================================================================================
[2026-09-20T23:25:45.452+0000] {manager.py:997} INFO - 
================================================================================
DAG File Processing Stats

File Path                                    PID  Runtime      # DAGs    # Errors  Last Runtime    Last Run               Last # of DB Queries
-----------------------------------------  -----  ---------  --------  ----------  --------------  -------------------  ----------------------
/opt/airflow/dags/weather_pipeline_dag.py    222  0.01s             1           0  0.16s           2026-09-20T23:25:15                      12
================================================================================
[2026-09-20T23:26:15.774+0000] {manager.py:997} INFO - 
================================================================================
DAG File Processing Stats

File Path                                    PID  Runtime      # DAGs    # Errors  Last Runtime    Last Run               Last # of DB Queries
-----------------------------------------  -----  ---------  --------  ----------  --------------  -------------------  ----------------------
/opt/airflow/dags/weather_pipeline_dag.py    227  0.01s             1           0  0.17s           2026-09-20T23:25:45                      12
================================================================================
[2026-09-20T23:26:46.026+0000] {manager.py:997} INFO - 
================================================================================
DAG File Processing Stats

File Path                                    PID  Runtime      # DAGs    # Errors  Last Runtime    Last Run               Last # of DB Queries
-----------------------------------------  -----  ---------  --------  ----------  --------------  -------------------  ----------------------
/opt/airflow/dags/weather_pipeline_dag.py    232  0.01s             1           0  0.18s           2026-09-20T23:26:15                      12
================================================================================
[2026-09-20T23:27:16.369+0000] {manager.py:997} INFO - 
================================================================================
DAG File Processing Stats

File Path                                    PID  Runtime      # DAGs    # Errors  Last Runtime    Last Run               Last # of DB Queries
-----------------------------------------  -----  ---------  --------  ----------  --------------  -------------------  ----------------------
/opt/airflow/dags/weather_pipeline_dag.py    237  0.01s             1           0  0.16s           2026-09-20T23:26:46                      12
================================================================================
[2026-09-20T23:27:46.606+0000] {manager.py:997} INFO - 
================================================================================
DAG File Processing Stats

File Path                                    PID  Runtime      # DAGs    # Errors  Last Runtime    Last Run               Last # of DB Queries
-----------------------------------------  -----  ---------  --------  ----------  --------------  -------------------  ----------------------
/opt/airflow/dags/weather_pipeline_dag.py    242  0.01s             1           0  0.15s           2026-09-20T23:27:16                      12
================================================================================
[2026-09-20T23:28:16.922+0000] {manager.py:997} INFO - 
================================================================================
DAG File Processing Stats

File Path                                    PID  Runtime      # DAGs    # Errors  Last Runtime    Last Run               Last # of DB Queries
-----------------------------------------  -----  ---------  --------  ----------  --------------  -------------------  ----------------------
/opt/airflow/dags/weather_pipeline_dag.py    247  0.01s             1           0  0.16s           2026-09-20T23:27:46                      12
================================================================================
[2026-09-20T23:28:47.154+0000] {manager.py:997} INFO - 
================================================================================
DAG File Processing Stats

File Path                                    PID  Runtime      # DAGs    # Errors  Last Runtime    Last Run               Last # of DB Queries
-----------------------------------------  -----  ---------  --------  ----------  --------------  -------------------  ----------------------
/opt/airflow/dags/weather_pipeline_dag.py    252  0.01s             1           0  0.16s           2026-09-20T23:28:17                      12
================================================================================
[2026-09-20T23:29:17.478+0000] {manager.py:997} INFO - 
================================================================================
DAG File Processing Stats

File Path                                    PID  Runtime      # DAGs    # Errors  Last Runtime    Last Run               Last # of DB Queries
-----------------------------------------  -----  ---------  --------  ----------  --------------  -------------------  ----------------------
/opt/airflow/dags/weather_pipeline_dag.py    257  0.01s             1           0  0.15s           2026-09-20T23:28:47                      12
================================================================================
[2026-09-20T23:29:47.721+0000] {manager.py:997} INFO - 
================================================================================
DAG File Processing Stats

File Path                                    PID  Runtime      # DAGs    # Errors  Last Runtime    Last Run               Last # of DB Queries
-----------------------------------------  -----  ---------  --------  ----------  --------------  -------------------  ----------------------
/opt/airflow/dags/weather_pipeline_dag.py    262  0.01s             1           0  0.19s           2026-09-20T23:29:17                      12
================================================================================
[2026-09-20T23:30:14.041+0000] {manager.py:821} INFO - Searching for files in /opt/airflow/dags
[2026-09-20T23:30:14.043+0000] {manager.py:824} INFO - There are 1 files in /opt/airflow/dags
[2026-09-20T23:30:18.102+0000] {manager.py:997} INFO - 
================================================================================
DAG File Processing Stats

File Path                                    PID  Runtime      # DAGs    # Errors  Last Runtime    Last Run               Last # of DB Queries
-----------------------------------------  -----  ---------  --------  ----------  --------------  -------------------  ----------------------
/opt/airflow/dags/weather_pipeline_dag.py    267  0.01s             1           0  0.16s           2026-09-20T23:29:47                      12
================================================================================
[2026-09-20T23:30:48.321+0000] {manager.py:997} INFO - 
================================================================================
DAG File Processing Stats

File Path                                    PID  Runtime      # DAGs    # Errors  Last Runtime    Last Run               Last # of DB Queries
-----------------------------------------  -----  ---------  --------  ----------  --------------  -------------------  ----------------------
/opt/airflow/dags/weather_pipeline_dag.py    272  0.01s             1           0  0.17s           2026-09-20T23:30:18                      12
================================================================================
[2026-09-20T23:31:18.677+0000] {manager.py:997} INFO - 
================================================================================
DAG File Processing Stats

File Path                                    PID  Runtime      # DAGs    # Errors  Last Runtime    Last Run               Last # of DB Queries
-----------------------------------------  -----  ---------  --------  ----------  --------------  -------------------  ----------------------
/opt/airflow/dags/weather_pipeline_dag.py    277  0.01s             1           0  0.15s           2026-09-20T23:30:48                      12
================================================================================
[2026-09-20T23:31:48.911+0000] {manager.py:997} INFO - 
================================================================================
DAG File Processing Stats

File Path                                    PID  Runtime      # DAGs    # Errors  Last Runtime    Last Run               Last # of DB Queries
-----------------------------------------  -----  ---------  --------  ----------  --------------  -------------------  ----------------------
/opt/airflow/dags/weather_pipeline_dag.py    282  0.01s             1           0  0.20s           2026-09-20T23:31:18                      12
================================================================================
[2026-09-20T23:32:19.281+0000] {manager.py:997} INFO - 
================================================================================
DAG File Processing Stats

File Path                                    PID  Runtime      # DAGs    # Errors  Last Runtime    Last Run               Last # of DB Queries
-----------------------------------------  -----  ---------  --------  ----------  --------------  -------------------  ----------------------
/opt/airflow/dags/weather_pipeline_dag.py    287  0.01s             1           0  0.19s           2026-09-20T23:31:49                      12
================================================================================
[2026-09-20T23:32:49.518+0000] {manager.py:997} INFO - 
================================================================================
DAG File Processing Stats

File Path                                    PID  Runtime      # DAGs    # Errors  Last Runtime    Last Run               Last # of DB Queries
-----------------------------------------  -----  ---------  --------  ----------  --------------  -------------------  ----------------------
/opt/airflow/dags/weather_pipeline_dag.py    292  0.01s             1           0  0.19s           2026-09-20T23:32:19                      12
================================================================================
[2026-09-20T23:33:19.751+0000] {manager.py:997} INFO - 
================================================================================
DAG File Processing Stats

File Path                                    PID  Runtime      # DAGs    # Errors  Last Runtime    Last Run               Last # of DB Queries
-----------------------------------------  -----  ---------  --------  ----------  --------------  -------------------  ----------------------
/opt/airflow/dags/weather_pipeline_dag.py    297  0.01s             1           0  0.15s           2026-09-20T23:32:49                      12
================================================================================
[2026-09-20T23:33:50.096+0000] {manager.py:997} INFO - 
================================================================================
DAG File Processing Stats

File Path                                    PID  Runtime      # DAGs    # Errors  Last Runtime    Last Run               Last # of DB Queries
-----------------------------------------  -----  ---------  --------  ----------  --------------  -------------------  ----------------------
/opt/airflow/dags/weather_pipeline_dag.py    302  0.01s             1           0  0.19s           2026-09-20T23:33:19                      12
================================================================================
[2026-09-20T23:34:20.350+0000] {manager.py:997} INFO - 
================================================================================
DAG File Processing Stats

File Path                                    PID  Runtime      # DAGs    # Errors  Last Runtime    Last Run               Last # of DB Queries
-----------------------------------------  -----  ---------  --------  ----------  --------------  -------------------  ----------------------
/opt/airflow/dags/weather_pipeline_dag.py    307  0.01s             1           0  0.17s           2026-09-20T23:33:50                      12
================================================================================
[2026-09-20T23:34:50.665+0000] {manager.py:997} INFO - 
================================================================================
DAG File Processing Stats

File Path                                    PID  Runtime      # DAGs    # Errors  Last Runtime    Last Run               Last # of DB Queries
-----------------------------------------  -----  ---------  --------  ----------  --------------  -------------------  ----------------------
/opt/airflow/dags/weather_pipeline_dag.py    312  0.01s             1           0  0.15s           2026-09-20T23:34:20                      12
================================================================================
[2026-09-20T23:35:14.843+0000] {manager.py:821} INFO - Searching for files in /opt/airflow/dags
[2026-09-20T23:35:14.845+0000] {manager.py:824} INFO - There are 1 files in /opt/airflow/dags
[2026-09-20T23:35:20.913+0000] {manager.py:997} INFO - 
================================================================================
DAG File Processing Stats

File Path                                    PID  Runtime      # DAGs    # Errors  Last Runtime    Last Run               Last # of DB Queries
-----------------------------------------  -----  ---------  --------  ----------  --------------  -------------------  ----------------------
/opt/airflow/dags/weather_pipeline_dag.py    317  0.01s             1           0  0.14s           2026-09-20T23:34:50                      12
================================================================================
[2026-09-20T23:35:51.187+0000] {manager.py:997} INFO - 
================================================================================
DAG File Processing Stats

File Path                                    PID  Runtime      # DAGs    # Errors  Last Runtime    Last Run               Last # of DB Queries
-----------------------------------------  -----  ---------  --------  ----------  --------------  -------------------  ----------------------
/opt/airflow/dags/weather_pipeline_dag.py    322  0.00s             1           0  0.17s           2026-09-20T23:35:21                      12
================================================================================
[2026-09-20T23:36:21.453+0000] {manager.py:997} INFO - 
================================================================================
DAG File Processing Stats

File Path                                    PID  Runtime      # DAGs    # Errors  Last Runtime    Last Run               Last # of DB Queries
-----------------------------------------  -----  ---------  --------  ----------  --------------  -------------------  ----------------------
/opt/airflow/dags/weather_pipeline_dag.py    327  0.01s             1           0  0.11s           2026-09-20T23:35:51                      12
================================================================================
[2026-09-20T23:36:51.693+0000] {manager.py:997} INFO - 
================================================================================
DAG File Processing Stats

File Path                                    PID  Runtime      # DAGs    # Errors  Last Runtime    Last Run               Last # of DB Queries
-----------------------------------------  -----  ---------  --------  ----------  --------------  -------------------  ----------------------
/opt/airflow/dags/weather_pipeline_dag.py    332  0.01s             1           0  0.19s           2026-09-20T23:36:21                      12
================================================================================
[2026-09-20T23:37:22.037+0000] {manager.py:997} INFO - 
================================================================================
DAG File Processing Stats

File Path                                    PID  Runtime      # DAGs    # Errors  Last Runtime    Last Run               Last # of DB Queries
-----------------------------------------  -----  ---------  --------  ----------  --------------  -------------------  ----------------------
/opt/airflow/dags/weather_pipeline_dag.py    337  0.01s             1           0  0.17s           2026-09-20T23:36:51                      12
================================================================================
[2026-09-20T23:37:52.272+0000] {manager.py:997} INFO - 
================================================================================
DAG File Processing Stats

File Path                                    PID  Runtime      # DAGs    # Errors  Last Runtime    Last Run               Last # of DB Queries
-----------------------------------------  -----  ---------  --------  ----------  --------------  -------------------  ----------------------
/opt/airflow/dags/weather_pipeline_dag.py    342  0.01s             1           0  0.15s           2026-09-20T23:37:22                      12
================================================================================
[2026-09-20T23:38:22.601+0000] {manager.py:997} INFO - 
================================================================================
DAG File Processing Stats

File Path                                    PID  Runtime      # DAGs    # Errors  Last Runtime    Last Run               Last # of DB Queries
-----------------------------------------  -----  ---------  --------  ----------  --------------  -------------------  ----------------------
/opt/airflow/dags/weather_pipeline_dag.py    347  0.01s             1           0  0.18s           2026-09-20T23:37:52                      12
================================================================================
[2026-09-20T23:38:52.830+0000] {manager.py:997} INFO - 
================================================================================
DAG File Processing Stats

File Path                                    PID  Runtime      # DAGs    # Errors  Last Runtime    Last Run               Last # of DB Queries
-----------------------------------------  -----  ---------  --------  ----------  --------------  -------------------  ----------------------
/opt/airflow/dags/weather_pipeline_dag.py    352  0.01s             1           0  0.19s           2026-09-20T23:38:22                      12
================================================================================
[2026-09-20T23:39:23.032+0000] {manager.py:997} INFO - 
================================================================================
DAG File Processing Stats

File Path                                    PID  Runtime      # DAGs    # Errors  Last Runtime    Last Run               Last # of DB Queries
-----------------------------------------  -----  ---------  --------  ----------  --------------  -------------------  ----------------------
/opt/airflow/dags/weather_pipeline_dag.py    357  0.01s             1           0  0.11s           2026-09-20T23:38:52                      12
================================================================================
[2026-09-20T23:39:53.310+0000] {manager.py:997} INFO - 
================================================================================
DAG File Processing Stats

File Path                                    PID  Runtime      # DAGs    # Errors  Last Runtime    Last Run               Last # of DB Queries
-----------------------------------------  -----  ---------  --------  ----------  --------------  -------------------  ----------------------
/opt/airflow/dags/weather_pipeline_dag.py    362  0.01s             1           0  0.18s           2026-09-20T23:39:23                      12
================================================================================
[2026-09-20T23:40:15.510+0000] {manager.py:821} INFO - Searching for files in /opt/airflow/dags
[2026-09-20T23:40:15.512+0000] {manager.py:824} INFO - There are 1 files in /opt/airflow/dags
[2026-09-20T23:40:23.598+0000] {manager.py:997} INFO - 
================================================================================
DAG File Processing Stats

File Path                                    PID  Runtime      # DAGs    # Errors  Last Runtime    Last Run               Last # of DB Queries
-----------------------------------------  -----  ---------  --------  ----------  --------------  -------------------  ----------------------
/opt/airflow/dags/weather_pipeline_dag.py    367  0.01s             1           0  0.20s           2026-09-20T23:39:53                      12
================================================================================
[2026-09-20T23:40:53.865+0000] {manager.py:997} INFO - 
================================================================================
DAG File Processing Stats

File Path                                    PID  Runtime      # DAGs    # Errors  Last Runtime    Last Run               Last # of DB Queries
-----------------------------------------  -----  ---------  --------  ----------  --------------  -------------------  ----------------------
/opt/airflow/dags/weather_pipeline_dag.py    372  0.01s             1           0  0.12s           2026-09-20T23:40:23                      12
================================================================================
[2026-09-20T23:41:24.085+0000] {manager.py:997} INFO - 
================================================================================
DAG File Processing Stats

File Path                                    PID  Runtime      # DAGs    # Errors  Last Runtime    Last Run               Last # of DB Queries
-----------------------------------------  -----  ---------  --------  ----------  --------------  -------------------  ----------------------
/opt/airflow/dags/weather_pipeline_dag.py    377  0.01s             1           0  0.13s           2026-09-20T23:40:53                      12
================================================================================
[2026-09-20T23:41:54.380+0000] {manager.py:997} INFO - 
================================================================================
DAG File Processing Stats

File Path                                    PID  Runtime      # DAGs    # Errors  Last Runtime    Last Run               Last # of DB Queries
-----------------------------------------  -----  ---------  --------  ----------  --------------  -------------------  ----------------------
/opt/airflow/dags/weather_pipeline_dag.py    382  0.01s             1           0  0.19s           2026-09-20T23:41:24                      12
================================================================================
[2026-09-20T23:42:24.680+0000] {manager.py:997} INFO - 
================================================================================
DAG File Processing Stats

File Path                                    PID  Runtime      # DAGs    # Errors  Last Runtime    Last Run               Last # of DB Queries
-----------------------------------------  -----  ---------  --------  ----------  --------------  -------------------  ----------------------
/opt/airflow/dags/weather_pipeline_dag.py    387  0.01s             1           0  0.20s           2026-09-20T23:41:54                      12
================================================================================
[2026-09-20T23:42:54.964+0000] {manager.py:997} INFO - 
================================================================================
DAG File Processing Stats

File Path                                    PID  Runtime      # DAGs    # Errors  Last Runtime    Last Run               Last # of DB Queries
-----------------------------------------  -----  ---------  --------  ----------  --------------  -------------------  ----------------------
/opt/airflow/dags/weather_pipeline_dag.py    392  0.01s             1           0  0.14s           2026-09-20T23:42:24                      12
================================================================================
[2026-09-20T23:43:25.206+0000] {manager.py:997} INFO - 
================================================================================
DAG File Processing Stats

File Path                                    PID  Runtime      # DAGs    # Errors  Last Runtime    Last Run               Last # of DB Queries
-----------------------------------------  -----  ---------  --------  ----------  --------------  -------------------  ----------------------
/opt/airflow/dags/weather_pipeline_dag.py    397  0.01s             1           0  0.13s           2026-09-20T23:42:55                      12
================================================================================
[2026-09-20T23:43:55.482+0000] {manager.py:997} INFO - 
================================================================================
DAG File Processing Stats

File Path                                    PID  Runtime      # DAGs    # Errors  Last Runtime    Last Run               Last # of DB Queries
-----------------------------------------  -----  ---------  --------  ----------  --------------  -------------------  ----------------------
/opt/airflow/dags/weather_pipeline_dag.py    402  0.01s             1           0  0.17s           2026-09-20T23:43:25                      12
================================================================================
[2026-09-20T23:44:25.785+0000] {manager.py:997} INFO - 
================================================================================
DAG File Processing Stats

File Path                                    PID  Runtime      # DAGs    # Errors  Last Runtime    Last Run               Last # of DB Queries
-----------------------------------------  -----  ---------  --------  ----------  --------------  -------------------  ----------------------
/opt/airflow/dags/weather_pipeline_dag.py    407  0.01s             1           0  0.17s           2026-09-20T23:43:55                      12
================================================================================
[2026-09-20T23:44:56.059+0000] {manager.py:997} INFO - 
================================================================================
DAG File Processing Stats

File Path                                    PID  Runtime      # DAGs    # Errors  Last Runtime    Last Run               Last # of DB Queries
-----------------------------------------  -----  ---------  --------  ----------  --------------  -------------------  ----------------------
/opt/airflow/dags/weather_pipeline_dag.py    412  0.01s             1           0  0.18s           2026-09-20T23:44:25                      12
================================================================================
[2026-09-20T23:45:16.271+0000] {manager.py:821} INFO - Searching for files in /opt/airflow/dags
[2026-09-20T23:45:16.272+0000] {manager.py:824} INFO - There are 1 files in /opt/airflow/dags
[2026-09-20T23:45:26.362+0000] {manager.py:997} INFO - 
================================================================================
DAG File Processing Stats

File Path                                    PID  Runtime      # DAGs    # Errors  Last Runtime    Last Run               Last # of DB Queries
-----------------------------------------  -----  ---------  --------  ----------  --------------  -------------------  ----------------------
/opt/airflow/dags/weather_pipeline_dag.py    417  0.01s             1           0  0.19s           2026-09-20T23:44:56                      12
================================================================================
[2026-09-20T23:45:56.621+0000] {manager.py:997} INFO - 
================================================================================
DAG File Processing Stats

File Path                                    PID  Runtime      # DAGs    # Errors  Last Runtime    Last Run               Last # of DB Queries
-----------------------------------------  -----  ---------  --------  ----------  --------------  -------------------  ----------------------
/opt/airflow/dags/weather_pipeline_dag.py    422  0.01s             1           0  0.18s           2026-09-20T23:45:26                      12
================================================================================
[2026-09-20T23:46:26.926+0000] {manager.py:997} INFO - 
================================================================================
DAG File Processing Stats

File Path                                    PID  Runtime      # DAGs    # Errors  Last Runtime    Last Run               Last # of DB Queries
-----------------------------------------  -----  ---------  --------  ----------  --------------  -------------------  ----------------------
/opt/airflow/dags/weather_pipeline_dag.py    427  0.01s             1           0  0.17s           2026-09-20T23:45:56                      12
================================================================================
[2026-09-20T23:46:57.173+0000] {manager.py:997} INFO - 
================================================================================
DAG File Processing Stats

File Path                                    PID  Runtime      # DAGs    # Errors  Last Runtime    Last Run               Last # of DB Queries
-----------------------------------------  -----  ---------  --------  ----------  --------------  -------------------  ----------------------
/opt/airflow/dags/weather_pipeline_dag.py    432  0.01s             1           0  0.16s           2026-09-20T23:46:27                      12
================================================================================
[2026-09-20T23:47:27.484+0000] {manager.py:997} INFO - 
================================================================================
DAG File Processing Stats

File Path                                    PID  Runtime      # DAGs    # Errors  Last Runtime    Last Run               Last # of DB Queries
-----------------------------------------  -----  ---------  --------  ----------  --------------  -------------------  ----------------------
/opt/airflow/dags/weather_pipeline_dag.py    437  0.01s             1           0  0.14s           2026-09-20T23:46:57                      12
================================================================================
[2026-09-20T23:47:57.718+0000] {manager.py:997} INFO - 
================================================================================
DAG File Processing Stats

File Path                                    PID  Runtime      # DAGs    # Errors  Last Runtime    Last Run               Last # of DB Queries
-----------------------------------------  -----  ---------  --------  ----------  --------------  -------------------  ----------------------
/opt/airflow/dags/weather_pipeline_dag.py    442  0.01s             1           0  0.15s           2026-09-20T23:47:27                      12
================================================================================
[2026-09-20T23:48:28.045+0000] {manager.py:997} INFO - 
================================================================================
DAG File Processing Stats

File Path                                    PID  Runtime      # DAGs    # Errors  Last Runtime    Last Run               Last # of DB Queries
-----------------------------------------  -----  ---------  --------  ----------  --------------  -------------------  ----------------------
/opt/airflow/dags/weather_pipeline_dag.py    447  0.01s             1           0  0.17s           2026-09-20T23:47:57                      12
================================================================================
[2026-09-20T23:48:58.302+0000] {manager.py:997} INFO - 
================================================================================
DAG File Processing Stats

File Path                                    PID  Runtime      # DAGs    # Errors  Last Runtime    Last Run               Last # of DB Queries
-----------------------------------------  -----  ---------  --------  ----------  --------------  -------------------  ----------------------
/opt/airflow/dags/weather_pipeline_dag.py    452  0.02s             1           0  0.16s           2026-09-20T23:48:28                      12
================================================================================
[2026-09-20T23:49:28.614+0000] {manager.py:997} INFO - 
================================================================================
DAG File Processing Stats

File Path                                    PID  Runtime      # DAGs    # Errors  Last Runtime    Last Run               Last # of DB Queries
-----------------------------------------  -----  ---------  --------  ----------  --------------  -------------------  ----------------------
/opt/airflow/dags/weather_pipeline_dag.py    457  0.01s             1           0  0.18s           2026-09-20T23:48:58                      12
================================================================================
[2026-09-20T23:49:58.868+0000] {manager.py:997} INFO - 
================================================================================
DAG File Processing Stats

File Path                                    PID  Runtime      # DAGs    # Errors  Last Runtime    Last Run               Last # of DB Queries
-----------------------------------------  -----  ---------  --------  ----------  --------------  -------------------  ----------------------
/opt/airflow/dags/weather_pipeline_dag.py    462  0.01s             1           0  0.14s           2026-09-20T23:49:28                      12
================================================================================
[2026-09-20T23:50:17.067+0000] {manager.py:821} INFO - Searching for files in /opt/airflow/dags
[2026-09-20T23:50:17.068+0000] {manager.py:824} INFO - There are 1 files in /opt/airflow/dags
[2026-09-20T23:50:29.177+0000] {manager.py:997} INFO - 
================================================================================
DAG File Processing Stats

File Path                                    PID  Runtime      # DAGs    # Errors  Last Runtime    Last Run               Last # of DB Queries
-----------------------------------------  -----  ---------  --------  ----------  --------------  -------------------  ----------------------
/opt/airflow/dags/weather_pipeline_dag.py    467  0.01s             1           0  0.11s           2026-09-20T23:49:58                      12
================================================================================
[2026-09-20T23:50:59.401+0000] {manager.py:997} INFO - 
================================================================================
DAG File Processing Stats

File Path                                    PID  Runtime      # DAGs    # Errors  Last Runtime    Last Run               Last # of DB Queries
-----------------------------------------  -----  ---------  --------  ----------  --------------  -------------------  ----------------------
/opt/airflow/dags/weather_pipeline_dag.py    472  0.01s             1           0  0.16s           2026-09-20T23:50:29                      12
================================================================================
[2026-09-20T23:51:29.717+0000] {manager.py:997} INFO - 
================================================================================
DAG File Processing Stats

File Path                                    PID  Runtime      # DAGs    # Errors  Last Runtime    Last Run               Last # of DB Queries
-----------------------------------------  -----  ---------  --------  ----------  --------------  -------------------  ----------------------
/opt/airflow/dags/weather_pipeline_dag.py    477  0.01s             1           0  0.17s           2026-09-20T23:50:59                      12
================================================================================
[2026-09-20T23:51:59.963+0000] {manager.py:997} INFO - 
================================================================================
DAG File Processing Stats

File Path                                    PID  Runtime      # DAGs    # Errors  Last Runtime    Last Run               Last # of DB Queries
-----------------------------------------  -----  ---------  --------  ----------  --------------  -------------------  ----------------------
/opt/airflow/dags/weather_pipeline_dag.py    482  0.01s             1           0  0.15s           2026-09-20T23:51:29                      12
================================================================================
[2026-09-20T23:52:30.274+0000] {manager.py:997} INFO - 
================================================================================
DAG File Processing Stats

File Path                                    PID  Runtime      # DAGs    # Errors  Last Runtime    Last Run               Last # of DB Queries
-----------------------------------------  -----  ---------  --------  ----------  --------------  -------------------  ----------------------
/opt/airflow/dags/weather_pipeline_dag.py    487  0.01s             1           0  0.19s           2026-09-20T23:52:00                      12
================================================================================
[2026-09-20T23:53:00.544+0000] {manager.py:997} INFO - 
================================================================================
DAG File Processing Stats

File Path                                    PID  Runtime      # DAGs    # Errors  Last Runtime    Last Run               Last # of DB Queries
-----------------------------------------  -----  ---------  --------  ----------  --------------  -------------------  ----------------------
/opt/airflow/dags/weather_pipeline_dag.py    492  0.01s             1           0  0.17s           2026-09-20T23:52:30                      12
================================================================================
[2026-09-20T23:53:30.849+0000] {manager.py:997} INFO - 
================================================================================
DAG File Processing Stats

File Path                                    PID  Runtime      # DAGs    # Errors  Last Runtime    Last Run               Last # of DB Queries
-----------------------------------------  -----  ---------  --------  ----------  --------------  -------------------  ----------------------
/opt/airflow/dags/weather_pipeline_dag.py    497  0.01s             1           0  0.15s           2026-09-20T23:53:00                      12
================================================================================
[2026-09-20T23:54:01.081+0000] {manager.py:997} INFO - 
================================================================================
DAG File Processing Stats

File Path                                    PID  Runtime      # DAGs    # Errors  Last Runtime    Last Run               Last # of DB Queries
-----------------------------------------  -----  ---------  --------  ----------  --------------  -------------------  ----------------------
/opt/airflow/dags/weather_pipeline_dag.py    502  0.01s             1           0  0.14s           2026-09-20T23:53:30                      12
================================================================================
[2026-09-20T23:54:31.377+0000] {manager.py:997} INFO - 
================================================================================
DAG File Processing Stats

File Path                                    PID  Runtime      # DAGs    # Errors  Last Runtime    Last Run               Last # of DB Queries
-----------------------------------------  -----  ---------  --------  ----------  --------------  -------------------  ----------------------
/opt/airflow/dags/weather_pipeline_dag.py    507  0.01s             1           0  0.19s           2026-09-20T23:54:01                      12
================================================================================
[2026-09-20T23:55:01.673+0000] {manager.py:997} INFO - 
================================================================================
DAG File Processing Stats

File Path                                    PID  Runtime      # DAGs    # Errors  Last Runtime    Last Run               Last # of DB Queries
-----------------------------------------  -----  ---------  --------  ----------  --------------  -------------------  ----------------------
/opt/airflow/dags/weather_pipeline_dag.py    512  0.01s             1           0  0.14s           2026-09-20T23:54:31                      12
================================================================================
[2026-09-20T23:55:17.812+0000] {manager.py:821} INFO - Searching for files in /opt/airflow/dags
[2026-09-20T23:55:17.814+0000] {manager.py:824} INFO - There are 1 files in /opt/airflow/dags
[2026-09-20T23:55:31.941+0000] {manager.py:997} INFO - 
================================================================================
DAG File Processing Stats

File Path                                    PID  Runtime      # DAGs    # Errors  Last Runtime    Last Run               Last # of DB Queries
-----------------------------------------  -----  ---------  --------  ----------  --------------  -------------------  ----------------------
/opt/airflow/dags/weather_pipeline_dag.py    517  0.01s             1           0  0.15s           2026-09-20T23:55:01                      12
================================================================================
[2026-09-20T23:56:02.216+0000] {manager.py:997} INFO - 
================================================================================
DAG File Processing Stats

File Path                                    PID  Runtime      # DAGs    # Errors  Last Runtime    Last Run               Last # of DB Queries
-----------------------------------------  -----  ---------  --------  ----------  --------------  -------------------  ----------------------
/opt/airflow/dags/weather_pipeline_dag.py    522  0.01s             1           0  0.15s           2026-09-20T23:55:32                      12
================================================================================
[2026-09-20T23:56:32.488+0000] {manager.py:997} INFO - 
================================================================================
DAG File Processing Stats

File Path                                    PID  Runtime      # DAGs    # Errors  Last Runtime    Last Run               Last # of DB Queries
-----------------------------------------  -----  ---------  --------  ----------  --------------  -------------------  ----------------------
/opt/airflow/dags/weather_pipeline_dag.py    527  0.01s             1           0  0.14s           2026-09-20T23:56:02                      12
================================================================================
[2026-09-20T23:57:02.762+0000] {manager.py:997} INFO - 
================================================================================
DAG File Processing Stats

File Path                                    PID  Runtime      # DAGs    # Errors  Last Runtime    Last Run               Last # of DB Queries
-----------------------------------------  -----  ---------  --------  ----------  --------------  -------------------  ----------------------
/opt/airflow/dags/weather_pipeline_dag.py    532  0.01s             1           0  0.14s           2026-09-20T23:56:32                      12
================================================================================
[2026-09-20T23:57:33.044+0000] {manager.py:997} INFO - 
================================================================================
DAG File Processing Stats

File Path                                    PID  Runtime      # DAGs    # Errors  Last Runtime    Last Run               Last # of DB Queries
-----------------------------------------  -----  ---------  --------  ----------  --------------  -------------------  ----------------------
/opt/airflow/dags/weather_pipeline_dag.py    537  0.01s             1           0  0.14s           2026-09-20T23:57:02                      12
================================================================================
[2026-09-20T23:58:03.305+0000] {manager.py:997} INFO - 
================================================================================
DAG File Processing Stats

File Path                                    PID  Runtime      # DAGs    # Errors  Last Runtime    Last Run               Last # of DB Queries
-----------------------------------------  -----  ---------  --------  ----------  --------------  -------------------  ----------------------
/opt/airflow/dags/weather_pipeline_dag.py    542  0.01s             1           0  0.17s           2026-09-20T23:57:33                      12
================================================================================
[2026-09-20T23:58:33.604+0000] {manager.py:997} INFO - 
================================================================================
DAG File Processing Stats

File Path                                    PID  Runtime      # DAGs    # Errors  Last Runtime    Last Run               Last # of DB Queries
-----------------------------------------  -----  ---------  --------  ----------  --------------  -------------------  ----------------------
/opt/airflow/dags/weather_pipeline_dag.py    547  0.01s             1           0  0.17s           2026-09-20T23:58:03                      12
================================================================================
[2026-09-20T23:59:03.873+0000] {manager.py:997} INFO - 
================================================================================
DAG File Processing Stats

File Path                                    PID  Runtime      # DAGs    # Errors  Last Runtime    Last Run               Last # of DB Queries
-----------------------------------------  -----  ---------  --------  ----------  --------------  -------------------  ----------------------
/opt/airflow/dags/weather_pipeline_dag.py    552  0.01s             1           0  0.15s           2026-09-20T23:58:33                      12
================================================================================
[2026-09-20T23:59:34.152+0000] {manager.py:997} INFO - 
================================================================================
DAG File Processing Stats

File Path                                    PID  Runtime      # DAGs    # Errors  Last Runtime    Last Run               Last # of DB Queries
-----------------------------------------  -----  ---------  --------  ----------  --------------  -------------------  ----------------------
/opt/airflow/dags/weather_pipeline_dag.py    557  0.01s             1           0  0.19s           2026-09-20T23:59:04                      12
================================================================================
[2026-09-21T00:00:04.462+0000] {manager.py:997} INFO - 
================================================================================
DAG File Processing Stats

File Path                                    PID  Runtime      # DAGs    # Errors  Last Runtime    Last Run               Last # of DB Queries
-----------------------------------------  -----  ---------  --------  ----------  --------------  -------------------  ----------------------
/opt/airflow/dags/weather_pipeline_dag.py    562  0.01s             1           0  0.15s           2026-09-20T23:59:34                      12
================================================================================
[2026-09-21T00:00:18.564+0000] {manager.py:821} INFO - Searching for files in /opt/airflow/dags
[2026-09-21T00:00:18.566+0000] {manager.py:824} INFO - There are 1 files in /opt/airflow/dags
[2026-09-21T00:00:34.707+0000] {manager.py:997} INFO - 
================================================================================
DAG File Processing Stats

File Path                                    PID  Runtime      # DAGs    # Errors  Last Runtime    Last Run               Last # of DB Queries
-----------------------------------------  -----  ---------  --------  ----------  --------------  -------------------  ----------------------
/opt/airflow/dags/weather_pipeline_dag.py    567  0.01s             1           0  0.14s           2026-09-21T00:00:04                      12
================================================================================
[2026-09-21T00:01:05.010+0000] {manager.py:997} INFO - 
================================================================================
DAG File Processing Stats

File Path                                    PID  Runtime      # DAGs    # Errors  Last Runtime    Last Run               Last # of DB Queries
-----------------------------------------  -----  ---------  --------  ----------  --------------  -------------------  ----------------------
/opt/airflow/dags/weather_pipeline_dag.py    572  0.01s             1           0  0.18s           2026-09-21T00:00:34                      12
================================================================================
[2026-09-21T00:01:35.294+0000] {manager.py:997} INFO - 
================================================================================
DAG File Processing Stats

File Path                                    PID  Runtime      # DAGs    # Errors  Last Runtime    Last Run               Last # of DB Queries
-----------------------------------------  -----  ---------  --------  ----------  --------------  -------------------  ----------------------
/opt/airflow/dags/weather_pipeline_dag.py    577  0.01s             1           0  0.15s           2026-09-21T00:01:05                      12
================================================================================
[2026-09-21T00:02:05.546+0000] {manager.py:997} INFO - 
================================================================================
DAG File Processing Stats

File Path                                    PID  Runtime      # DAGs    # Errors  Last Runtime    Last Run               Last # of DB Queries
-----------------------------------------  -----  ---------  --------  ----------  --------------  -------------------  ----------------------
/opt/airflow/dags/weather_pipeline_dag.py    582  0.01s             1           0  0.15s           2026-09-21T00:01:35                      12
================================================================================
[2026-09-21T00:02:35.831+0000] {manager.py:997} INFO - 
================================================================================
DAG File Processing Stats

File Path                                    PID  Runtime      # DAGs    # Errors  Last Runtime    Last Run               Last # of DB Queries
-----------------------------------------  -----  ---------  --------  ----------  --------------  -------------------  ----------------------
/opt/airflow/dags/weather_pipeline_dag.py    587  0.01s             1           0  0.14s           2026-09-21T00:02:05                      12
================================================================================
[2026-09-21T00:03:06.081+0000] {manager.py:997} INFO - 
================================================================================
DAG File Processing Stats

File Path                                    PID  Runtime      # DAGs    # Errors  Last Runtime    Last Run               Last # of DB Queries
-----------------------------------------  -----  ---------  --------  ----------  --------------  -------------------  ----------------------
/opt/airflow/dags/weather_pipeline_dag.py    592  0.01s             1           0  0.14s           2026-09-21T00:02:35                      12
================================================================================
[2026-09-21T00:03:36.366+0000] {manager.py:997} INFO - 
================================================================================
DAG File Processing Stats

File Path                                    PID  Runtime      # DAGs    # Errors  Last Runtime    Last Run               Last # of DB Queries
-----------------------------------------  -----  ---------  --------  ----------  --------------  -------------------  ----------------------
/opt/airflow/dags/weather_pipeline_dag.py    597  0.01s             1           0  0.20s           2026-09-21T00:03:06                      12
================================================================================
[2026-09-21T00:04:06.676+0000] {manager.py:997} INFO - 
================================================================================
DAG File Processing Stats

File Path                                    PID  Runtime      # DAGs    # Errors  Last Runtime    Last Run               Last # of DB Queries
-----------------------------------------  -----  ---------  --------  ----------  --------------  -------------------  ----------------------
/opt/airflow/dags/weather_pipeline_dag.py    602  0.01s             1           0  0.16s           2026-09-21T00:03:36                      12
================================================================================
[2026-09-21T00:04:36.915+0000] {manager.py:997} INFO - 
================================================================================
DAG File Processing Stats

File Path                                    PID  Runtime      # DAGs    # Errors  Last Runtime    Last Run               Last # of DB Queries
-----------------------------------------  -----  ---------  --------  ----------  --------------  -------------------  ----------------------
/opt/airflow/dags/weather_pipeline_dag.py    607  0.01s             1           0  0.16s           2026-09-21T00:04:06                      12
================================================================================
[2026-09-21T00:05:07.236+0000] {manager.py:997} INFO - 
================================================================================
DAG File Processing Stats

File Path                                    PID  Runtime      # DAGs    # Errors  Last Runtime    Last Run               Last # of DB Queries
-----------------------------------------  -----  ---------  --------  ----------  --------------  -------------------  ----------------------
/opt/airflow/dags/weather_pipeline_dag.py    612  0.01s             1           0  0.19s           2026-09-21T00:04:37                      12
================================================================================
[2026-09-21T00:05:19.367+0000] {manager.py:821} INFO - Searching for files in /opt/airflow/dags
[2026-09-21T00:05:19.369+0000] {manager.py:824} INFO - There are 1 files in /opt/airflow/dags
[2026-09-21T00:05:37.520+0000] {manager.py:997} INFO - 
================================================================================
DAG File Processing Stats

File Path                                    PID  Runtime      # DAGs    # Errors  Last Runtime    Last Run               Last # of DB Queries
-----------------------------------------  -----  ---------  --------  ----------  --------------  -------------------  ----------------------
/opt/airflow/dags/weather_pipeline_dag.py    617  0.01s             1           0  0.19s           2026-09-21T00:05:07                      12
================================================================================
[2026-09-21T00:06:07.811+0000] {manager.py:997} INFO - 
================================================================================
DAG File Processing Stats

File Path                                    PID  Runtime      # DAGs    # Errors  Last Runtime    Last Run               Last # of DB Queries
-----------------------------------------  -----  ---------  --------  ----------  --------------  -------------------  ----------------------
/opt/airflow/dags/weather_pipeline_dag.py    622  0.01s             1           0  0.16s           2026-09-21T00:05:37                      12
================================================================================
[2026-09-21T00:06:38.077+0000] {manager.py:997} INFO - 
================================================================================
DAG File Processing Stats

File Path                                    PID  Runtime      # DAGs    # Errors  Last Runtime    Last Run               Last # of DB Queries
-----------------------------------------  -----  ---------  --------  ----------  --------------  -------------------  ----------------------
/opt/airflow/dags/weather_pipeline_dag.py    627  0.01s             1           0  0.18s           2026-09-21T00:06:07                      12
================================================================================
[2026-09-21T00:07:08.389+0000] {manager.py:997} INFO - 
================================================================================
DAG File Processing Stats

File Path                                    PID  Runtime      # DAGs    # Errors  Last Runtime    Last Run               Last # of DB Queries
-----------------------------------------  -----  ---------  --------  ----------  --------------  -------------------  ----------------------
/opt/airflow/dags/weather_pipeline_dag.py    632  0.01s             1           0  0.15s           2026-09-21T00:06:38                      12
================================================================================
[2026-09-21T00:07:38.623+0000] {manager.py:997} INFO - 
================================================================================
DAG File Processing Stats

File Path                                    PID  Runtime      # DAGs    # Errors  Last Runtime    Last Run               Last # of DB Queries
-----------------------------------------  -----  ---------  --------  ----------  --------------  -------------------  ----------------------
/opt/airflow/dags/weather_pipeline_dag.py    637  0.01s             1           0  0.14s           2026-09-21T00:07:08                      12
================================================================================
[2026-09-21T00:08:08.903+0000] {manager.py:997} INFO - 
================================================================================
DAG File Processing Stats

File Path                                    PID  Runtime      # DAGs    # Errors  Last Runtime    Last Run               Last # of DB Queries
-----------------------------------------  -----  ---------  --------  ----------  --------------  -------------------  ----------------------
/opt/airflow/dags/weather_pipeline_dag.py    642  0.01s             1           0  0.16s           2026-09-21T00:07:38                      12
================================================================================
[2026-09-21T00:08:39.157+0000] {manager.py:997} INFO - 
================================================================================
DAG File Processing Stats

File Path                                    PID  Runtime      # DAGs    # Errors  Last Runtime    Last Run               Last # of DB Queries
-----------------------------------------  -----  ---------  --------  ----------  --------------  -------------------  ----------------------
/opt/airflow/dags/weather_pipeline_dag.py    647  0.01s             1           0  0.18s           2026-09-21T00:08:09                      12
================================================================================
[2026-09-21T00:09:09.484+0000] {manager.py:997} INFO - 
================================================================================
DAG File Processing Stats

File Path                                    PID  Runtime      # DAGs    # Errors  Last Runtime    Last Run               Last # of DB Queries
-----------------------------------------  -----  ---------  --------  ----------  --------------  -------------------  ----------------------
/opt/airflow/dags/weather_pipeline_dag.py    652  0.01s             1           0  0.16s           2026-09-21T00:08:39                      12
================================================================================
[2026-09-21T00:09:39.706+0000] {manager.py:997} INFO - 
================================================================================
DAG File Processing Stats

File Path                                    PID  Runtime      # DAGs    # Errors  Last Runtime    Last Run               Last # of DB Queries
-----------------------------------------  -----  ---------  --------  ----------  --------------  -------------------  ----------------------
/opt/airflow/dags/weather_pipeline_dag.py    657  0.01s             1           0  0.19s           2026-09-21T00:09:09                      12
================================================================================
[2026-09-21T00:10:10.069+0000] {manager.py:997} INFO - 
================================================================================
DAG File Processing Stats

File Path                                    PID  Runtime      # DAGs    # Errors  Last Runtime    Last Run               Last # of DB Queries
-----------------------------------------  -----  ---------  --------  ----------  --------------  -------------------  ----------------------
/opt/airflow/dags/weather_pipeline_dag.py    662  0.01s             1           0  0.19s           2026-09-21T00:09:39                      12
================================================================================
[2026-09-21T00:10:20.146+0000] {manager.py:821} INFO - Searching for files in /opt/airflow/dags
[2026-09-21T00:10:20.147+0000] {manager.py:824} INFO - There are 1 files in /opt/airflow/dags
[2026-09-21T00:10:40.321+0000] {manager.py:997} INFO - 
================================================================================
DAG File Processing Stats

File Path                                    PID  Runtime      # DAGs    # Errors  Last Runtime    Last Run               Last # of DB Queries
-----------------------------------------  -----  ---------  --------  ----------  --------------  -------------------  ----------------------
/opt/airflow/dags/weather_pipeline_dag.py    667  0.01s             1           0  0.14s           2026-09-21T00:10:10                      12
================================================================================
[2026-09-21T00:11:10.606+0000] {manager.py:997} INFO - 
================================================================================
DAG File Processing Stats

File Path                                    PID  Runtime      # DAGs    # Errors  Last Runtime    Last Run               Last # of DB Queries
-----------------------------------------  -----  ---------  --------  ----------  --------------  -------------------  ----------------------
/opt/airflow/dags/weather_pipeline_dag.py    672  0.01s             1           0  0.15s           2026-09-21T00:10:40                      12
================================================================================
[2026-09-21T00:11:40.875+0000] {manager.py:997} INFO - 
================================================================================
DAG File Processing Stats

File Path                                    PID  Runtime      # DAGs    # Errors  Last Runtime    Last Run               Last # of DB Queries
-----------------------------------------  -----  ---------  --------  ----------  --------------  -------------------  ----------------------
/opt/airflow/dags/weather_pipeline_dag.py    677  0.01s             1           0  0.19s           2026-09-21T00:11:10                      12
================================================================================
[2026-09-21T00:12:11.204+0000] {manager.py:997} INFO - 
================================================================================
DAG File Processing Stats

File Path                                    PID  Runtime      # DAGs    # Errors  Last Runtime    Last Run               Last # of DB Queries
-----------------------------------------  -----  ---------  --------  ----------  --------------  -------------------  ----------------------
/opt/airflow/dags/weather_pipeline_dag.py    682  0.01s             1           0  0.18s           2026-09-21T00:11:41                      12
================================================================================
[2026-09-21T00:12:41.461+0000] {manager.py:997} INFO - 
================================================================================
DAG File Processing Stats

File Path                                    PID  Runtime      # DAGs    # Errors  Last Runtime    Last Run               Last # of DB Queries
-----------------------------------------  -----  ---------  --------  ----------  --------------  -------------------  ----------------------
/opt/airflow/dags/weather_pipeline_dag.py    687  0.01s             1           0  0.17s           2026-09-21T00:12:11                      12
================================================================================
[2026-09-21T00:13:11.766+0000] {manager.py:997} INFO - 
================================================================================
DAG File Processing Stats

File Path                                    PID  Runtime      # DAGs    # Errors  Last Runtime    Last Run               Last # of DB Queries
-----------------------------------------  -----  ---------  --------  ----------  --------------  -------------------  ----------------------
/opt/airflow/dags/weather_pipeline_dag.py    692  0.01s             1           0  0.15s           2026-09-21T00:12:41                      12
================================================================================
[2026-09-21T00:13:41.992+0000] {manager.py:997} INFO - 
================================================================================
DAG File Processing Stats

File Path                                    PID  Runtime      # DAGs    # Errors  Last Runtime    Last Run               Last # of DB Queries
-----------------------------------------  -----  ---------  --------  ----------  --------------  -------------------  ----------------------
/opt/airflow/dags/weather_pipeline_dag.py    697  0.01s             1           0  0.15s           2026-09-21T00:13:11                      12
================================================================================
[2026-09-21T00:14:12.313+0000] {manager.py:997} INFO - 
================================================================================
DAG File Processing Stats

File Path                                    PID  Runtime      # DAGs    # Errors  Last Runtime    Last Run               Last # of DB Queries
-----------------------------------------  -----  ---------  --------  ----------  --------------  -------------------  ----------------------
/opt/airflow/dags/weather_pipeline_dag.py    702  0.01s             1           0  0.19s           2026-09-21T00:13:42                      12
================================================================================
[2026-09-21T00:14:42.578+0000] {manager.py:997} INFO - 
================================================================================
DAG File Processing Stats

File Path                                    PID  Runtime      # DAGs    # Errors  Last Runtime    Last Run               Last # of DB Queries
-----------------------------------------  -----  ---------  --------  ----------  --------------  -------------------  ----------------------
/opt/airflow/dags/weather_pipeline_dag.py    707  0.01s             1           0  0.18s           2026-09-21T00:14:12                      12
================================================================================
[2026-09-21T00:15:12.887+0000] {manager.py:997} INFO - 
================================================================================
DAG File Processing Stats

File Path                                    PID  Runtime      # DAGs    # Errors  Last Runtime    Last Run               Last # of DB Queries
-----------------------------------------  -----  ---------  --------  ----------  --------------  -------------------  ----------------------
/opt/airflow/dags/weather_pipeline_dag.py    712  0.01s             1           0  0.14s           2026-09-21T00:14:42                      12
================================================================================
[2026-09-21T00:15:20.948+0000] {manager.py:821} INFO - Searching for files in /opt/airflow/dags
[2026-09-21T00:15:20.949+0000] {manager.py:824} INFO - There are 1 files in /opt/airflow/dags
[2026-09-21T00:15:43.124+0000] {manager.py:997} INFO - 
================================================================================
DAG File Processing Stats

File Path                                    PID  Runtime      # DAGs    # Errors  Last Runtime    Last Run               Last # of DB Queries
-----------------------------------------  -----  ---------  --------  ----------  --------------  -------------------  ----------------------
/opt/airflow/dags/weather_pipeline_dag.py    717  0.01s             1           0  0.14s           2026-09-21T00:15:13                      12
================================================================================
[2026-09-21T00:16:13.389+0000] {manager.py:997} INFO - 
================================================================================
DAG File Processing Stats

File Path                                    PID  Runtime      # DAGs    # Errors  Last Runtime    Last Run               Last # of DB Queries
-----------------------------------------  -----  ---------  --------  ----------  --------------  -------------------  ----------------------
/opt/airflow/dags/weather_pipeline_dag.py    722  0.00s             1           0  0.14s           2026-09-21T00:15:43                      12
================================================================================
[2026-09-21T00:16:43.576+0000] {manager.py:997} INFO - 
================================================================================
DAG File Processing Stats

File Path                                    PID  Runtime      # DAGs    # Errors  Last Runtime    Last Run               Last # of DB Queries
-----------------------------------------  -----  ---------  --------  ----------  --------------  -------------------  ----------------------
/opt/airflow/dags/weather_pipeline_dag.py    727  0.01s             1           0  0.10s           2026-09-21T00:16:13                      12
================================================================================
[2026-09-21T00:17:13.798+0000] {manager.py:997} INFO - 
================================================================================
DAG File Processing Stats

File Path                                    PID  Runtime      # DAGs    # Errors  Last Runtime    Last Run               Last # of DB Queries
-----------------------------------------  -----  ---------  --------  ----------  --------------  -------------------  ----------------------
/opt/airflow/dags/weather_pipeline_dag.py    732  0.01s             1           0  0.14s           2026-09-21T00:16:43                      12
================================================================================
[2026-09-21T00:17:44.099+0000] {manager.py:997} INFO - 
================================================================================
DAG File Processing Stats

File Path                                    PID  Runtime      # DAGs    # Errors  Last Runtime    Last Run               Last # of DB Queries
-----------------------------------------  -----  ---------  --------  ----------  --------------  -------------------  ----------------------
/opt/airflow/dags/weather_pipeline_dag.py    737  0.01s             1           0  0.18s           2026-09-21T00:17:13                      12
================================================================================
[2026-09-21T00:18:14.374+0000] {manager.py:997} INFO - 
================================================================================
DAG File Processing Stats

File Path                                    PID  Runtime      # DAGs    # Errors  Last Runtime    Last Run               Last # of DB Queries
-----------------------------------------  -----  ---------  --------  ----------  --------------  -------------------  ----------------------
/opt/airflow/dags/weather_pipeline_dag.py    742  0.01s             1           0  0.13s           2026-09-21T00:17:44                      12
================================================================================
[2026-09-21T00:18:44.608+0000] {manager.py:997} INFO - 
================================================================================
DAG File Processing Stats

File Path                                    PID  Runtime      # DAGs    # Errors  Last Runtime    Last Run               Last # of DB Queries
-----------------------------------------  -----  ---------  --------  ----------  --------------  -------------------  ----------------------
/opt/airflow/dags/weather_pipeline_dag.py    747  0.01s             1           0  0.13s           2026-09-21T00:18:14                      12
================================================================================
[2026-09-21T00:19:14.906+0000] {manager.py:997} INFO - 
================================================================================
DAG File Processing Stats

File Path                                    PID  Runtime      # DAGs    # Errors  Last Runtime    Last Run               Last # of DB Queries
-----------------------------------------  -----  ---------  --------  ----------  --------------  -------------------  ----------------------
/opt/airflow/dags/weather_pipeline_dag.py    752  0.01s             1           0  0.16s           2026-09-21T00:18:44                      12
================================================================================
[2026-09-21T00:19:45.162+0000] {manager.py:997} INFO - 
================================================================================
DAG File Processing Stats

File Path                                    PID  Runtime      # DAGs    # Errors  Last Runtime    Last Run               Last # of DB Queries
-----------------------------------------  -----  ---------  --------  ----------  --------------  -------------------  ----------------------
/opt/airflow/dags/weather_pipeline_dag.py    757  0.01s             1           0  0.14s           2026-09-21T00:19:15                      12
================================================================================
[2026-09-21T00:20:15.445+0000] {manager.py:997} INFO - 
================================================================================
DAG File Processing Stats

File Path                                    PID  Runtime      # DAGs    # Errors  Last Runtime    Last Run               Last # of DB Queries
-----------------------------------------  -----  ---------  --------  ----------  --------------  -------------------  ----------------------
/opt/airflow/dags/weather_pipeline_dag.py    762  0.01s             1           0  0.14s           2026-09-21T00:19:45                      12
================================================================================
[2026-09-21T00:20:21.528+0000] {manager.py:821} INFO - Searching for files in /opt/airflow/dags
[2026-09-21T00:20:21.529+0000] {manager.py:824} INFO - There are 1 files in /opt/airflow/dags
[2026-09-21T00:20:45.736+0000] {manager.py:997} INFO - 
================================================================================
DAG File Processing Stats

File Path                                    PID  Runtime      # DAGs    # Errors  Last Runtime    Last Run               Last # of DB Queries
-----------------------------------------  -----  ---------  --------  ----------  --------------  -------------------  ----------------------
/opt/airflow/dags/weather_pipeline_dag.py    767  0.01s             1           0  0.15s           2026-09-21T00:20:15                      12
================================================================================
[2026-09-21T00:21:16.011+0000] {manager.py:997} INFO - 
================================================================================
DAG File Processing Stats

File Path                                    PID  Runtime      # DAGs    # Errors  Last Runtime    Last Run               Last # of DB Queries
-----------------------------------------  -----  ---------  --------  ----------  --------------  -------------------  ----------------------
/opt/airflow/dags/weather_pipeline_dag.py    772  0.01s             1           0  0.16s           2026-09-21T00:20:45                      12
================================================================================
[2026-09-21T00:21:46.324+0000] {manager.py:997} INFO - 
================================================================================
DAG File Processing Stats

File Path                                    PID  Runtime      # DAGs    # Errors  Last Runtime    Last Run               Last # of DB Queries
-----------------------------------------  -----  ---------  --------  ----------  --------------  -------------------  ----------------------
/opt/airflow/dags/weather_pipeline_dag.py    777  0.01s             1           0  0.17s           2026-09-21T00:21:16                      12
================================================================================
[2026-09-21T00:22:16.602+0000] {manager.py:997} INFO - 
================================================================================
DAG File Processing Stats

File Path                                    PID  Runtime      # DAGs    # Errors  Last Runtime    Last Run               Last # of DB Queries
-----------------------------------------  -----  ---------  --------  ----------  --------------  -------------------  ----------------------
/opt/airflow/dags/weather_pipeline_dag.py    782  0.01s             1           0  0.16s           2026-09-21T00:21:46                      12
================================================================================
[2026-09-21T00:22:46.904+0000] {manager.py:997} INFO - 
================================================================================
DAG File Processing Stats

File Path                                    PID  Runtime      # DAGs    # Errors  Last Runtime    Last Run               Last # of DB Queries
-----------------------------------------  -----  ---------  --------  ----------  --------------  -------------------  ----------------------
/opt/airflow/dags/weather_pipeline_dag.py    787  0.01s             1           0  0.18s           2026-09-21T00:22:16                      12
================================================================================
[2026-09-21T00:23:17.215+0000] {manager.py:997} INFO - 
================================================================================
DAG File Processing Stats

File Path                                    PID  Runtime      # DAGs    # Errors  Last Runtime    Last Run               Last # of DB Queries
-----------------------------------------  -----  ---------  --------  ----------  --------------  -------------------  ----------------------
/opt/airflow/dags/weather_pipeline_dag.py    792  0.01s             1           0  0.19s           2026-09-21T00:22:47                      12
================================================================================
[2026-09-21T00:23:47.520+0000] {manager.py:997} INFO - 
================================================================================
DAG File Processing Stats

File Path                                    PID  Runtime      # DAGs    # Errors  Last Runtime    Last Run               Last # of DB Queries
-----------------------------------------  -----  ---------  --------  ----------  --------------  -------------------  ----------------------
/opt/airflow/dags/weather_pipeline_dag.py    797  0.01s             1           0  0.17s           2026-09-21T00:23:17                      12
================================================================================
[2026-09-21T00:24:17.808+0000] {manager.py:997} INFO - 
================================================================================
DAG File Processing Stats

File Path                                    PID  Runtime      # DAGs    # Errors  Last Runtime    Last Run               Last # of DB Queries
-----------------------------------------  -----  ---------  --------  ----------  --------------  -------------------  ----------------------
/opt/airflow/dags/weather_pipeline_dag.py    802  0.01s             1           0  0.18s           2026-09-21T00:23:47                      12
================================================================================
[2026-09-21T00:24:48.128+0000] {manager.py:997} INFO - 
================================================================================
DAG File Processing Stats

File Path                                    PID  Runtime      # DAGs    # Errors  Last Runtime    Last Run               Last # of DB Queries
-----------------------------------------  -----  ---------  --------  ----------  --------------  -------------------  ----------------------
/opt/airflow/dags/weather_pipeline_dag.py    807  0.01s             1           0  0.18s           2026-09-21T00:24:17                      12
================================================================================
[2026-09-21T00:25:18.413+0000] {manager.py:997} INFO - 
================================================================================
DAG File Processing Stats

File Path                                    PID  Runtime      # DAGs    # Errors  Last Runtime    Last Run               Last # of DB Queries
-----------------------------------------  -----  ---------  --------  ----------  --------------  -------------------  ----------------------
/opt/airflow/dags/weather_pipeline_dag.py    812  0.01s             1           0  0.18s           2026-09-21T00:24:48                      12
================================================================================
[2026-09-21T00:25:21.594+0000] {manager.py:821} INFO - Searching for files in /opt/airflow/dags
[2026-09-21T00:25:21.595+0000] {manager.py:824} INFO - There are 1 files in /opt/airflow/dags
[2026-09-21T00:25:48.733+0000] {manager.py:997} INFO - 
================================================================================
DAG File Processing Stats

File Path                                    PID  Runtime      # DAGs    # Errors  Last Runtime    Last Run               Last # of DB Queries
-----------------------------------------  -----  ---------  --------  ----------  --------------  -------------------  ----------------------
/opt/airflow/dags/weather_pipeline_dag.py    817  0.01s             1           0  0.17s           2026-09-21T00:25:18                      12
================================================================================
[2026-09-21T00:26:18.983+0000] {manager.py:997} INFO - 
================================================================================
DAG File Processing Stats

File Path                                    PID  Runtime      # DAGs    # Errors  Last Runtime    Last Run               Last # of DB Queries
-----------------------------------------  -----  ---------  --------  ----------  --------------  -------------------  ----------------------
/opt/airflow/dags/weather_pipeline_dag.py    822  0.01s             1           0  0.18s           2026-09-21T00:25:48                      12
================================================================================
[2026-09-21T00:26:49.299+0000] {manager.py:997} INFO - 
================================================================================
DAG File Processing Stats

File Path                                    PID  Runtime      # DAGs    # Errors  Last Runtime    Last Run               Last # of DB Queries
-----------------------------------------  -----  ---------  --------  ----------  --------------  -------------------  ----------------------
/opt/airflow/dags/weather_pipeline_dag.py    827  0.01s             1           0  0.14s           2026-09-21T00:26:19                      12
================================================================================
[2026-09-21T00:27:19.535+0000] {manager.py:997} INFO - 
================================================================================
DAG File Processing Stats

File Path                                    PID  Runtime      # DAGs    # Errors  Last Runtime    Last Run               Last # of DB Queries
-----------------------------------------  -----  ---------  --------  ----------  --------------  -------------------  ----------------------
/opt/airflow/dags/weather_pipeline_dag.py    832  0.01s             1           0  0.16s           2026-09-21T00:26:49                      12
================================================================================
[2026-09-21T06:29:12.471+0000] {manager.py:821} INFO - Searching for files in /opt/airflow/dags
[2026-09-21T06:29:12.472+0000] {manager.py:824} INFO - There are 1 files in /opt/airflow/dags
[2026-09-21T06:29:31.628+0000] {manager.py:997} INFO - 
================================================================================
DAG File Processing Stats

File Path                                  PID    Runtime      # DAGs    # Errors  Last Runtime    Last Run               Last # of DB Queries
-----------------------------------------  -----  ---------  --------  ----------  --------------  -------------------  ----------------------
/opt/airflow/dags/weather_pipeline_dag.py                           1           0  0.14s           2026-09-21T06:29:12                      12
================================================================================
[2026-09-21T06:30:01.893+0000] {manager.py:997} INFO - 
================================================================================
DAG File Processing Stats

File Path                                  PID    Runtime      # DAGs    # Errors  Last Runtime    Last Run               Last # of DB Queries
-----------------------------------------  -----  ---------  --------  ----------  --------------  -------------------  ----------------------
/opt/airflow/dags/weather_pipeline_dag.py                           1           0  0.09s           2026-09-21T06:29:42                      12
================================================================================
[2026-09-21T06:30:32.082+0000] {manager.py:997} INFO - 
================================================================================
DAG File Processing Stats

File Path                                  PID    Runtime      # DAGs    # Errors  Last Runtime    Last Run               Last # of DB Queries
-----------------------------------------  -----  ---------  --------  ----------  --------------  -------------------  ----------------------
/opt/airflow/dags/weather_pipeline_dag.py                           1           0  0.10s           2026-09-21T06:30:13                      12
================================================================================
[2026-09-21T06:31:02.340+0000] {manager.py:997} INFO - 
================================================================================
DAG File Processing Stats

File Path                                  PID    Runtime      # DAGs    # Errors  Last Runtime    Last Run               Last # of DB Queries
-----------------------------------------  -----  ---------  --------  ----------  --------------  -------------------  ----------------------
/opt/airflow/dags/weather_pipeline_dag.py                           1           0  0.18s           2026-09-21T06:30:43                      12
================================================================================
[2026-09-21T06:31:32.586+0000] {manager.py:997} INFO - 
================================================================================
DAG File Processing Stats

File Path                                  PID    Runtime      # DAGs    # Errors  Last Runtime    Last Run               Last # of DB Queries
-----------------------------------------  -----  ---------  --------  ----------  --------------  -------------------  ----------------------
/opt/airflow/dags/weather_pipeline_dag.py                           1           0  0.10s           2026-09-21T06:31:13                      12
================================================================================
[2026-09-21T06:32:02.767+0000] {manager.py:997} INFO - 
================================================================================
DAG File Processing Stats

File Path                                  PID    Runtime      # DAGs    # Errors  Last Runtime    Last Run               Last # of DB Queries
-----------------------------------------  -----  ---------  --------  ----------  --------------  -------------------  ----------------------
/opt/airflow/dags/weather_pipeline_dag.py                           1           0  0.10s           2026-09-21T06:31:43                      12
================================================================================
[2026-09-21T06:32:33.012+0000] {manager.py:997} INFO - 
================================================================================
DAG File Processing Stats

File Path                                  PID    Runtime      # DAGs    # Errors  Last Runtime    Last Run               Last # of DB Queries
-----------------------------------------  -----  ---------  --------  ----------  --------------  -------------------  ----------------------
/opt/airflow/dags/weather_pipeline_dag.py                           1           0  0.09s           2026-09-21T06:32:13                      12
================================================================================
[2026-09-21T06:33:03.218+0000] {manager.py:997} INFO - 
================================================================================
DAG File Processing Stats

File Path                                  PID    Runtime      # DAGs    # Errors  Last Runtime    Last Run               Last # of DB Queries
-----------------------------------------  -----  ---------  --------  ----------  --------------  -------------------  ----------------------
/opt/airflow/dags/weather_pipeline_dag.py                           1           0  0.16s           2026-09-21T06:32:44                      12
================================================================================
[2026-09-21T06:33:33.534+0000] {manager.py:997} INFO - 
================================================================================
DAG File Processing Stats

File Path                                  PID    Runtime      # DAGs    # Errors  Last Runtime    Last Run               Last # of DB Queries
-----------------------------------------  -----  ---------  --------  ----------  --------------  -------------------  ----------------------
/opt/airflow/dags/weather_pipeline_dag.py                           1           0  0.15s           2026-09-21T06:33:14                      12
================================================================================
[2026-09-21T06:34:03.717+0000] {manager.py:997} INFO - 
================================================================================
DAG File Processing Stats

File Path                                  PID    Runtime      # DAGs    # Errors  Last Runtime    Last Run               Last # of DB Queries
-----------------------------------------  -----  ---------  --------  ----------  --------------  -------------------  ----------------------
/opt/airflow/dags/weather_pipeline_dag.py                           1           0  0.09s           2026-09-21T06:33:44                      12
================================================================================
[2026-09-21T06:34:12.775+0000] {manager.py:821} INFO - Searching for files in /opt/airflow/dags
[2026-09-21T06:34:12.777+0000] {manager.py:824} INFO - There are 1 files in /opt/airflow/dags
[2026-09-21T06:34:33.953+0000] {manager.py:997} INFO - 
================================================================================
DAG File Processing Stats

File Path                                  PID    Runtime      # DAGs    # Errors  Last Runtime    Last Run               Last # of DB Queries
-----------------------------------------  -----  ---------  --------  ----------  --------------  -------------------  ----------------------
/opt/airflow/dags/weather_pipeline_dag.py                           1           0  0.09s           2026-09-21T06:34:14                      12
================================================================================
[2026-09-21T06:35:04.185+0000] {manager.py:997} INFO - 
================================================================================
DAG File Processing Stats

File Path                                  PID    Runtime      # DAGs    # Errors  Last Runtime    Last Run               Last # of DB Queries
-----------------------------------------  -----  ---------  --------  ----------  --------------  -------------------  ----------------------
/opt/airflow/dags/weather_pipeline_dag.py                           1           0  0.15s           2026-09-21T06:34:45                      12
================================================================================
[2026-09-21T06:35:34.448+0000] {manager.py:997} INFO - 
================================================================================
DAG File Processing Stats

File Path                                  PID    Runtime      # DAGs    # Errors  Last Runtime    Last Run               Last # of DB Queries
-----------------------------------------  -----  ---------  --------  ----------  --------------  -------------------  ----------------------
/opt/airflow/dags/weather_pipeline_dag.py                           1           0  0.12s           2026-09-21T06:35:15                      12
================================================================================
[2026-09-21T06:36:04.613+0000] {manager.py:997} INFO - 
================================================================================
DAG File Processing Stats

File Path                                  PID    Runtime      # DAGs    # Errors  Last Runtime    Last Run               Last # of DB Queries
-----------------------------------------  -----  ---------  --------  ----------  --------------  -------------------  ----------------------
/opt/airflow/dags/weather_pipeline_dag.py                           1           0  0.14s           2026-09-21T06:35:45                      12
================================================================================
[2026-09-21T06:36:34.881+0000] {manager.py:997} INFO - 
================================================================================
DAG File Processing Stats

File Path                                  PID    Runtime      # DAGs    # Errors  Last Runtime    Last Run               Last # of DB Queries
-----------------------------------------  -----  ---------  --------  ----------  --------------  -------------------  ----------------------
/opt/airflow/dags/weather_pipeline_dag.py                           1           0  0.14s           2026-09-21T06:36:15                      12
================================================================================
[2026-09-21T06:37:05.070+0000] {manager.py:997} INFO - 
================================================================================
DAG File Processing Stats

File Path                                  PID    Runtime      # DAGs    # Errors  Last Runtime    Last Run               Last # of DB Queries
-----------------------------------------  -----  ---------  --------  ----------  --------------  -------------------  ----------------------
/opt/airflow/dags/weather_pipeline_dag.py                           1           0  0.10s           2026-09-21T06:36:46                      12
================================================================================
[2026-09-21T06:37:35.316+0000] {manager.py:997} INFO - 
================================================================================
DAG File Processing Stats

File Path                                  PID    Runtime      # DAGs    # Errors  Last Runtime    Last Run               Last # of DB Queries
-----------------------------------------  -----  ---------  --------  ----------  --------------  -------------------  ----------------------
/opt/airflow/dags/weather_pipeline_dag.py                           1           0  0.10s           2026-09-21T06:37:16                      12
================================================================================
[2026-09-21T06:38:05.510+0000] {manager.py:997} INFO - 
================================================================================
DAG File Processing Stats

File Path                                  PID    Runtime      # DAGs    # Errors  Last Runtime    Last Run               Last # of DB Queries
-----------------------------------------  -----  ---------  --------  ----------  --------------  -------------------  ----------------------
/opt/airflow/dags/weather_pipeline_dag.py                           1           0  0.16s           2026-09-21T06:37:46                      12
================================================================================
[2026-09-21T06:38:35.801+0000] {manager.py:997} INFO - 
================================================================================
DAG File Processing Stats

File Path                                  PID    Runtime      # DAGs    # Errors  Last Runtime    Last Run               Last # of DB Queries
-----------------------------------------  -----  ---------  --------  ----------  --------------  -------------------  ----------------------
/opt/airflow/dags/weather_pipeline_dag.py                           1           0  0.15s           2026-09-21T06:38:16                      12
================================================================================
[2026-09-21T06:39:05.994+0000] {manager.py:997} INFO - 
================================================================================
DAG File Processing Stats

File Path                                  PID    Runtime      # DAGs    # Errors  Last Runtime    Last Run               Last # of DB Queries
-----------------------------------------  -----  ---------  --------  ----------  --------------  -------------------  ----------------------
/opt/airflow/dags/weather_pipeline_dag.py                           1           0  0.16s           2026-09-21T06:38:47                      12
================================================================================
[2026-09-21T06:39:13.030+0000] {manager.py:821} INFO - Searching for files in /opt/airflow/dags
[2026-09-21T06:39:13.031+0000] {manager.py:824} INFO - There are 1 files in /opt/airflow/dags
[2026-09-21T06:39:36.290+0000] {manager.py:997} INFO - 
================================================================================
DAG File Processing Stats

File Path                                  PID    Runtime      # DAGs    # Errors  Last Runtime    Last Run               Last # of DB Queries
-----------------------------------------  -----  ---------  --------  ----------  --------------  -------------------  ----------------------
/opt/airflow/dags/weather_pipeline_dag.py                           1           0  0.14s           2026-09-21T06:39:17                      12
================================================================================
[2026-09-21T06:40:06.505+0000] {manager.py:997} INFO - 
================================================================================
DAG File Processing Stats

File Path                                  PID    Runtime      # DAGs    # Errors  Last Runtime    Last Run               Last # of DB Queries
-----------------------------------------  -----  ---------  --------  ----------  --------------  -------------------  ----------------------
/opt/airflow/dags/weather_pipeline_dag.py                           1           0  0.11s           2026-09-21T06:39:47                      12
================================================================================
[2026-09-21T06:40:36.772+0000] {manager.py:997} INFO - 
================================================================================
DAG File Processing Stats

File Path                                  PID    Runtime      # DAGs    # Errors  Last Runtime    Last Run               Last # of DB Queries
-----------------------------------------  -----  ---------  --------  ----------  --------------  -------------------  ----------------------
/opt/airflow/dags/weather_pipeline_dag.py                           1           0  0.14s           2026-09-21T06:40:17                      12
================================================================================
[2026-09-21T06:41:06.958+0000] {manager.py:997} INFO - 
================================================================================
DAG File Processing Stats

File Path                                  PID    Runtime      # DAGs    # Errors  Last Runtime    Last Run               Last # of DB Queries
-----------------------------------------  -----  ---------  --------  ----------  --------------  -------------------  ----------------------
/opt/airflow/dags/weather_pipeline_dag.py                           1           0  0.11s           2026-09-21T06:40:47                      12
================================================================================
[2026-09-21T06:41:37.193+0000] {manager.py:997} INFO - 
================================================================================
DAG File Processing Stats

File Path                                  PID    Runtime      # DAGs    # Errors  Last Runtime    Last Run               Last # of DB Queries
-----------------------------------------  -----  ---------  --------  ----------  --------------  -------------------  ----------------------
/opt/airflow/dags/weather_pipeline_dag.py                           1           0  0.11s           2026-09-21T06:41:18                      12
================================================================================
[2026-09-21T06:42:07.390+0000] {manager.py:997} INFO - 
================================================================================
DAG File Processing Stats

File Path                                  PID    Runtime      # DAGs    # Errors  Last Runtime    Last Run               Last # of DB Queries
-----------------------------------------  -----  ---------  --------  ----------  --------------  -------------------  ----------------------
/opt/airflow/dags/weather_pipeline_dag.py                           1           0  0.17s           2026-09-21T06:41:48                      12
================================================================================
[2026-09-21T06:42:37.555+0000] {manager.py:997} INFO - 
================================================================================
DAG File Processing Stats

File Path                                  PID    Runtime      # DAGs    # Errors  Last Runtime    Last Run               Last # of DB Queries
-----------------------------------------  -----  ---------  --------  ----------  --------------  -------------------  ----------------------
/opt/airflow/dags/weather_pipeline_dag.py                           1           0  0.10s           2026-09-21T06:42:18                      12
================================================================================
[2026-09-21T06:43:07.798+0000] {manager.py:997} INFO - 
================================================================================
DAG File Processing Stats

File Path                                  PID    Runtime      # DAGs    # Errors  Last Runtime    Last Run               Last # of DB Queries
-----------------------------------------  -----  ---------  --------  ----------  --------------  -------------------  ----------------------
/opt/airflow/dags/weather_pipeline_dag.py                           1           0  0.10s           2026-09-21T06:42:48                      12
================================================================================
[2026-09-21T06:43:37.986+0000] {manager.py:997} INFO - 
================================================================================
DAG File Processing Stats

File Path                                  PID    Runtime      # DAGs    # Errors  Last Runtime    Last Run               Last # of DB Queries
-----------------------------------------  -----  ---------  --------  ----------  --------------  -------------------  ----------------------
/opt/airflow/dags/weather_pipeline_dag.py                           1           0  0.14s           2026-09-21T06:43:19                      12
================================================================================
[2026-09-21T06:44:08.153+0000] {manager.py:997} INFO - 
================================================================================
DAG File Processing Stats

File Path                                  PID    Runtime      # DAGs    # Errors  Last Runtime    Last Run               Last # of DB Queries
-----------------------------------------  -----  ---------  --------  ----------  --------------  -------------------  ----------------------
/opt/airflow/dags/weather_pipeline_dag.py                           1           0  0.09s           2026-09-21T06:43:49                      12
================================================================================
[2026-09-21T06:44:13.179+0000] {manager.py:821} INFO - Searching for files in /opt/airflow/dags
[2026-09-21T06:44:13.179+0000] {manager.py:824} INFO - There are 1 files in /opt/airflow/dags
[2026-09-21T06:44:38.361+0000] {manager.py:997} INFO - 
================================================================================
DAG File Processing Stats

File Path                                  PID    Runtime      # DAGs    # Errors  Last Runtime    Last Run               Last # of DB Queries
-----------------------------------------  -----  ---------  --------  ----------  --------------  -------------------  ----------------------
/opt/airflow/dags/weather_pipeline_dag.py                           1           0  0.15s           2026-09-21T06:44:19                      12
================================================================================
[2026-09-21T06:45:08.608+0000] {manager.py:997} INFO - 
================================================================================
DAG File Processing Stats

File Path                                  PID    Runtime      # DAGs    # Errors  Last Runtime    Last Run               Last # of DB Queries
-----------------------------------------  -----  ---------  --------  ----------  --------------  -------------------  ----------------------
/opt/airflow/dags/weather_pipeline_dag.py                           1           0  0.10s           2026-09-21T06:44:49                      12
================================================================================
[2026-09-21T06:45:38.778+0000] {manager.py:997} INFO - 
================================================================================
DAG File Processing Stats

File Path                                  PID    Runtime      # DAGs    # Errors  Last Runtime    Last Run               Last # of DB Queries
-----------------------------------------  -----  ---------  --------  ----------  --------------  -------------------  ----------------------
/opt/airflow/dags/weather_pipeline_dag.py                           1           0  0.17s           2026-09-21T06:45:19                      12
================================================================================
[2026-09-21T06:46:09.110+0000] {manager.py:997} INFO - 
================================================================================
DAG File Processing Stats

File Path                                  PID    Runtime      # DAGs    # Errors  Last Runtime    Last Run               Last # of DB Queries
-----------------------------------------  -----  ---------  --------  ----------  --------------  -------------------  ----------------------
/opt/airflow/dags/weather_pipeline_dag.py                           1           0  0.18s           2026-09-21T06:45:50                      12
================================================================================
[2026-09-21T06:46:44.615+0000] {manager.py:997} INFO - 
================================================================================
DAG File Processing Stats

File Path                                  PID    Runtime      # DAGs    # Errors  Last Runtime    Last Run               Last # of DB Queries
-----------------------------------------  -----  ---------  --------  ----------  --------------  -------------------  ----------------------
/opt/airflow/dags/weather_pipeline_dag.py                           1           0  0.13s           2026-09-21T06:46:20                      12
================================================================================
[2026-09-21T06:47:14.875+0000] {manager.py:997} INFO - 
================================================================================
DAG File Processing Stats

File Path                                  PID    Runtime      # DAGs    # Errors  Last Runtime    Last Run               Last # of DB Queries
-----------------------------------------  -----  ---------  --------  ----------  --------------  -------------------  ----------------------
/opt/airflow/dags/weather_pipeline_dag.py                           1           0  0.13s           2026-09-21T06:46:50                      12
================================================================================
[2026-09-21T06:47:45.076+0000] {manager.py:997} INFO - 
================================================================================
DAG File Processing Stats

File Path                                  PID    Runtime      # DAGs    # Errors  Last Runtime    Last Run               Last # of DB Queries
-----------------------------------------  -----  ---------  --------  ----------  --------------  -------------------  ----------------------
/opt/airflow/dags/weather_pipeline_dag.py                           1           0  0.10s           2026-09-21T06:47:21                      12
================================================================================
[2026-09-21T06:48:15.283+0000] {manager.py:997} INFO - 
================================================================================
DAG File Processing Stats

File Path                                  PID    Runtime      # DAGs    # Errors  Last Runtime    Last Run               Last # of DB Queries
-----------------------------------------  -----  ---------  --------  ----------  --------------  -------------------  ----------------------
/opt/airflow/dags/weather_pipeline_dag.py                           1           0  0.16s           2026-09-21T06:47:51                      12
================================================================================
[2026-09-21T06:48:45.462+0000] {manager.py:997} INFO - 
================================================================================
DAG File Processing Stats

File Path                                  PID    Runtime      # DAGs    # Errors  Last Runtime    Last Run               Last # of DB Queries
-----------------------------------------  -----  ---------  --------  ----------  --------------  -------------------  ----------------------
/opt/airflow/dags/weather_pipeline_dag.py                           1           0  0.10s           2026-09-21T06:48:21                      12
================================================================================
[2026-09-21T06:49:13.664+0000] {manager.py:821} INFO - Searching for files in /opt/airflow/dags
[2026-09-21T06:49:13.665+0000] {manager.py:824} INFO - There are 1 files in /opt/airflow/dags
[2026-09-21T06:49:15.680+0000] {manager.py:997} INFO - 
================================================================================
DAG File Processing Stats

File Path                                  PID    Runtime      # DAGs    # Errors  Last Runtime    Last Run               Last # of DB Queries
-----------------------------------------  -----  ---------  --------  ----------  --------------  -------------------  ----------------------
/opt/airflow/dags/weather_pipeline_dag.py                           1           0  0.11s           2026-09-21T06:48:51                      12
================================================================================
[2026-09-21T06:49:45.866+0000] {manager.py:997} INFO - 
================================================================================
DAG File Processing Stats

File Path                                  PID    Runtime      # DAGs    # Errors  Last Runtime    Last Run               Last # of DB Queries
-----------------------------------------  -----  ---------  --------  ----------  --------------  -------------------  ----------------------
/opt/airflow/dags/weather_pipeline_dag.py                           1           0  0.12s           2026-09-21T06:49:21                      12
================================================================================
[2026-09-21T06:50:16.106+0000] {manager.py:997} INFO - 
================================================================================
DAG File Processing Stats

File Path                                  PID    Runtime      # DAGs    # Errors  Last Runtime    Last Run               Last # of DB Queries
-----------------------------------------  -----  ---------  --------  ----------  --------------  -------------------  ----------------------
/opt/airflow/dags/weather_pipeline_dag.py                           1           0  0.14s           2026-09-21T06:49:52                      12
================================================================================
[2026-09-21T06:50:46.321+0000] {manager.py:997} INFO - 
================================================================================
DAG File Processing Stats

File Path                                  PID    Runtime      # DAGs    # Errors  Last Runtime    Last Run               Last # of DB Queries
-----------------------------------------  -----  ---------  --------  ----------  --------------  -------------------  ----------------------
/opt/airflow/dags/weather_pipeline_dag.py                           1           0  0.10s           2026-09-21T06:50:22                      12
================================================================================
[2026-09-21T06:51:16.540+0000] {manager.py:997} INFO - 
================================================================================
DAG File Processing Stats

File Path                                  PID    Runtime      # DAGs    # Errors  Last Runtime    Last Run               Last # of DB Queries
-----------------------------------------  -----  ---------  --------  ----------  --------------  -------------------  ----------------------
/opt/airflow/dags/weather_pipeline_dag.py                           1           0  0.16s           2026-09-21T06:50:52                      12
================================================================================
[2026-09-21T06:51:46.709+0000] {manager.py:997} INFO - 
================================================================================
DAG File Processing Stats

File Path                                  PID    Runtime      # DAGs    # Errors  Last Runtime    Last Run               Last # of DB Queries
-----------------------------------------  -----  ---------  --------  ----------  --------------  -------------------  ----------------------
/opt/airflow/dags/weather_pipeline_dag.py                           1           0  0.09s           2026-09-21T06:51:22                      12
================================================================================
[2026-09-21T06:52:16.952+0000] {manager.py:997} INFO - 
================================================================================
DAG File Processing Stats

File Path                                  PID    Runtime      # DAGs    # Errors  Last Runtime    Last Run               Last # of DB Queries
-----------------------------------------  -----  ---------  --------  ----------  --------------  -------------------  ----------------------
/opt/airflow/dags/weather_pipeline_dag.py                           1           0  0.15s           2026-09-21T06:51:52                      12
================================================================================
[2026-09-21T06:52:47.216+0000] {manager.py:997} INFO - 
================================================================================
DAG File Processing Stats

File Path                                  PID    Runtime      # DAGs    # Errors  Last Runtime    Last Run               Last # of DB Queries
-----------------------------------------  -----  ---------  --------  ----------  --------------  -------------------  ----------------------
/opt/airflow/dags/weather_pipeline_dag.py                           1           0  0.17s           2026-09-21T06:52:23                      12
================================================================================
[2026-09-21T06:53:17.523+0000] {manager.py:997} INFO - 
================================================================================
DAG File Processing Stats

File Path                                  PID    Runtime      # DAGs    # Errors  Last Runtime    Last Run               Last # of DB Queries
-----------------------------------------  -----  ---------  --------  ----------  --------------  -------------------  ----------------------
/opt/airflow/dags/weather_pipeline_dag.py                           1           0  0.18s           2026-09-21T06:52:53                      12
================================================================================
[2026-09-21T06:53:47.784+0000] {manager.py:997} INFO - 
================================================================================
DAG File Processing Stats

File Path                                  PID    Runtime      # DAGs    # Errors  Last Runtime    Last Run               Last # of DB Queries
-----------------------------------------  -----  ---------  --------  ----------  --------------  -------------------  ----------------------
/opt/airflow/dags/weather_pipeline_dag.py                           1           0  0.10s           2026-09-21T06:53:23                      12
================================================================================
[2026-09-21T06:54:13.950+0000] {manager.py:821} INFO - Searching for files in /opt/airflow/dags
[2026-09-21T06:54:13.952+0000] {manager.py:824} INFO - There are 1 files in /opt/airflow/dags
[2026-09-21T06:54:17.998+0000] {manager.py:997} INFO - 
================================================================================
DAG File Processing Stats

File Path                                  PID    Runtime      # DAGs    # Errors  Last Runtime    Last Run               Last # of DB Queries
-----------------------------------------  -----  ---------  --------  ----------  --------------  -------------------  ----------------------
/opt/airflow/dags/weather_pipeline_dag.py                           1           0  0.16s           2026-09-21T06:53:53                      12
================================================================================
[2026-09-21T06:54:48.183+0000] {manager.py:997} INFO - 
================================================================================
DAG File Processing Stats

File Path                                  PID    Runtime      # DAGs    # Errors  Last Runtime    Last Run               Last # of DB Queries
-----------------------------------------  -----  ---------  --------  ----------  --------------  -------------------  ----------------------
/opt/airflow/dags/weather_pipeline_dag.py                           1           0  0.09s           2026-09-21T06:54:24                      12
================================================================================
[2026-09-21T06:55:18.418+0000] {manager.py:997} INFO - 
================================================================================
DAG File Processing Stats

File Path                                  PID    Runtime      # DAGs    # Errors  Last Runtime    Last Run               Last # of DB Queries
-----------------------------------------  -----  ---------  --------  ----------  --------------  -------------------  ----------------------
/opt/airflow/dags/weather_pipeline_dag.py                           1           0  0.18s           2026-09-21T06:54:54                      12
================================================================================
[2026-09-21T06:55:48.669+0000] {manager.py:997} INFO - 
================================================================================
DAG File Processing Stats

File Path                                  PID    Runtime      # DAGs    # Errors  Last Runtime    Last Run               Last # of DB Queries
-----------------------------------------  -----  ---------  --------  ----------  --------------  -------------------  ----------------------
/opt/airflow/dags/weather_pipeline_dag.py                           1           0  0.17s           2026-09-21T06:55:24                      33
================================================================================
[2026-09-21T06:56:18.860+0000] {manager.py:997} INFO - 
================================================================================
DAG File Processing Stats

File Path                                  PID    Runtime      # DAGs    # Errors  Last Runtime    Last Run               Last # of DB Queries
-----------------------------------------  -----  ---------  --------  ----------  --------------  -------------------  ----------------------
/opt/airflow/dags/weather_pipeline_dag.py                           1           0  0.14s           2026-09-21T06:55:54                      12
================================================================================
[2026-09-21T06:56:49.108+0000] {manager.py:997} INFO - 
================================================================================
DAG File Processing Stats

File Path                                  PID    Runtime      # DAGs    # Errors  Last Runtime    Last Run               Last # of DB Queries
-----------------------------------------  -----  ---------  --------  ----------  --------------  -------------------  ----------------------
/opt/airflow/dags/weather_pipeline_dag.py                           1           0  0.15s           2026-09-21T06:56:25                      12
================================================================================
[2026-09-21T06:57:19.366+0000] {manager.py:997} INFO - 
================================================================================
DAG File Processing Stats

File Path                                  PID    Runtime      # DAGs    # Errors  Last Runtime    Last Run               Last # of DB Queries
-----------------------------------------  -----  ---------  --------  ----------  --------------  -------------------  ----------------------
/opt/airflow/dags/weather_pipeline_dag.py                           1           0  0.14s           2026-09-21T06:56:55                      12
================================================================================
[2026-09-21T06:57:49.585+0000] {manager.py:997} INFO - 
================================================================================
DAG File Processing Stats

File Path                                  PID    Runtime      # DAGs    # Errors  Last Runtime    Last Run               Last # of DB Queries
-----------------------------------------  -----  ---------  --------  ----------  --------------  -------------------  ----------------------
/opt/airflow/dags/weather_pipeline_dag.py                           1           0  0.16s           2026-09-21T06:57:25                      12
================================================================================
[2026-09-21T06:58:19.842+0000] {manager.py:997} INFO - 
================================================================================
DAG File Processing Stats

File Path                                  PID    Runtime      # DAGs    # Errors  Last Runtime    Last Run               Last # of DB Queries
-----------------------------------------  -----  ---------  --------  ----------  --------------  -------------------  ----------------------
/opt/airflow/dags/weather_pipeline_dag.py                           1           0  0.13s           2026-09-21T06:57:55                      12
================================================================================
[2026-09-21T06:58:50.064+0000] {manager.py:997} INFO - 
================================================================================
DAG File Processing Stats

File Path                                  PID    Runtime      # DAGs    # Errors  Last Runtime    Last Run               Last # of DB Queries
-----------------------------------------  -----  ---------  --------  ----------  --------------  -------------------  ----------------------
/opt/airflow/dags/weather_pipeline_dag.py                           1           0  0.19s           2026-09-21T06:58:26                      12
================================================================================
[2026-09-21T06:59:14.210+0000] {manager.py:821} INFO - Searching for files in /opt/airflow/dags
[2026-09-21T06:59:14.211+0000] {manager.py:824} INFO - There are 1 files in /opt/airflow/dags
[2026-09-21T06:59:20.248+0000] {manager.py:997} INFO - 
================================================================================
DAG File Processing Stats

File Path                                  PID    Runtime      # DAGs    # Errors  Last Runtime    Last Run               Last # of DB Queries
-----------------------------------------  -----  ---------  --------  ----------  --------------  -------------------  ----------------------
/opt/airflow/dags/weather_pipeline_dag.py                           1           0  0.10s           2026-09-21T06:58:56                      12
================================================================================
[2026-09-21T06:59:50.473+0000] {manager.py:997} INFO - 
================================================================================
DAG File Processing Stats

File Path                                  PID    Runtime      # DAGs    # Errors  Last Runtime    Last Run               Last # of DB Queries
-----------------------------------------  -----  ---------  --------  ----------  --------------  -------------------  ----------------------
/opt/airflow/dags/weather_pipeline_dag.py                           1           0  0.10s           2026-09-21T06:59:26                      12
================================================================================
[2026-09-21T07:00:20.626+0000] {manager.py:997} INFO - 
================================================================================
DAG File Processing Stats

File Path                                  PID    Runtime      # DAGs    # Errors  Last Runtime    Last Run               Last # of DB Queries
-----------------------------------------  -----  ---------  --------  ----------  --------------  -------------------  ----------------------
/opt/airflow/dags/weather_pipeline_dag.py                           1           0  0.17s           2026-09-21T06:59:56                      12
================================================================================
[2026-09-21T07:00:50.965+0000] {manager.py:997} INFO - 
================================================================================
DAG File Processing Stats

File Path                                  PID    Runtime      # DAGs    # Errors  Last Runtime    Last Run               Last # of DB Queries
-----------------------------------------  -----  ---------  --------  ----------  --------------  -------------------  ----------------------
/opt/airflow/dags/weather_pipeline_dag.py                           1           0  0.13s           2026-09-21T07:00:26                      12
================================================================================
[2026-09-21T07:01:21.221+0000] {manager.py:997} INFO - 
================================================================================
DAG File Processing Stats

File Path                                  PID    Runtime      # DAGs    # Errors  Last Runtime    Last Run               Last # of DB Queries
-----------------------------------------  -----  ---------  --------  ----------  --------------  -------------------  ----------------------
/opt/airflow/dags/weather_pipeline_dag.py                           1           0  0.19s           2026-09-21T07:00:57                      12
================================================================================
[2026-09-21T07:01:51.486+0000] {manager.py:997} INFO - 
================================================================================
DAG File Processing Stats

File Path                                  PID    Runtime      # DAGs    # Errors  Last Runtime    Last Run               Last # of DB Queries
-----------------------------------------  -----  ---------  --------  ----------  --------------  -------------------  ----------------------
/opt/airflow/dags/weather_pipeline_dag.py                           1           0  0.13s           2026-09-21T07:01:27                      12
================================================================================
[2026-09-21T07:02:21.687+0000] {manager.py:997} INFO - 
================================================================================
DAG File Processing Stats

File Path                                  PID    Runtime      # DAGs    # Errors  Last Runtime    Last Run               Last # of DB Queries
-----------------------------------------  -----  ---------  --------  ----------  --------------  -------------------  ----------------------
/opt/airflow/dags/weather_pipeline_dag.py                           1           0  0.10s           2026-09-21T07:01:57                      12
================================================================================
[2026-09-21T07:02:51.876+0000] {manager.py:997} INFO - 
================================================================================
DAG File Processing Stats

File Path                                  PID    Runtime      # DAGs    # Errors  Last Runtime    Last Run               Last # of DB Queries
-----------------------------------------  -----  ---------  --------  ----------  --------------  -------------------  ----------------------
/opt/airflow/dags/weather_pipeline_dag.py                           1           0  0.14s           2026-09-21T07:02:27                      12
================================================================================
[2026-09-21T07:03:22.129+0000] {manager.py:997} INFO - 
================================================================================
DAG File Processing Stats

File Path                                  PID    Runtime      # DAGs    # Errors  Last Runtime    Last Run               Last # of DB Queries
-----------------------------------------  -----  ---------  --------  ----------  --------------  -------------------  ----------------------
/opt/airflow/dags/weather_pipeline_dag.py                           1           0  0.13s           2026-09-21T07:02:58                      12
================================================================================
[2026-09-21T07:03:52.320+0000] {manager.py:997} INFO - 
================================================================================
DAG File Processing Stats

File Path                                  PID    Runtime      # DAGs    # Errors  Last Runtime    Last Run               Last # of DB Queries
-----------------------------------------  -----  ---------  --------  ----------  --------------  -------------------  ----------------------
/opt/airflow/dags/weather_pipeline_dag.py                           1           0  0.09s           2026-09-21T07:03:28                      12
================================================================================
[2026-09-21T07:04:14.471+0000] {manager.py:821} INFO - Searching for files in /opt/airflow/dags
[2026-09-21T07:04:14.473+0000] {manager.py:824} INFO - There are 1 files in /opt/airflow/dags
[2026-09-21T07:04:22.536+0000] {manager.py:997} INFO - 
================================================================================
DAG File Processing Stats

File Path                                  PID    Runtime      # DAGs    # Errors  Last Runtime    Last Run               Last # of DB Queries
-----------------------------------------  -----  ---------  --------  ----------  --------------  -------------------  ----------------------
/opt/airflow/dags/weather_pipeline_dag.py                           1           0  0.10s           2026-09-21T07:03:58                      12
================================================================================
[2026-09-21T07:04:52.694+0000] {manager.py:997} INFO - 
================================================================================
DAG File Processing Stats

File Path                                  PID    Runtime      # DAGs    # Errors  Last Runtime    Last Run               Last # of DB Queries
-----------------------------------------  -----  ---------  --------  ----------  --------------  -------------------  ----------------------
/opt/airflow/dags/weather_pipeline_dag.py                           1           0  0.10s           2026-09-21T07:04:28                      12
================================================================================
[2026-09-21T07:05:22.898+0000] {manager.py:997} INFO - 
================================================================================
DAG File Processing Stats

File Path                                  PID    Runtime      # DAGs    # Errors  Last Runtime    Last Run               Last # of DB Queries
-----------------------------------------  -----  ---------  --------  ----------  --------------  -------------------  ----------------------
/opt/airflow/dags/weather_pipeline_dag.py                           1           0  0.09s           2026-09-21T07:04:58                      12
================================================================================
[2026-09-21T07:05:53.088+0000] {manager.py:997} INFO - 
================================================================================
DAG File Processing Stats

File Path                                  PID    Runtime      # DAGs    # Errors  Last Runtime    Last Run               Last # of DB Queries
-----------------------------------------  -----  ---------  --------  ----------  --------------  -------------------  ----------------------
/opt/airflow/dags/weather_pipeline_dag.py                           1           0  0.15s           2026-09-21T07:05:29                      12
================================================================================
[2026-09-21T07:06:23.340+0000] {manager.py:997} INFO - 
================================================================================
DAG File Processing Stats

File Path                                  PID    Runtime      # DAGs    # Errors  Last Runtime    Last Run               Last # of DB Queries
-----------------------------------------  -----  ---------  --------  ----------  --------------  -------------------  ----------------------
/opt/airflow/dags/weather_pipeline_dag.py                           1           0  0.17s           2026-09-21T07:05:59                      12
================================================================================
[2026-09-21T07:06:53.516+0000] {manager.py:997} INFO - 
================================================================================
DAG File Processing Stats

File Path                                  PID    Runtime      # DAGs    # Errors  Last Runtime    Last Run               Last # of DB Queries
-----------------------------------------  -----  ---------  --------  ----------  --------------  -------------------  ----------------------
/opt/airflow/dags/weather_pipeline_dag.py                           1           0  0.12s           2026-09-21T07:06:29                      12
================================================================================
[2026-09-21T07:07:23.728+0000] {manager.py:997} INFO - 
================================================================================
DAG File Processing Stats

File Path                                  PID    Runtime      # DAGs    # Errors  Last Runtime    Last Run               Last # of DB Queries
-----------------------------------------  -----  ---------  --------  ----------  --------------  -------------------  ----------------------
/opt/airflow/dags/weather_pipeline_dag.py                           1           0  0.18s           2026-09-21T07:06:59                      12
================================================================================
[2026-09-21T07:07:53.896+0000] {manager.py:997} INFO - 
================================================================================
DAG File Processing Stats

File Path                                  PID    Runtime      # DAGs    # Errors  Last Runtime    Last Run               Last # of DB Queries
-----------------------------------------  -----  ---------  --------  ----------  --------------  -------------------  ----------------------
/opt/airflow/dags/weather_pipeline_dag.py                           1           0  0.12s           2026-09-21T07:07:29                      12
================================================================================
[2026-09-21T07:08:24.129+0000] {manager.py:997} INFO - 
================================================================================
DAG File Processing Stats

File Path                                  PID    Runtime      # DAGs    # Errors  Last Runtime    Last Run               Last # of DB Queries
-----------------------------------------  -----  ---------  --------  ----------  --------------  -------------------  ----------------------
/opt/airflow/dags/weather_pipeline_dag.py                           1           0  0.14s           2026-09-21T07:08:00                      12
================================================================================
[2026-09-21T07:08:54.336+0000] {manager.py:997} INFO - 
================================================================================
DAG File Processing Stats

File Path                                  PID    Runtime      # DAGs    # Errors  Last Runtime    Last Run               Last # of DB Queries
-----------------------------------------  -----  ---------  --------  ----------  --------------  -------------------  ----------------------
/opt/airflow/dags/weather_pipeline_dag.py                           1           0  0.15s           2026-09-21T07:08:30                      12
================================================================================
[2026-09-21T07:09:14.515+0000] {manager.py:821} INFO - Searching for files in /opt/airflow/dags
[2026-09-21T07:09:14.516+0000] {manager.py:824} INFO - There are 1 files in /opt/airflow/dags
[2026-09-21T07:09:24.592+0000] {manager.py:997} INFO - 
================================================================================
DAG File Processing Stats

File Path                                  PID    Runtime      # DAGs    # Errors  Last Runtime    Last Run               Last # of DB Queries
-----------------------------------------  -----  ---------  --------  ----------  --------------  -------------------  ----------------------
/opt/airflow/dags/weather_pipeline_dag.py                           1           0  0.10s           2026-09-21T07:09:00                      12
================================================================================
[2026-09-21T07:09:54.770+0000] {manager.py:997} INFO - 
================================================================================
DAG File Processing Stats

File Path                                  PID    Runtime      # DAGs    # Errors  Last Runtime    Last Run               Last # of DB Queries
-----------------------------------------  -----  ---------  --------  ----------  --------------  -------------------  ----------------------
/opt/airflow/dags/weather_pipeline_dag.py                           1           0  0.14s           2026-09-21T07:09:30                      12
================================================================================
[2026-09-21T07:10:25.038+0000] {manager.py:997} INFO - 
================================================================================
DAG File Processing Stats

File Path                                  PID    Runtime      # DAGs    # Errors  Last Runtime    Last Run               Last # of DB Queries
-----------------------------------------  -----  ---------  --------  ----------  --------------  -------------------  ----------------------
/opt/airflow/dags/weather_pipeline_dag.py                           1           0  0.12s           2026-09-21T07:10:00                      12
================================================================================
[2026-09-21T07:10:55.243+0000] {manager.py:997} INFO - 
================================================================================
DAG File Processing Stats

File Path                                  PID    Runtime      # DAGs    # Errors  Last Runtime    Last Run               Last # of DB Queries
-----------------------------------------  -----  ---------  --------  ----------  --------------  -------------------  ----------------------
/opt/airflow/dags/weather_pipeline_dag.py                           1           0  0.17s           2026-09-21T07:10:31                      12
================================================================================
[2026-09-21T07:11:25.559+0000] {manager.py:997} INFO - 
================================================================================
DAG File Processing Stats

File Path                                  PID    Runtime      # DAGs    # Errors  Last Runtime    Last Run               Last # of DB Queries
-----------------------------------------  -----  ---------  --------  ----------  --------------  -------------------  ----------------------
/opt/airflow/dags/weather_pipeline_dag.py                           1           0  0.14s           2026-09-21T07:11:01                      12
================================================================================
[2026-09-21T07:11:55.778+0000] {manager.py:997} INFO - 
================================================================================
DAG File Processing Stats

File Path                                  PID    Runtime      # DAGs    # Errors  Last Runtime    Last Run               Last # of DB Queries
-----------------------------------------  -----  ---------  --------  ----------  --------------  -------------------  ----------------------
/opt/airflow/dags/weather_pipeline_dag.py                           1           0  0.11s           2026-09-21T07:11:31                      12
================================================================================
[2026-09-21T07:12:26.070+0000] {manager.py:997} INFO - 
================================================================================
DAG File Processing Stats

File Path                                  PID    Runtime      # DAGs    # Errors  Last Runtime    Last Run               Last # of DB Queries
-----------------------------------------  -----  ---------  --------  ----------  --------------  -------------------  ----------------------
/opt/airflow/dags/weather_pipeline_dag.py                           1           0  0.18s           2026-09-21T07:12:02                      12
================================================================================
[2026-09-21T07:12:56.371+0000] {manager.py:997} INFO - 
================================================================================
DAG File Processing Stats

File Path                                  PID    Runtime      # DAGs    # Errors  Last Runtime    Last Run               Last # of DB Queries
-----------------------------------------  -----  ---------  --------  ----------  --------------  -------------------  ----------------------
/opt/airflow/dags/weather_pipeline_dag.py                           1           0  0.14s           2026-09-21T07:12:32                      12
================================================================================
[2026-09-21T07:13:26.601+0000] {manager.py:997} INFO - 
================================================================================
DAG File Processing Stats

File Path                                  PID    Runtime      # DAGs    # Errors  Last Runtime    Last Run               Last # of DB Queries
-----------------------------------------  -----  ---------  --------  ----------  --------------  -------------------  ----------------------
/opt/airflow/dags/weather_pipeline_dag.py                           1           0  0.17s           2026-09-21T07:13:02                      12
================================================================================
[2026-09-21T07:13:56.944+0000] {manager.py:997} INFO - 
================================================================================
DAG File Processing Stats

File Path                                  PID    Runtime      # DAGs    # Errors  Last Runtime    Last Run               Last # of DB Queries
-----------------------------------------  -----  ---------  --------  ----------  --------------  -------------------  ----------------------
/opt/airflow/dags/weather_pipeline_dag.py                           1           0  0.15s           2026-09-21T07:13:32                      12
================================================================================
[2026-09-21T07:14:15.087+0000] {manager.py:821} INFO - Searching for files in /opt/airflow/dags
[2026-09-21T07:14:15.089+0000] {manager.py:824} INFO - There are 1 files in /opt/airflow/dags
[2026-09-21T07:14:27.195+0000] {manager.py:997} INFO - 
================================================================================
DAG File Processing Stats

File Path                                  PID    Runtime      # DAGs    # Errors  Last Runtime    Last Run               Last # of DB Queries
-----------------------------------------  -----  ---------  --------  ----------  --------------  -------------------  ----------------------
/opt/airflow/dags/weather_pipeline_dag.py                           1           0  0.17s           2026-09-21T07:14:03                      12
================================================================================
[2026-09-21T07:14:57.525+0000] {manager.py:997} INFO - 
================================================================================
DAG File Processing Stats

File Path                                  PID    Runtime      # DAGs    # Errors  Last Runtime    Last Run               Last # of DB Queries
-----------------------------------------  -----  ---------  --------  ----------  --------------  -------------------  ----------------------
/opt/airflow/dags/weather_pipeline_dag.py                           1           0  0.18s           2026-09-21T07:14:33                      12
================================================================================
[2026-09-21T07:15:27.788+0000] {manager.py:997} INFO - 
================================================================================
DAG File Processing Stats

File Path                                  PID    Runtime      # DAGs    # Errors  Last Runtime    Last Run               Last # of DB Queries
-----------------------------------------  -----  ---------  --------  ----------  --------------  -------------------  ----------------------
/opt/airflow/dags/weather_pipeline_dag.py                           1           0  0.17s           2026-09-21T07:15:03                      12
================================================================================
[2026-09-21T07:15:58.108+0000] {manager.py:997} INFO - 
================================================================================
DAG File Processing Stats

File Path                                  PID    Runtime      # DAGs    # Errors  Last Runtime    Last Run               Last # of DB Queries
-----------------------------------------  -----  ---------  --------  ----------  --------------  -------------------  ----------------------
/opt/airflow/dags/weather_pipeline_dag.py                           1           0  0.20s           2026-09-21T07:15:34                      12
================================================================================
[2026-09-21T07:16:28.419+0000] {manager.py:997} INFO - 
================================================================================
DAG File Processing Stats

File Path                                  PID    Runtime      # DAGs    # Errors  Last Runtime    Last Run               Last # of DB Queries
-----------------------------------------  -----  ---------  --------  ----------  --------------  -------------------  ----------------------
/opt/airflow/dags/weather_pipeline_dag.py                           1           0  0.14s           2026-09-21T07:16:04                      12
================================================================================
[2026-09-21T07:16:58.658+0000] {manager.py:997} INFO - 
================================================================================
DAG File Processing Stats

File Path                                  PID    Runtime      # DAGs    # Errors  Last Runtime    Last Run               Last # of DB Queries
-----------------------------------------  -----  ---------  --------  ----------  --------------  -------------------  ----------------------
/opt/airflow/dags/weather_pipeline_dag.py                           1           0  0.11s           2026-09-21T07:16:34                      12
================================================================================
[2026-09-21T07:17:28.918+0000] {manager.py:997} INFO - 
================================================================================
DAG File Processing Stats

File Path                                  PID    Runtime      # DAGs    # Errors  Last Runtime    Last Run               Last # of DB Queries
-----------------------------------------  -----  ---------  --------  ----------  --------------  -------------------  ----------------------
/opt/airflow/dags/weather_pipeline_dag.py                           1           0  0.14s           2026-09-21T07:17:04                      12
================================================================================
[2026-09-21T07:17:59.195+0000] {manager.py:997} INFO - 
================================================================================
DAG File Processing Stats

File Path                                  PID    Runtime      # DAGs    # Errors  Last Runtime    Last Run               Last # of DB Queries
-----------------------------------------  -----  ---------  --------  ----------  --------------  -------------------  ----------------------
/opt/airflow/dags/weather_pipeline_dag.py                           1           0  0.17s           2026-09-21T07:17:35                      12
================================================================================
[2026-09-21T07:18:29.507+0000] {manager.py:997} INFO - 
================================================================================
DAG File Processing Stats

File Path                                  PID    Runtime      # DAGs    # Errors  Last Runtime    Last Run               Last # of DB Queries
-----------------------------------------  -----  ---------  --------  ----------  --------------  -------------------  ----------------------
/opt/airflow/dags/weather_pipeline_dag.py                           1           0  0.14s           2026-09-21T07:18:05                      12
================================================================================
[2026-09-21T07:18:59.733+0000] {manager.py:997} INFO - 
================================================================================
DAG File Processing Stats

File Path                                  PID    Runtime      # DAGs    # Errors  Last Runtime    Last Run               Last # of DB Queries
-----------------------------------------  -----  ---------  --------  ----------  --------------  -------------------  ----------------------
/opt/airflow/dags/weather_pipeline_dag.py                           1           0  0.17s           2026-09-21T07:18:35                      12
================================================================================
[2026-09-21T07:19:15.848+0000] {manager.py:821} INFO - Searching for files in /opt/airflow/dags
[2026-09-21T07:19:15.850+0000] {manager.py:824} INFO - There are 1 files in /opt/airflow/dags
[2026-09-21T07:19:29.963+0000] {manager.py:997} INFO - 
================================================================================
DAG File Processing Stats

File Path                                  PID    Runtime      # DAGs    # Errors  Last Runtime    Last Run               Last # of DB Queries
-----------------------------------------  -----  ---------  --------  ----------  --------------  -------------------  ----------------------
/opt/airflow/dags/weather_pipeline_dag.py                           1           0  0.13s           2026-09-21T07:19:05                      12
================================================================================
[2026-09-21T07:20:00.273+0000] {manager.py:997} INFO - 
================================================================================
DAG File Processing Stats

File Path                                  PID    Runtime      # DAGs    # Errors  Last Runtime    Last Run               Last # of DB Queries
-----------------------------------------  -----  ---------  --------  ----------  --------------  -------------------  ----------------------
/opt/airflow/dags/weather_pipeline_dag.py                           1           0  0.19s           2026-09-21T07:19:36                      12
================================================================================
[2026-09-21T07:20:30.588+0000] {manager.py:997} INFO - 
================================================================================
DAG File Processing Stats

File Path                                  PID    Runtime      # DAGs    # Errors  Last Runtime    Last Run               Last # of DB Queries
-----------------------------------------  -----  ---------  --------  ----------  --------------  -------------------  ----------------------
/opt/airflow/dags/weather_pipeline_dag.py                           1           0  0.14s           2026-09-21T07:20:06                      12
================================================================================
[2026-09-21T07:21:00.823+0000] {manager.py:997} INFO - 
================================================================================
DAG File Processing Stats

File Path                                  PID    Runtime      # DAGs    # Errors  Last Runtime    Last Run               Last # of DB Queries
-----------------------------------------  -----  ---------  --------  ----------  --------------  -------------------  ----------------------
/opt/airflow/dags/weather_pipeline_dag.py                           1           0  0.15s           2026-09-21T07:20:36                      12
================================================================================
[2026-09-21T07:21:31.138+0000] {manager.py:997} INFO - 
================================================================================
DAG File Processing Stats

File Path                                  PID    Runtime      # DAGs    # Errors  Last Runtime    Last Run               Last # of DB Queries
-----------------------------------------  -----  ---------  --------  ----------  --------------  -------------------  ----------------------
/opt/airflow/dags/weather_pipeline_dag.py                           1           0  0.15s           2026-09-21T07:21:07                      12
================================================================================
[2026-09-21T07:22:01.392+0000] {manager.py:997} INFO - 
================================================================================
DAG File Processing Stats

File Path                                  PID    Runtime      # DAGs    # Errors  Last Runtime    Last Run               Last # of DB Queries
-----------------------------------------  -----  ---------  --------  ----------  --------------  -------------------  ----------------------
/opt/airflow/dags/weather_pipeline_dag.py                           1           0  0.16s           2026-09-21T07:21:37                      12
================================================================================
[2026-09-21T07:22:31.721+0000] {manager.py:997} INFO - 
================================================================================
DAG File Processing Stats

File Path                                  PID    Runtime      # DAGs    # Errors  Last Runtime    Last Run               Last # of DB Queries
-----------------------------------------  -----  ---------  --------  ----------  --------------  -------------------  ----------------------
/opt/airflow/dags/weather_pipeline_dag.py                           1           0  0.14s           2026-09-21T07:22:07                      12
================================================================================
[2026-09-21T07:23:01.973+0000] {manager.py:997} INFO - 
================================================================================
DAG File Processing Stats

File Path                                  PID    Runtime      # DAGs    # Errors  Last Runtime    Last Run               Last # of DB Queries
-----------------------------------------  -----  ---------  --------  ----------  --------------  -------------------  ----------------------
/opt/airflow/dags/weather_pipeline_dag.py                           1           0  0.19s           2026-09-21T07:22:37                      12
================================================================================
[2026-09-21T07:23:32.200+0000] {manager.py:997} INFO - 
================================================================================
DAG File Processing Stats

File Path                                  PID    Runtime      # DAGs    # Errors  Last Runtime    Last Run               Last # of DB Queries
-----------------------------------------  -----  ---------  --------  ----------  --------------  -------------------  ----------------------
/opt/airflow/dags/weather_pipeline_dag.py                           1           0  0.14s           2026-09-21T07:23:08                      12
================================================================================
[2026-09-21T07:24:02.513+0000] {manager.py:997} INFO - 
================================================================================
DAG File Processing Stats

File Path                                  PID    Runtime      # DAGs    # Errors  Last Runtime    Last Run               Last # of DB Queries
-----------------------------------------  -----  ---------  --------  ----------  --------------  -------------------  ----------------------
/opt/airflow/dags/weather_pipeline_dag.py                           1           0  0.16s           2026-09-21T07:23:38                      12
================================================================================
[2026-09-21T07:24:16.646+0000] {manager.py:821} INFO - Searching for files in /opt/airflow/dags
[2026-09-21T07:24:16.648+0000] {manager.py:824} INFO - There are 1 files in /opt/airflow/dags
[2026-09-21T07:24:32.787+0000] {manager.py:997} INFO - 
================================================================================
DAG File Processing Stats

File Path                                  PID    Runtime      # DAGs    # Errors  Last Runtime    Last Run               Last # of DB Queries
-----------------------------------------  -----  ---------  --------  ----------  --------------  -------------------  ----------------------
/opt/airflow/dags/weather_pipeline_dag.py                           1           0  0.14s           2026-09-21T07:24:08                      12
================================================================================
[2026-09-21T07:25:03.059+0000] {manager.py:997} INFO - 
================================================================================
DAG File Processing Stats

File Path                                  PID    Runtime      # DAGs    # Errors  Last Runtime    Last Run               Last # of DB Queries
-----------------------------------------  -----  ---------  --------  ----------  --------------  -------------------  ----------------------
/opt/airflow/dags/weather_pipeline_dag.py                           1           0  0.15s           2026-09-21T07:24:38                      12
================================================================================
[2026-09-21T07:25:33.345+0000] {manager.py:997} INFO - 
================================================================================
DAG File Processing Stats

File Path                                  PID    Runtime      # DAGs    # Errors  Last Runtime    Last Run               Last # of DB Queries
-----------------------------------------  -----  ---------  --------  ----------  --------------  -------------------  ----------------------
/opt/airflow/dags/weather_pipeline_dag.py                           1           0  0.14s           2026-09-21T07:25:09                      12
================================================================================
[2026-09-21T07:26:03.614+0000] {manager.py:997} INFO - 
================================================================================
DAG File Processing Stats

File Path                                  PID    Runtime      # DAGs    # Errors  Last Runtime    Last Run               Last # of DB Queries
-----------------------------------------  -----  ---------  --------  ----------  --------------  -------------------  ----------------------
/opt/airflow/dags/weather_pipeline_dag.py                           1           0  0.19s           2026-09-21T07:25:39                      12
================================================================================
[2026-09-21T07:26:33.954+0000] {manager.py:997} INFO - 
================================================================================
DAG File Processing Stats

File Path                                  PID    Runtime      # DAGs    # Errors  Last Runtime    Last Run               Last # of DB Queries
-----------------------------------------  -----  ---------  --------  ----------  --------------  -------------------  ----------------------
/opt/airflow/dags/weather_pipeline_dag.py                           1           0  0.14s           2026-09-21T07:26:09                      12
================================================================================
[2026-09-21T08:56:24.503+0000] {manager.py:821} INFO - Searching for files in /opt/airflow/dags
[2026-09-21T08:56:24.505+0000] {manager.py:824} INFO - There are 1 files in /opt/airflow/dags
[2026-09-21T08:56:49.724+0000] {manager.py:997} INFO - 
================================================================================
DAG File Processing Stats

File Path                                  PID    Runtime      # DAGs    # Errors  Last Runtime    Last Run               Last # of DB Queries
-----------------------------------------  -----  ---------  --------  ----------  --------------  -------------------  ----------------------
/opt/airflow/dags/weather_pipeline_dag.py                           1           0  0.15s           2026-09-21T08:56:24                      12
================================================================================
[2026-09-21T08:59:53.684+0000] {manager.py:997} INFO - 
================================================================================
DAG File Processing Stats

File Path                                  PID    Runtime      # DAGs    # Errors  Last Runtime    Last Run               Last # of DB Queries
-----------------------------------------  -----  ---------  --------  ----------  --------------  -------------------  ----------------------
/opt/airflow/dags/weather_pipeline_dag.py                           1           0  0.13s           2026-09-21T08:59:29                      12
================================================================================
[2026-09-21T09:00:23.964+0000] {manager.py:997} INFO - 
================================================================================
DAG File Processing Stats

File Path                                  PID    Runtime      # DAGs    # Errors  Last Runtime    Last Run               Last # of DB Queries
-----------------------------------------  -----  ---------  --------  ----------  --------------  -------------------  ----------------------
/opt/airflow/dags/weather_pipeline_dag.py                           1           0  0.10s           2026-09-21T08:59:59                      12
================================================================================
[2026-09-21T09:00:54.164+0000] {manager.py:997} INFO - 
================================================================================
DAG File Processing Stats

File Path                                  PID    Runtime      # DAGs    # Errors  Last Runtime    Last Run               Last # of DB Queries
-----------------------------------------  -----  ---------  --------  ----------  --------------  -------------------  ----------------------
/opt/airflow/dags/weather_pipeline_dag.py                           1           0  0.11s           2026-09-21T09:00:30                      12
================================================================================
[2026-09-21T09:01:24.441+0000] {manager.py:997} INFO - 
================================================================================
DAG File Processing Stats

File Path                                  PID    Runtime      # DAGs    # Errors  Last Runtime    Last Run               Last # of DB Queries
-----------------------------------------  -----  ---------  --------  ----------  --------------  -------------------  ----------------------
/opt/airflow/dags/weather_pipeline_dag.py                           1           0  0.09s           2026-09-21T09:01:00                      12
================================================================================
[2026-09-21T09:01:25.444+0000] {manager.py:821} INFO - Searching for files in /opt/airflow/dags
[2026-09-21T09:01:25.445+0000] {manager.py:824} INFO - There are 1 files in /opt/airflow/dags
[2026-09-21T09:01:54.651+0000] {manager.py:997} INFO - 
================================================================================
DAG File Processing Stats

File Path                                  PID    Runtime      # DAGs    # Errors  Last Runtime    Last Run               Last # of DB Queries
-----------------------------------------  -----  ---------  --------  ----------  --------------  -------------------  ----------------------
/opt/airflow/dags/weather_pipeline_dag.py                           1           0  0.10s           2026-09-21T09:01:30                      12
================================================================================
[2026-09-21T09:02:24.910+0000] {manager.py:997} INFO - 
================================================================================
DAG File Processing Stats

File Path                                  PID    Runtime      # DAGs    # Errors  Last Runtime    Last Run               Last # of DB Queries
-----------------------------------------  -----  ---------  --------  ----------  --------------  -------------------  ----------------------
/opt/airflow/dags/weather_pipeline_dag.py                           1           0  0.09s           2026-09-21T09:02:00                      12
================================================================================
[2026-09-21T09:02:55.135+0000] {manager.py:997} INFO - 
================================================================================
DAG File Processing Stats

File Path                                  PID    Runtime      # DAGs    # Errors  Last Runtime    Last Run               Last # of DB Queries
-----------------------------------------  -----  ---------  --------  ----------  --------------  -------------------  ----------------------
/opt/airflow/dags/weather_pipeline_dag.py                           1           0  0.09s           2026-09-21T09:02:31                      12
================================================================================
[2026-09-21T09:03:25.362+0000] {manager.py:997} INFO - 
================================================================================
DAG File Processing Stats

File Path                                  PID    Runtime      # DAGs    # Errors  Last Runtime    Last Run               Last # of DB Queries
-----------------------------------------  -----  ---------  --------  ----------  --------------  -------------------  ----------------------
/opt/airflow/dags/weather_pipeline_dag.py                           1           0  0.09s           2026-09-21T09:03:01                      12
================================================================================
[2026-09-21T09:03:55.578+0000] {manager.py:997} INFO - 
================================================================================
DAG File Processing Stats

File Path                                  PID    Runtime      # DAGs    # Errors  Last Runtime    Last Run               Last # of DB Queries
-----------------------------------------  -----  ---------  --------  ----------  --------------  -------------------  ----------------------
/opt/airflow/dags/weather_pipeline_dag.py                           1           0  0.10s           2026-09-21T09:03:31                      12
================================================================================
[2026-09-21T09:04:25.831+0000] {manager.py:997} INFO - 
================================================================================
DAG File Processing Stats

File Path                                  PID    Runtime      # DAGs    # Errors  Last Runtime    Last Run               Last # of DB Queries
-----------------------------------------  -----  ---------  --------  ----------  --------------  -------------------  ----------------------
/opt/airflow/dags/weather_pipeline_dag.py                           1           0  0.08s           2026-09-21T09:04:01                      12
================================================================================
[2026-09-21T09:04:56.028+0000] {manager.py:997} INFO - 
================================================================================
DAG File Processing Stats

File Path                                  PID    Runtime      # DAGs    # Errors  Last Runtime    Last Run               Last # of DB Queries
-----------------------------------------  -----  ---------  --------  ----------  --------------  -------------------  ----------------------
/opt/airflow/dags/weather_pipeline_dag.py                           1           0  0.11s           2026-09-21T09:04:31                      12
================================================================================
[2026-09-21T09:05:26.291+0000] {manager.py:997} INFO - 
================================================================================
DAG File Processing Stats

File Path                                  PID    Runtime      # DAGs    # Errors  Last Runtime    Last Run               Last # of DB Queries
-----------------------------------------  -----  ---------  --------  ----------  --------------  -------------------  ----------------------
/opt/airflow/dags/weather_pipeline_dag.py                           1           0  0.13s           2026-09-21T09:05:02                      12
================================================================================
[2026-09-21T09:05:56.556+0000] {manager.py:997} INFO - 
================================================================================
DAG File Processing Stats

File Path                                  PID    Runtime      # DAGs    # Errors  Last Runtime    Last Run               Last # of DB Queries
-----------------------------------------  -----  ---------  --------  ----------  --------------  -------------------  ----------------------
/opt/airflow/dags/weather_pipeline_dag.py                           1           0  0.09s           2026-09-21T09:05:32                      12
================================================================================
[2026-09-21T09:06:25.786+0000] {manager.py:821} INFO - Searching for files in /opt/airflow/dags
[2026-09-21T09:06:25.787+0000] {manager.py:824} INFO - There are 1 files in /opt/airflow/dags
[2026-09-21T09:06:26.806+0000] {manager.py:997} INFO - 
================================================================================
DAG File Processing Stats

File Path                                  PID    Runtime      # DAGs    # Errors  Last Runtime    Last Run               Last # of DB Queries
-----------------------------------------  -----  ---------  --------  ----------  --------------  -------------------  ----------------------
/opt/airflow/dags/weather_pipeline_dag.py                           1           0  0.09s           2026-09-21T09:06:02                      12
================================================================================
[2026-09-21T09:06:57.023+0000] {manager.py:997} INFO - 
================================================================================
DAG File Processing Stats

File Path                                  PID    Runtime      # DAGs    # Errors  Last Runtime    Last Run               Last # of DB Queries
-----------------------------------------  -----  ---------  --------  ----------  --------------  -------------------  ----------------------
/opt/airflow/dags/weather_pipeline_dag.py                           1           0  0.09s           2026-09-21T09:06:32                      12
================================================================================
[2026-09-21T09:07:27.278+0000] {manager.py:997} INFO - 
================================================================================
DAG File Processing Stats

File Path                                  PID    Runtime      # DAGs    # Errors  Last Runtime    Last Run               Last # of DB Queries
-----------------------------------------  -----  ---------  --------  ----------  --------------  -------------------  ----------------------
/opt/airflow/dags/weather_pipeline_dag.py                           1           0  0.10s           2026-09-21T09:07:03                      12
================================================================================
[2026-09-21T09:07:57.514+0000] {manager.py:997} INFO - 
================================================================================
DAG File Processing Stats

File Path                                  PID    Runtime      # DAGs    # Errors  Last Runtime    Last Run               Last # of DB Queries
-----------------------------------------  -----  ---------  --------  ----------  --------------  -------------------  ----------------------
/opt/airflow/dags/weather_pipeline_dag.py                           1           0  0.11s           2026-09-21T09:07:33                      12
================================================================================
[2026-09-21T09:08:27.744+0000] {manager.py:997} INFO - 
================================================================================
DAG File Processing Stats

File Path                                  PID    Runtime      # DAGs    # Errors  Last Runtime    Last Run               Last # of DB Queries
-----------------------------------------  -----  ---------  --------  ----------  --------------  -------------------  ----------------------
/opt/airflow/dags/weather_pipeline_dag.py                           1           0  0.10s           2026-09-21T09:08:03                      12
================================================================================
[2026-09-21T09:08:57.971+0000] {manager.py:997} INFO - 
================================================================================
DAG File Processing Stats

File Path                                  PID    Runtime      # DAGs    # Errors  Last Runtime    Last Run               Last # of DB Queries
-----------------------------------------  -----  ---------  --------  ----------  --------------  -------------------  ----------------------
/opt/airflow/dags/weather_pipeline_dag.py                           1           0  0.09s           2026-09-21T09:08:33                      12
================================================================================
[2026-09-21T09:09:28.212+0000] {manager.py:997} INFO - 
================================================================================
DAG File Processing Stats

File Path                                  PID    Runtime      # DAGs    # Errors  Last Runtime    Last Run               Last # of DB Queries
-----------------------------------------  -----  ---------  --------  ----------  --------------  -------------------  ----------------------
/opt/airflow/dags/weather_pipeline_dag.py                           1           0  0.10s           2026-09-21T09:09:04                      12
================================================================================
[2026-09-21T09:09:58.449+0000] {manager.py:997} INFO - 
================================================================================
DAG File Processing Stats

File Path                                  PID    Runtime      # DAGs    # Errors  Last Runtime    Last Run               Last # of DB Queries
-----------------------------------------  -----  ---------  --------  ----------  --------------  -------------------  ----------------------
/opt/airflow/dags/weather_pipeline_dag.py                           1           0  0.10s           2026-09-21T09:09:34                      12
================================================================================
[2026-09-21T09:10:28.690+0000] {manager.py:997} INFO - 
================================================================================
DAG File Processing Stats

File Path                                  PID    Runtime      # DAGs    # Errors  Last Runtime    Last Run               Last # of DB Queries
-----------------------------------------  -----  ---------  --------  ----------  --------------  -------------------  ----------------------
/opt/airflow/dags/weather_pipeline_dag.py                           1           0  0.10s           2026-09-21T09:10:04                      12
================================================================================
[2026-09-21T09:10:58.941+0000] {manager.py:997} INFO - 
================================================================================
DAG File Processing Stats

File Path                                  PID    Runtime      # DAGs    # Errors  Last Runtime    Last Run               Last # of DB Queries
-----------------------------------------  -----  ---------  --------  ----------  --------------  -------------------  ----------------------
/opt/airflow/dags/weather_pipeline_dag.py                           1           0  0.09s           2026-09-21T09:10:34                      12
================================================================================
[2026-09-21T09:11:26.148+0000] {manager.py:821} INFO - Searching for files in /opt/airflow/dags
[2026-09-21T09:11:26.150+0000] {manager.py:824} INFO - There are 1 files in /opt/airflow/dags
[2026-09-21T09:11:29.181+0000] {manager.py:997} INFO - 
================================================================================
DAG File Processing Stats

File Path                                  PID    Runtime      # DAGs    # Errors  Last Runtime    Last Run               Last # of DB Queries
-----------------------------------------  -----  ---------  --------  ----------  --------------  -------------------  ----------------------
/opt/airflow/dags/weather_pipeline_dag.py                           1           0  0.11s           2026-09-21T09:11:05                      12
================================================================================
[2026-09-21T09:11:59.415+0000] {manager.py:997} INFO - 
================================================================================
DAG File Processing Stats

File Path                                  PID    Runtime      # DAGs    # Errors  Last Runtime    Last Run               Last # of DB Queries
-----------------------------------------  -----  ---------  --------  ----------  --------------  -------------------  ----------------------
/opt/airflow/dags/weather_pipeline_dag.py                           1           0  0.09s           2026-09-21T09:11:35                      12
================================================================================
[2026-09-21T09:12:29.623+0000] {manager.py:997} INFO - 
================================================================================
DAG File Processing Stats

File Path                                  PID    Runtime      # DAGs    # Errors  Last Runtime    Last Run               Last # of DB Queries
-----------------------------------------  -----  ---------  --------  ----------  --------------  -------------------  ----------------------
/opt/airflow/dags/weather_pipeline_dag.py                           1           0  0.10s           2026-09-21T09:12:05                      12
================================================================================
[2026-09-21T09:12:59.885+0000] {manager.py:997} INFO - 
================================================================================
DAG File Processing Stats

File Path                                  PID    Runtime      # DAGs    # Errors  Last Runtime    Last Run               Last # of DB Queries
-----------------------------------------  -----  ---------  --------  ----------  --------------  -------------------  ----------------------
/opt/airflow/dags/weather_pipeline_dag.py                           1           0  0.10s           2026-09-21T09:12:35                      12
================================================================================
[2026-09-21T09:13:30.110+0000] {manager.py:997} INFO - 
================================================================================
DAG File Processing Stats

File Path                                  PID    Runtime      # DAGs    # Errors  Last Runtime    Last Run               Last # of DB Queries
-----------------------------------------  -----  ---------  --------  ----------  --------------  -------------------  ----------------------
/opt/airflow/dags/weather_pipeline_dag.py                           1           0  0.10s           2026-09-21T09:13:06                      12
================================================================================
[2026-09-21T09:14:00.346+0000] {manager.py:997} INFO - 
================================================================================
DAG File Processing Stats

File Path                                  PID    Runtime      # DAGs    # Errors  Last Runtime    Last Run               Last # of DB Queries
-----------------------------------------  -----  ---------  --------  ----------  --------------  -------------------  ----------------------
/opt/airflow/dags/weather_pipeline_dag.py                           1           0  0.11s           2026-09-21T09:13:36                      12
================================================================================
[2026-09-21T09:14:30.570+0000] {manager.py:997} INFO - 
================================================================================
DAG File Processing Stats

File Path                                  PID    Runtime      # DAGs    # Errors  Last Runtime    Last Run               Last # of DB Queries
-----------------------------------------  -----  ---------  --------  ----------  --------------  -------------------  ----------------------
/opt/airflow/dags/weather_pipeline_dag.py                           1           0  0.11s           2026-09-21T09:14:06                      12
================================================================================
[2026-09-21T09:15:00.817+0000] {manager.py:997} INFO - 
================================================================================
DAG File Processing Stats

File Path                                  PID    Runtime      # DAGs    # Errors  Last Runtime    Last Run               Last # of DB Queries
-----------------------------------------  -----  ---------  --------  ----------  --------------  -------------------  ----------------------
/opt/airflow/dags/weather_pipeline_dag.py                           1           0  0.09s           2026-09-21T09:14:36                      12
================================================================================
[2026-09-21T09:15:31.034+0000] {manager.py:997} INFO - 
================================================================================
DAG File Processing Stats

File Path                                  PID    Runtime      # DAGs    # Errors  Last Runtime    Last Run               Last # of DB Queries
-----------------------------------------  -----  ---------  --------  ----------  --------------  -------------------  ----------------------
/opt/airflow/dags/weather_pipeline_dag.py                           1           0  0.10s           2026-09-21T09:15:06                      12
================================================================================
[2026-09-21T09:16:01.308+0000] {manager.py:997} INFO - 
================================================================================
DAG File Processing Stats

File Path                                  PID    Runtime      # DAGs    # Errors  Last Runtime    Last Run               Last # of DB Queries
-----------------------------------------  -----  ---------  --------  ----------  --------------  -------------------  ----------------------
/opt/airflow/dags/weather_pipeline_dag.py                           1           0  0.09s           2026-09-21T09:15:37                      12
================================================================================
[2026-09-21T09:16:26.496+0000] {manager.py:821} INFO - Searching for files in /opt/airflow/dags
[2026-09-21T09:16:26.498+0000] {manager.py:824} INFO - There are 1 files in /opt/airflow/dags
[2026-09-21T09:16:31.537+0000] {manager.py:997} INFO - 
================================================================================
DAG File Processing Stats

File Path                                  PID    Runtime      # DAGs    # Errors  Last Runtime    Last Run               Last # of DB Queries
-----------------------------------------  -----  ---------  --------  ----------  --------------  -------------------  ----------------------
/opt/airflow/dags/weather_pipeline_dag.py                           1           0  0.09s           2026-09-21T09:16:07                      12
================================================================================
[2026-09-21T09:17:01.796+0000] {manager.py:997} INFO - 
================================================================================
DAG File Processing Stats

File Path                                  PID    Runtime      # DAGs    # Errors  Last Runtime    Last Run               Last # of DB Queries
-----------------------------------------  -----  ---------  --------  ----------  --------------  -------------------  ----------------------
/opt/airflow/dags/weather_pipeline_dag.py                           1           0  0.10s           2026-09-21T09:16:37                      12
================================================================================
[2026-09-21T09:17:32.028+0000] {manager.py:997} INFO - 
================================================================================
DAG File Processing Stats

File Path                                  PID    Runtime      # DAGs    # Errors  Last Runtime    Last Run               Last # of DB Queries
-----------------------------------------  -----  ---------  --------  ----------  --------------  -------------------  ----------------------
/opt/airflow/dags/weather_pipeline_dag.py                           1           0  0.09s           2026-09-21T09:17:07                      12
================================================================================
[2026-09-21T09:18:02.277+0000] {manager.py:997} INFO - 
================================================================================
DAG File Processing Stats

File Path                                  PID    Runtime      # DAGs    # Errors  Last Runtime    Last Run               Last # of DB Queries
-----------------------------------------  -----  ---------  --------  ----------  --------------  -------------------  ----------------------
/opt/airflow/dags/weather_pipeline_dag.py                           1           0  0.19s           2026-09-21T09:17:38                      12
================================================================================
[2026-09-21T09:18:32.606+0000] {manager.py:997} INFO - 
================================================================================
DAG File Processing Stats

File Path                                  PID    Runtime      # DAGs    # Errors  Last Runtime    Last Run               Last # of DB Queries
-----------------------------------------  -----  ---------  --------  ----------  --------------  -------------------  ----------------------
/opt/airflow/dags/weather_pipeline_dag.py                           1           0  0.16s           2026-09-21T09:18:08                      12
================================================================================
[2026-09-21T09:19:02.838+0000] {manager.py:997} INFO - 
================================================================================
DAG File Processing Stats

File Path                                  PID    Runtime      # DAGs    # Errors  Last Runtime    Last Run               Last # of DB Queries
-----------------------------------------  -----  ---------  --------  ----------  --------------  -------------------  ----------------------
/opt/airflow/dags/weather_pipeline_dag.py                           1           0  0.15s           2026-09-21T09:18:38                      12
================================================================================
[2026-09-21T09:19:33.144+0000] {manager.py:997} INFO - 
================================================================================
DAG File Processing Stats

File Path                                  PID    Runtime      # DAGs    # Errors  Last Runtime    Last Run               Last # of DB Queries
-----------------------------------------  -----  ---------  --------  ----------  --------------  -------------------  ----------------------
/opt/airflow/dags/weather_pipeline_dag.py                           1           0  0.14s           2026-09-21T09:19:09                      12
================================================================================
[2026-09-21T09:20:03.363+0000] {manager.py:997} INFO - 
================================================================================
DAG File Processing Stats

File Path                                  PID    Runtime      # DAGs    # Errors  Last Runtime    Last Run               Last # of DB Queries
-----------------------------------------  -----  ---------  --------  ----------  --------------  -------------------  ----------------------
/opt/airflow/dags/weather_pipeline_dag.py                           1           0  0.15s           2026-09-21T09:19:39                      12
================================================================================
[2026-09-21T09:20:33.683+0000] {manager.py:997} INFO - 
================================================================================
DAG File Processing Stats

File Path                                  PID    Runtime      # DAGs    # Errors  Last Runtime    Last Run               Last # of DB Queries
-----------------------------------------  -----  ---------  --------  ----------  --------------  -------------------  ----------------------
/opt/airflow/dags/weather_pipeline_dag.py                           1           0  0.14s           2026-09-21T09:20:09                      12
================================================================================
[2026-09-21T09:21:03.906+0000] {manager.py:997} INFO - 
================================================================================
DAG File Processing Stats

File Path                                  PID    Runtime      # DAGs    # Errors  Last Runtime    Last Run               Last # of DB Queries
-----------------------------------------  -----  ---------  --------  ----------  --------------  -------------------  ----------------------
/opt/airflow/dags/weather_pipeline_dag.py                           1           0  0.16s           2026-09-21T09:20:39                      12
================================================================================
[2026-09-21T09:21:27.177+0000] {manager.py:821} INFO - Searching for files in /opt/airflow/dags
[2026-09-21T09:21:27.179+0000] {manager.py:824} INFO - There are 1 files in /opt/airflow/dags
[2026-09-21T09:21:34.237+0000] {manager.py:997} INFO - 
================================================================================
DAG File Processing Stats

File Path                                  PID    Runtime      # DAGs    # Errors  Last Runtime    Last Run               Last # of DB Queries
-----------------------------------------  -----  ---------  --------  ----------  --------------  -------------------  ----------------------
/opt/airflow/dags/weather_pipeline_dag.py                           1           0  0.14s           2026-09-21T09:21:10                      12
================================================================================
[2026-09-21T09:22:04.460+0000] {manager.py:997} INFO - 
================================================================================
DAG File Processing Stats

File Path                                  PID    Runtime      # DAGs    # Errors  Last Runtime    Last Run               Last # of DB Queries
-----------------------------------------  -----  ---------  --------  ----------  --------------  -------------------  ----------------------
/opt/airflow/dags/weather_pipeline_dag.py                           1           0  0.19s           2026-09-21T09:21:40                      12
================================================================================
[2026-09-21T09:22:34.673+0000] {manager.py:997} INFO - 
================================================================================
DAG File Processing Stats

File Path                                  PID    Runtime      # DAGs    # Errors  Last Runtime    Last Run               Last # of DB Queries
-----------------------------------------  -----  ---------  --------  ----------  --------------  -------------------  ----------------------
/opt/airflow/dags/weather_pipeline_dag.py                           1           0  0.14s           2026-09-21T09:22:10                      12
================================================================================
[2026-09-21T09:23:05.018+0000] {manager.py:997} INFO - 
================================================================================
DAG File Processing Stats

File Path                                  PID    Runtime      # DAGs    # Errors  Last Runtime    Last Run               Last # of DB Queries
-----------------------------------------  -----  ---------  --------  ----------  --------------  -------------------  ----------------------
/opt/airflow/dags/weather_pipeline_dag.py                           1           0  0.20s           2026-09-21T09:22:40                      12
================================================================================
[2026-09-21T09:23:35.267+0000] {manager.py:997} INFO - 
================================================================================
DAG File Processing Stats

File Path                                  PID    Runtime      # DAGs    # Errors  Last Runtime    Last Run               Last # of DB Queries
-----------------------------------------  -----  ---------  --------  ----------  --------------  -------------------  ----------------------
/opt/airflow/dags/weather_pipeline_dag.py                           1           0  0.16s           2026-09-21T09:23:11                      12
================================================================================
[2026-09-21T09:24:05.559+0000] {manager.py:997} INFO - 
================================================================================
DAG File Processing Stats

File Path                                  PID    Runtime      # DAGs    # Errors  Last Runtime    Last Run               Last # of DB Queries
-----------------------------------------  -----  ---------  --------  ----------  --------------  -------------------  ----------------------
/opt/airflow/dags/weather_pipeline_dag.py                           1           0  0.15s           2026-09-21T09:23:41                      12
================================================================================
[2026-09-21T09:24:35.793+0000] {manager.py:997} INFO - 
================================================================================
DAG File Processing Stats

File Path                                  PID    Runtime      # DAGs    # Errors  Last Runtime    Last Run               Last # of DB Queries
-----------------------------------------  -----  ---------  --------  ----------  --------------  -------------------  ----------------------
/opt/airflow/dags/weather_pipeline_dag.py                           1           0  0.15s           2026-09-21T09:24:11                      12
================================================================================
[2026-09-21T09:25:06.093+0000] {manager.py:997} INFO - 
================================================================================
DAG File Processing Stats

File Path                                  PID    Runtime      # DAGs    # Errors  Last Runtime    Last Run               Last # of DB Queries
-----------------------------------------  -----  ---------  --------  ----------  --------------  -------------------  ----------------------
/opt/airflow/dags/weather_pipeline_dag.py                           1           0  0.15s           2026-09-21T09:24:41                      12
================================================================================
[2026-09-21T09:25:36.332+0000] {manager.py:997} INFO - 
================================================================================
DAG File Processing Stats

File Path                                  PID    Runtime      # DAGs    # Errors  Last Runtime    Last Run               Last # of DB Queries
-----------------------------------------  -----  ---------  --------  ----------  --------------  -------------------  ----------------------
/opt/airflow/dags/weather_pipeline_dag.py                           1           0  0.16s           2026-09-21T09:25:12                      12
================================================================================
[2026-09-21T09:26:06.659+0000] {manager.py:997} INFO - 
================================================================================
DAG File Processing Stats

File Path                                  PID    Runtime      # DAGs    # Errors  Last Runtime    Last Run               Last # of DB Queries
-----------------------------------------  -----  ---------  --------  ----------  --------------  -------------------  ----------------------
/opt/airflow/dags/weather_pipeline_dag.py                           1           0  0.16s           2026-09-21T09:25:42                      12
================================================================================
[2026-09-21T09:26:27.841+0000] {manager.py:821} INFO - Searching for files in /opt/airflow/dags
[2026-09-21T09:26:27.843+0000] {manager.py:824} INFO - There are 1 files in /opt/airflow/dags
[2026-09-21T09:26:36.917+0000] {manager.py:997} INFO - 
================================================================================
DAG File Processing Stats

File Path                                  PID    Runtime      # DAGs    # Errors  Last Runtime    Last Run               Last # of DB Queries
-----------------------------------------  -----  ---------  --------  ----------  --------------  -------------------  ----------------------
/opt/airflow/dags/weather_pipeline_dag.py                           1           0  0.14s           2026-09-21T09:26:12                      12
================================================================================
[2026-09-21T09:27:07.187+0000] {manager.py:997} INFO - 
================================================================================
DAG File Processing Stats

File Path                                  PID    Runtime      # DAGs    # Errors  Last Runtime    Last Run               Last # of DB Queries
-----------------------------------------  -----  ---------  --------  ----------  --------------  -------------------  ----------------------
/opt/airflow/dags/weather_pipeline_dag.py                           1           0  0.17s           2026-09-21T09:26:43                      12
================================================================================
[2026-09-21T09:27:37.456+0000] {manager.py:997} INFO - 
================================================================================
DAG File Processing Stats

File Path                                  PID    Runtime      # DAGs    # Errors  Last Runtime    Last Run               Last # of DB Queries
-----------------------------------------  -----  ---------  --------  ----------  --------------  -------------------  ----------------------
/opt/airflow/dags/weather_pipeline_dag.py                           1           0  0.13s           2026-09-21T09:27:13                      12
================================================================================
[2026-09-21T09:28:07.715+0000] {manager.py:997} INFO - 
================================================================================
DAG File Processing Stats

File Path                                  PID    Runtime      # DAGs    # Errors  Last Runtime    Last Run               Last # of DB Queries
-----------------------------------------  -----  ---------  --------  ----------  --------------  -------------------  ----------------------
/opt/airflow/dags/weather_pipeline_dag.py                           1           0  0.16s           2026-09-21T09:27:43                      12
================================================================================
[2026-09-21T09:28:38.017+0000] {manager.py:997} INFO - 
================================================================================
DAG File Processing Stats

File Path                                  PID    Runtime      # DAGs    # Errors  Last Runtime    Last Run               Last # of DB Queries
-----------------------------------------  -----  ---------  --------  ----------  --------------  -------------------  ----------------------
/opt/airflow/dags/weather_pipeline_dag.py                           1           0  0.18s           2026-09-21T09:28:13                      12
================================================================================
[2026-09-21T09:29:08.286+0000] {manager.py:997} INFO - 
================================================================================
DAG File Processing Stats

File Path                                  PID    Runtime      # DAGs    # Errors  Last Runtime    Last Run               Last # of DB Queries
-----------------------------------------  -----  ---------  --------  ----------  --------------  -------------------  ----------------------
/opt/airflow/dags/weather_pipeline_dag.py                           1           0  0.13s           2026-09-21T09:28:44                      12
================================================================================
[2026-09-21T09:29:38.564+0000] {manager.py:997} INFO - 
================================================================================
DAG File Processing Stats

File Path                                  PID    Runtime      # DAGs    # Errors  Last Runtime    Last Run               Last # of DB Queries
-----------------------------------------  -----  ---------  --------  ----------  --------------  -------------------  ----------------------
/opt/airflow/dags/weather_pipeline_dag.py                           1           0  0.18s           2026-09-21T09:29:14                      12
================================================================================
[2026-09-21T09:30:08.881+0000] {manager.py:997} INFO - 
================================================================================
DAG File Processing Stats

File Path                                  PID    Runtime      # DAGs    # Errors  Last Runtime    Last Run               Last # of DB Queries
-----------------------------------------  -----  ---------  --------  ----------  --------------  -------------------  ----------------------
/opt/airflow/dags/weather_pipeline_dag.py                           1           0  0.17s           2026-09-21T09:29:44                      12
================================================================================
[2026-09-21T09:30:39.126+0000] {manager.py:997} INFO - 
================================================================================
DAG File Processing Stats

File Path                                  PID    Runtime      # DAGs    # Errors  Last Runtime    Last Run               Last # of DB Queries
-----------------------------------------  -----  ---------  --------  ----------  --------------  -------------------  ----------------------
/opt/airflow/dags/weather_pipeline_dag.py                           1           0  0.14s           2026-09-21T09:30:15                      12
================================================================================
[2026-09-21T09:31:09.428+0000] {manager.py:997} INFO - 
================================================================================
DAG File Processing Stats

File Path                                  PID    Runtime      # DAGs    # Errors  Last Runtime    Last Run               Last # of DB Queries
-----------------------------------------  -----  ---------  --------  ----------  --------------  -------------------  ----------------------
/opt/airflow/dags/weather_pipeline_dag.py                           1           0  0.17s           2026-09-21T09:30:45                      12
================================================================================
[2026-09-21T09:31:28.645+0000] {manager.py:821} INFO - Searching for files in /opt/airflow/dags
[2026-09-21T09:31:28.647+0000] {manager.py:824} INFO - There are 1 files in /opt/airflow/dags
[2026-09-21T09:31:39.747+0000] {manager.py:997} INFO - 
================================================================================
DAG File Processing Stats

File Path                                  PID    Runtime      # DAGs    # Errors  Last Runtime    Last Run               Last # of DB Queries
-----------------------------------------  -----  ---------  --------  ----------  --------------  -------------------  ----------------------
/opt/airflow/dags/weather_pipeline_dag.py                           1           0  0.14s           2026-09-21T09:31:15                      12
================================================================================
[2026-09-21T09:32:09.991+0000] {manager.py:997} INFO - 
================================================================================
DAG File Processing Stats

File Path                                  PID    Runtime      # DAGs    # Errors  Last Runtime    Last Run               Last # of DB Queries
-----------------------------------------  -----  ---------  --------  ----------  --------------  -------------------  ----------------------
/opt/airflow/dags/weather_pipeline_dag.py                           1           0  0.18s           2026-09-21T09:31:45                      12
================================================================================
[2026-09-21T09:32:40.339+0000] {manager.py:997} INFO - 
================================================================================
DAG File Processing Stats

File Path                                  PID    Runtime      # DAGs    # Errors  Last Runtime    Last Run               Last # of DB Queries
-----------------------------------------  -----  ---------  --------  ----------  --------------  -------------------  ----------------------
/opt/airflow/dags/weather_pipeline_dag.py                           1           0  0.18s           2026-09-21T09:32:16                      12
================================================================================
[2026-09-21T09:33:10.549+0000] {manager.py:997} INFO - 
================================================================================
DAG File Processing Stats

File Path                                  PID    Runtime      # DAGs    # Errors  Last Runtime    Last Run               Last # of DB Queries
-----------------------------------------  -----  ---------  --------  ----------  --------------  -------------------  ----------------------
/opt/airflow/dags/weather_pipeline_dag.py                           1           0  0.11s           2026-09-21T09:32:46                      12
================================================================================
[2026-09-21T09:33:40.807+0000] {manager.py:997} INFO - 
================================================================================
DAG File Processing Stats

File Path                                  PID    Runtime      # DAGs    # Errors  Last Runtime    Last Run               Last # of DB Queries
-----------------------------------------  -----  ---------  --------  ----------  --------------  -------------------  ----------------------
/opt/airflow/dags/weather_pipeline_dag.py                           1           0  0.16s           2026-09-21T09:33:16                      12
================================================================================
[2026-09-21T09:34:11.096+0000] {manager.py:997} INFO - 
================================================================================
DAG File Processing Stats

File Path                                  PID    Runtime      # DAGs    # Errors  Last Runtime    Last Run               Last # of DB Queries
-----------------------------------------  -----  ---------  --------  ----------  --------------  -------------------  ----------------------
/opt/airflow/dags/weather_pipeline_dag.py                           1           0  0.16s           2026-09-21T09:33:47                      12
================================================================================
[2026-09-21T09:34:41.352+0000] {manager.py:997} INFO - 
================================================================================
DAG File Processing Stats

File Path                                  PID    Runtime      # DAGs    # Errors  Last Runtime    Last Run               Last # of DB Queries
-----------------------------------------  -----  ---------  --------  ----------  --------------  -------------------  ----------------------
/opt/airflow/dags/weather_pipeline_dag.py                           1           0  0.14s           2026-09-21T09:34:17                      12
================================================================================
[2026-09-21T09:35:11.610+0000] {manager.py:997} INFO - 
================================================================================
DAG File Processing Stats

File Path                                  PID    Runtime      # DAGs    # Errors  Last Runtime    Last Run               Last # of DB Queries
-----------------------------------------  -----  ---------  --------  ----------  --------------  -------------------  ----------------------
/opt/airflow/dags/weather_pipeline_dag.py                           1           0  0.16s           2026-09-21T09:34:47                      12
================================================================================
[2026-09-21T09:35:41.879+0000] {manager.py:997} INFO - 
================================================================================
DAG File Processing Stats

File Path                                  PID    Runtime      # DAGs    # Errors  Last Runtime    Last Run               Last # of DB Queries
-----------------------------------------  -----  ---------  --------  ----------  --------------  -------------------  ----------------------
/opt/airflow/dags/weather_pipeline_dag.py                           1           0  0.20s           2026-09-21T09:35:17                      12
================================================================================
[2026-09-21T09:36:12.196+0000] {manager.py:997} INFO - 
================================================================================
DAG File Processing Stats

File Path                                  PID    Runtime      # DAGs    # Errors  Last Runtime    Last Run               Last # of DB Queries
-----------------------------------------  -----  ---------  --------  ----------  --------------  -------------------  ----------------------
/opt/airflow/dags/weather_pipeline_dag.py                           1           0  0.15s           2026-09-21T09:35:48                      12
================================================================================
[2026-09-21T09:36:29.337+0000] {manager.py:821} INFO - Searching for files in /opt/airflow/dags
[2026-09-21T09:36:29.339+0000] {manager.py:824} INFO - There are 1 files in /opt/airflow/dags
[2026-09-21T09:36:42.436+0000] {manager.py:997} INFO - 
================================================================================
DAG File Processing Stats

File Path                                  PID    Runtime      # DAGs    # Errors  Last Runtime    Last Run               Last # of DB Queries
-----------------------------------------  -----  ---------  --------  ----------  --------------  -------------------  ----------------------
/opt/airflow/dags/weather_pipeline_dag.py                           1           0  0.19s           2026-09-21T09:36:18                      12
================================================================================
[2026-09-21T09:37:12.794+0000] {manager.py:997} INFO - 
================================================================================
DAG File Processing Stats

File Path                                  PID    Runtime      # DAGs    # Errors  Last Runtime    Last Run               Last # of DB Queries
-----------------------------------------  -----  ---------  --------  ----------  --------------  -------------------  ----------------------
/opt/airflow/dags/weather_pipeline_dag.py                           1           0  0.20s           2026-09-21T09:36:48                      12
================================================================================
[2026-09-21T09:37:43.040+0000] {manager.py:997} INFO - 
================================================================================
DAG File Processing Stats

File Path                                  PID    Runtime      # DAGs    # Errors  Last Runtime    Last Run               Last # of DB Queries
-----------------------------------------  -----  ---------  --------  ----------  --------------  -------------------  ----------------------
/opt/airflow/dags/weather_pipeline_dag.py                           1           0  0.17s           2026-09-21T09:37:19                      12
================================================================================
[2026-09-21T09:38:13.369+0000] {manager.py:997} INFO - 
================================================================================
DAG File Processing Stats

File Path                                  PID    Runtime      # DAGs    # Errors  Last Runtime    Last Run               Last # of DB Queries
-----------------------------------------  -----  ---------  --------  ----------  --------------  -------------------  ----------------------
/opt/airflow/dags/weather_pipeline_dag.py                           1           0  0.13s           2026-09-21T09:37:49                      12
================================================================================
[2026-09-21T09:38:43.574+0000] {manager.py:997} INFO - 
================================================================================
DAG File Processing Stats

File Path                                  PID    Runtime      # DAGs    # Errors  Last Runtime    Last Run               Last # of DB Queries
-----------------------------------------  -----  ---------  --------  ----------  --------------  -------------------  ----------------------
/opt/airflow/dags/weather_pipeline_dag.py                           1           0  0.18s           2026-09-21T09:38:19                      12
================================================================================
[2026-09-21T09:39:13.914+0000] {manager.py:997} INFO - 
================================================================================
DAG File Processing Stats

File Path                                  PID    Runtime      # DAGs    # Errors  Last Runtime    Last Run               Last # of DB Queries
-----------------------------------------  -----  ---------  --------  ----------  --------------  -------------------  ----------------------
/opt/airflow/dags/weather_pipeline_dag.py                           1           0  0.18s           2026-09-21T09:38:49                      12
================================================================================
[2026-09-21T09:39:44.128+0000] {manager.py:997} INFO - 
================================================================================
DAG File Processing Stats

File Path                                  PID    Runtime      # DAGs    # Errors  Last Runtime    Last Run               Last # of DB Queries
-----------------------------------------  -----  ---------  --------  ----------  --------------  -------------------  ----------------------
/opt/airflow/dags/weather_pipeline_dag.py                           1           0  0.18s           2026-09-21T09:39:20                      12
================================================================================
[2026-09-21T09:40:14.337+0000] {manager.py:997} INFO - 
================================================================================
DAG File Processing Stats

File Path                                  PID    Runtime      # DAGs    # Errors  Last Runtime    Last Run               Last # of DB Queries
-----------------------------------------  -----  ---------  --------  ----------  --------------  -------------------  ----------------------
/opt/airflow/dags/weather_pipeline_dag.py                           1           0  0.12s           2026-09-21T09:39:50                      12
================================================================================
[2026-09-21T09:40:44.642+0000] {manager.py:997} INFO - 
================================================================================
DAG File Processing Stats

File Path                                  PID    Runtime      # DAGs    # Errors  Last Runtime    Last Run               Last # of DB Queries
-----------------------------------------  -----  ---------  --------  ----------  --------------  -------------------  ----------------------
/opt/airflow/dags/weather_pipeline_dag.py                           1           0  0.14s           2026-09-21T09:40:20                      12
================================================================================
[2026-09-21T09:41:14.873+0000] {manager.py:997} INFO - 
================================================================================
DAG File Processing Stats

File Path                                  PID    Runtime      # DAGs    # Errors  Last Runtime    Last Run               Last # of DB Queries
-----------------------------------------  -----  ---------  --------  ----------  --------------  -------------------  ----------------------
/opt/airflow/dags/weather_pipeline_dag.py                           1           0  0.17s           2026-09-21T09:40:50                      12
================================================================================
[2026-09-21T09:41:30.109+0000] {manager.py:821} INFO - Searching for files in /opt/airflow/dags
[2026-09-21T09:41:30.110+0000] {manager.py:824} INFO - There are 1 files in /opt/airflow/dags
[2026-09-21T09:41:45.218+0000] {manager.py:997} INFO - 
================================================================================
DAG File Processing Stats

File Path                                  PID    Runtime      # DAGs    # Errors  Last Runtime    Last Run               Last # of DB Queries
-----------------------------------------  -----  ---------  --------  ----------  --------------  -------------------  ----------------------
/opt/airflow/dags/weather_pipeline_dag.py                           1           0  0.15s           2026-09-21T09:41:21                      12
================================================================================
[2026-09-21T09:42:15.441+0000] {manager.py:997} INFO - 
================================================================================
DAG File Processing Stats

File Path                                  PID    Runtime      # DAGs    # Errors  Last Runtime    Last Run               Last # of DB Queries
-----------------------------------------  -----  ---------  --------  ----------  --------------  -------------------  ----------------------
/opt/airflow/dags/weather_pipeline_dag.py                           1           0  0.17s           2026-09-21T09:41:51                      12
================================================================================
[2026-09-21T09:42:45.765+0000] {manager.py:997} INFO - 
================================================================================
DAG File Processing Stats

File Path                                  PID    Runtime      # DAGs    # Errors  Last Runtime    Last Run               Last # of DB Queries
-----------------------------------------  -----  ---------  --------  ----------  --------------  -------------------  ----------------------
/opt/airflow/dags/weather_pipeline_dag.py                           1           0  0.19s           2026-09-21T09:42:21                      12
================================================================================
[2026-09-21T09:43:16.010+0000] {manager.py:997} INFO - 
================================================================================
DAG File Processing Stats

File Path                                  PID    Runtime      # DAGs    # Errors  Last Runtime    Last Run               Last # of DB Queries
-----------------------------------------  -----  ---------  --------  ----------  --------------  -------------------  ----------------------
/opt/airflow/dags/weather_pipeline_dag.py                           1           0  0.18s           2026-09-21T09:42:51                      12
================================================================================
[2026-09-21T09:43:46.322+0000] {manager.py:997} INFO - 
================================================================================
DAG File Processing Stats

File Path                                  PID    Runtime      # DAGs    # Errors  Last Runtime    Last Run               Last # of DB Queries
-----------------------------------------  -----  ---------  --------  ----------  --------------  -------------------  ----------------------
/opt/airflow/dags/weather_pipeline_dag.py                           1           0  0.19s           2026-09-21T09:43:22                      12
================================================================================
[2026-09-21T09:44:16.594+0000] {manager.py:997} INFO - 
================================================================================
DAG File Processing Stats

File Path                                  PID    Runtime      # DAGs    # Errors  Last Runtime    Last Run               Last # of DB Queries
-----------------------------------------  -----  ---------  --------  ----------  --------------  -------------------  ----------------------
/opt/airflow/dags/weather_pipeline_dag.py                           1           0  0.18s           2026-09-21T09:43:52                      12
================================================================================
[2026-09-21T09:44:46.901+0000] {manager.py:997} INFO - 
================================================================================
DAG File Processing Stats

File Path                                  PID    Runtime      # DAGs    # Errors  Last Runtime    Last Run               Last # of DB Queries
-----------------------------------------  -----  ---------  --------  ----------  --------------  -------------------  ----------------------
/opt/airflow/dags/weather_pipeline_dag.py                           1           0  0.13s           2026-09-21T09:44:22                      12
================================================================================
[2026-09-21T09:45:17.122+0000] {manager.py:997} INFO - 
================================================================================
DAG File Processing Stats

File Path                                  PID    Runtime      # DAGs    # Errors  Last Runtime    Last Run               Last # of DB Queries
-----------------------------------------  -----  ---------  --------  ----------  --------------  -------------------  ----------------------
/opt/airflow/dags/weather_pipeline_dag.py                           1           0  0.13s           2026-09-21T09:44:53                      12
================================================================================
[2026-09-21T09:45:47.397+0000] {manager.py:997} INFO - 
================================================================================
DAG File Processing Stats

File Path                                  PID    Runtime      # DAGs    # Errors  Last Runtime    Last Run               Last # of DB Queries
-----------------------------------------  -----  ---------  --------  ----------  --------------  -------------------  ----------------------
/opt/airflow/dags/weather_pipeline_dag.py                           1           0  0.19s           2026-09-21T09:45:23                      12
================================================================================
[2026-09-21T09:46:17.692+0000] {manager.py:997} INFO - 
================================================================================
DAG File Processing Stats

File Path                                  PID    Runtime      # DAGs    # Errors  Last Runtime    Last Run               Last # of DB Queries
-----------------------------------------  -----  ---------  --------  ----------  --------------  -------------------  ----------------------
/opt/airflow/dags/weather_pipeline_dag.py                           1           0  0.17s           2026-09-21T09:45:53                      12
================================================================================
[2026-09-21T09:46:30.828+0000] {manager.py:821} INFO - Searching for files in /opt/airflow/dags
[2026-09-21T09:46:30.830+0000] {manager.py:824} INFO - There are 1 files in /opt/airflow/dags
[2026-09-21T09:46:47.924+0000] {manager.py:997} INFO - 
================================================================================
DAG File Processing Stats

File Path                                  PID    Runtime      # DAGs    # Errors  Last Runtime    Last Run               Last # of DB Queries
-----------------------------------------  -----  ---------  --------  ----------  --------------  -------------------  ----------------------
/opt/airflow/dags/weather_pipeline_dag.py                           1           0  0.13s           2026-09-21T09:46:23                      12
================================================================================
[2026-09-21T09:47:18.161+0000] {manager.py:997} INFO - 
================================================================================
DAG File Processing Stats

File Path                                  PID    Runtime      # DAGs    # Errors  Last Runtime    Last Run               Last # of DB Queries
-----------------------------------------  -----  ---------  --------  ----------  --------------  -------------------  ----------------------
/opt/airflow/dags/weather_pipeline_dag.py                           1           0  0.17s           2026-09-21T09:46:54                      12
================================================================================
[2026-09-21T09:47:48.460+0000] {manager.py:997} INFO - 
================================================================================
DAG File Processing Stats

File Path                                  PID    Runtime      # DAGs    # Errors  Last Runtime    Last Run               Last # of DB Queries
-----------------------------------------  -----  ---------  --------  ----------  --------------  -------------------  ----------------------
/opt/airflow/dags/weather_pipeline_dag.py                           1           0  0.16s           2026-09-21T09:47:24                      12
================================================================================
[2026-09-21T09:48:18.723+0000] {manager.py:997} INFO - 
================================================================================
DAG File Processing Stats

File Path                                  PID    Runtime      # DAGs    # Errors  Last Runtime    Last Run               Last # of DB Queries
-----------------------------------------  -----  ---------  --------  ----------  --------------  -------------------  ----------------------
/opt/airflow/dags/weather_pipeline_dag.py                           1           0  0.17s           2026-09-21T09:47:54                      12
================================================================================
[2026-09-21T09:48:49.004+0000] {manager.py:997} INFO - 
================================================================================
DAG File Processing Stats

File Path                                  PID    Runtime      # DAGs    # Errors  Last Runtime    Last Run               Last # of DB Queries
-----------------------------------------  -----  ---------  --------  ----------  --------------  -------------------  ----------------------
/opt/airflow/dags/weather_pipeline_dag.py                           1           0  0.14s           2026-09-21T09:48:24                      12
================================================================================
[2026-09-21T09:49:11.518+0000] {manager.py:465} INFO - Exiting gracefully upon receiving signal 15
[2026-09-21T09:54:10.329+0000] {manager.py:483} INFO - Processing files using up to 2 processes at a time 
[2026-09-21T09:54:10.330+0000] {manager.py:484} INFO - Process each file at most once every 30 seconds
[2026-09-21T09:54:10.330+0000] {manager.py:485} INFO - Checking for new files in /opt/airflow/dags every 300 seconds
[2026-09-21T09:54:10.331+0000] {manager.py:821} INFO - Searching for files in /opt/airflow/dags
[2026-09-21T09:54:10.332+0000] {manager.py:824} INFO - There are 1 files in /opt/airflow/dags
[2026-09-21T09:54:10.388+0000] {manager.py:997} INFO - 
================================================================================
DAG File Processing Stats

File Path                                    PID  Runtime      # DAGs    # Errors  Last Runtime    Last Run      Last # of DB Queries
-----------------------------------------  -----  ---------  --------  ----------  --------------  ----------  ----------------------
/opt/airflow/dags/weather_pipeline_dag.py    166  0.02s             0           0                                                   0
================================================================================
[2026-09-21T09:54:40.572+0000] {manager.py:997} INFO - 
================================================================================
DAG File Processing Stats

File Path                                    PID  Runtime      # DAGs    # Errors  Last Runtime    Last Run               Last # of DB Queries
-----------------------------------------  -----  ---------  --------  ----------  --------------  -------------------  ----------------------
/opt/airflow/dags/weather_pipeline_dag.py    188  0.01s             1           0  0.13s           2026-09-21T09:54:10                      12
================================================================================
[2026-09-21T09:55:10.850+0000] {manager.py:997} INFO - 
================================================================================
DAG File Processing Stats

File Path                                    PID  Runtime      # DAGs    # Errors  Last Runtime    Last Run               Last # of DB Queries
-----------------------------------------  -----  ---------  --------  ----------  --------------  -------------------  ----------------------
/opt/airflow/dags/weather_pipeline_dag.py    193  0.01s             1           0  0.08s           2026-09-21T09:54:40                      12
================================================================================
[2026-09-21T09:55:41.051+0000] {manager.py:997} INFO - 
================================================================================
DAG File Processing Stats

File Path                                    PID  Runtime      # DAGs    # Errors  Last Runtime    Last Run               Last # of DB Queries
-----------------------------------------  -----  ---------  --------  ----------  --------------  -------------------  ----------------------
/opt/airflow/dags/weather_pipeline_dag.py    198  0.01s             1           0  0.09s           2026-09-21T09:55:10                      12
================================================================================
[2026-09-21T09:56:11.307+0000] {manager.py:997} INFO - 
================================================================================
DAG File Processing Stats

File Path                                    PID  Runtime      # DAGs    # Errors  Last Runtime    Last Run               Last # of DB Queries
-----------------------------------------  -----  ---------  --------  ----------  --------------  -------------------  ----------------------
/opt/airflow/dags/weather_pipeline_dag.py    203  0.01s             1           0  0.08s           2026-09-21T09:55:41                      12
================================================================================
[2026-09-21T09:56:41.516+0000] {manager.py:997} INFO - 
================================================================================
DAG File Processing Stats

File Path                                    PID  Runtime      # DAGs    # Errors  Last Runtime    Last Run               Last # of DB Queries
-----------------------------------------  -----  ---------  --------  ----------  --------------  -------------------  ----------------------
/opt/airflow/dags/weather_pipeline_dag.py    208  0.01s             1           0  0.08s           2026-09-21T09:56:11                      12
================================================================================
[2026-09-21T09:57:11.760+0000] {manager.py:997} INFO - 
================================================================================
DAG File Processing Stats

File Path                                    PID  Runtime      # DAGs    # Errors  Last Runtime    Last Run               Last # of DB Queries
-----------------------------------------  -----  ---------  --------  ----------  --------------  -------------------  ----------------------
/opt/airflow/dags/weather_pipeline_dag.py    213  0.01s             1           0  0.08s           2026-09-21T09:56:41                      12
================================================================================
[2026-09-21T09:57:41.951+0000] {manager.py:997} INFO - 
================================================================================
DAG File Processing Stats

File Path                                    PID  Runtime      # DAGs    # Errors  Last Runtime    Last Run               Last # of DB Queries
-----------------------------------------  -----  ---------  --------  ----------  --------------  -------------------  ----------------------
/opt/airflow/dags/weather_pipeline_dag.py    218  0.01s             1           0  0.09s           2026-09-21T09:57:11                      12
================================================================================
[2026-09-21T09:58:12.197+0000] {manager.py:997} INFO - 
================================================================================
DAG File Processing Stats

File Path                                    PID  Runtime      # DAGs    # Errors  Last Runtime    Last Run               Last # of DB Queries
-----------------------------------------  -----  ---------  --------  ----------  --------------  -------------------  ----------------------
/opt/airflow/dags/weather_pipeline_dag.py    223  0.01s             1           0  0.08s           2026-09-21T09:57:42                      12
================================================================================
[2026-09-21T09:58:42.404+0000] {manager.py:997} INFO - 
================================================================================
DAG File Processing Stats

File Path                                    PID  Runtime      # DAGs    # Errors  Last Runtime    Last Run               Last # of DB Queries
-----------------------------------------  -----  ---------  --------  ----------  --------------  -------------------  ----------------------
/opt/airflow/dags/weather_pipeline_dag.py    228  0.01s             1           0  0.09s           2026-09-21T09:58:12                      12
================================================================================
[2026-09-21T09:59:10.631+0000] {manager.py:821} INFO - Searching for files in /opt/airflow/dags
[2026-09-21T09:59:10.632+0000] {manager.py:824} INFO - There are 1 files in /opt/airflow/dags
[2026-09-21T09:59:12.668+0000] {manager.py:997} INFO - 
================================================================================
DAG File Processing Stats

File Path                                    PID  Runtime      # DAGs    # Errors  Last Runtime    Last Run               Last # of DB Queries
-----------------------------------------  -----  ---------  --------  ----------  --------------  -------------------  ----------------------
/opt/airflow/dags/weather_pipeline_dag.py    233  0.01s             1           0  0.08s           2026-09-21T09:58:42                      12
================================================================================
[2026-09-21T09:59:42.856+0000] {manager.py:997} INFO - 
================================================================================
DAG File Processing Stats

File Path                                    PID  Runtime      # DAGs    # Errors  Last Runtime    Last Run               Last # of DB Queries
-----------------------------------------  -----  ---------  --------  ----------  --------------  -------------------  ----------------------
/opt/airflow/dags/weather_pipeline_dag.py    238  0.01s             1           0  0.08s           2026-09-21T09:59:12                      12
================================================================================
[2026-09-21T10:00:13.111+0000] {manager.py:997} INFO - 
================================================================================
DAG File Processing Stats

File Path                                    PID  Runtime      # DAGs    # Errors  Last Runtime    Last Run               Last # of DB Queries
-----------------------------------------  -----  ---------  --------  ----------  --------------  -------------------  ----------------------
/opt/airflow/dags/weather_pipeline_dag.py    243  0.01s             1           0  0.08s           2026-09-21T09:59:42                      12
================================================================================
[2026-09-21T10:00:43.315+0000] {manager.py:997} INFO - 
================================================================================
DAG File Processing Stats

File Path                                    PID  Runtime      # DAGs    # Errors  Last Runtime    Last Run               Last # of DB Queries
-----------------------------------------  -----  ---------  --------  ----------  --------------  -------------------  ----------------------
/opt/airflow/dags/weather_pipeline_dag.py    248  0.01s             1           0  0.08s           2026-09-21T10:00:13                      12
================================================================================
[2026-09-21T10:01:13.562+0000] {manager.py:997} INFO - 
================================================================================
DAG File Processing Stats

File Path                                    PID  Runtime      # DAGs    # Errors  Last Runtime    Last Run               Last # of DB Queries
-----------------------------------------  -----  ---------  --------  ----------  --------------  -------------------  ----------------------
/opt/airflow/dags/weather_pipeline_dag.py    253  0.01s             1           0  0.09s           2026-09-21T10:00:43                      12
================================================================================
[2026-09-21T10:01:43.789+0000] {manager.py:997} INFO - 
================================================================================
DAG File Processing Stats

File Path                                    PID  Runtime      # DAGs    # Errors  Last Runtime    Last Run               Last # of DB Queries
-----------------------------------------  -----  ---------  --------  ----------  --------------  -------------------  ----------------------
/opt/airflow/dags/weather_pipeline_dag.py    258  0.01s             1           0  0.08s           2026-09-21T10:01:13                      12
================================================================================
[2026-09-21T10:02:14.001+0000] {manager.py:997} INFO - 
================================================================================
DAG File Processing Stats

File Path                                    PID  Runtime      # DAGs    # Errors  Last Runtime    Last Run               Last # of DB Queries
-----------------------------------------  -----  ---------  --------  ----------  --------------  -------------------  ----------------------
/opt/airflow/dags/weather_pipeline_dag.py    263  0.01s             1           0  0.09s           2026-09-21T10:01:43                      12
================================================================================
[2026-09-21T10:02:44.209+0000] {manager.py:997} INFO - 
================================================================================
DAG File Processing Stats

File Path                                    PID  Runtime      # DAGs    # Errors  Last Runtime    Last Run               Last # of DB Queries
-----------------------------------------  -----  ---------  --------  ----------  --------------  -------------------  ----------------------
/opt/airflow/dags/weather_pipeline_dag.py    268  0.00s             1           0  0.08s           2026-09-21T10:02:14                      12
================================================================================
[2026-09-21T10:03:14.422+0000] {manager.py:997} INFO - 
================================================================================
DAG File Processing Stats

File Path                                    PID  Runtime      # DAGs    # Errors  Last Runtime    Last Run               Last # of DB Queries
-----------------------------------------  -----  ---------  --------  ----------  --------------  -------------------  ----------------------
/opt/airflow/dags/weather_pipeline_dag.py    273  0.01s             1           0  0.09s           2026-09-21T10:02:44                      12
================================================================================
[2026-09-21T10:03:44.662+0000] {manager.py:997} INFO - 
================================================================================
DAG File Processing Stats

File Path                                    PID  Runtime      # DAGs    # Errors  Last Runtime    Last Run               Last # of DB Queries
-----------------------------------------  -----  ---------  --------  ----------  --------------  -------------------  ----------------------
/opt/airflow/dags/weather_pipeline_dag.py    278  0.01s             1           0  0.08s           2026-09-21T10:03:14                      12
================================================================================
[2026-09-21T10:04:10.845+0000] {manager.py:821} INFO - Searching for files in /opt/airflow/dags
[2026-09-21T10:04:10.847+0000] {manager.py:824} INFO - There are 1 files in /opt/airflow/dags
[2026-09-21T10:04:14.905+0000] {manager.py:997} INFO - 
================================================================================
DAG File Processing Stats

File Path                                    PID  Runtime      # DAGs    # Errors  Last Runtime    Last Run               Last # of DB Queries
-----------------------------------------  -----  ---------  --------  ----------  --------------  -------------------  ----------------------
/opt/airflow/dags/weather_pipeline_dag.py    283  0.01s             1           0  0.10s           2026-09-21T10:03:44                      12
================================================================================
[2026-09-21T10:04:45.116+0000] {manager.py:997} INFO - 
================================================================================
DAG File Processing Stats

File Path                                    PID  Runtime      # DAGs    # Errors  Last Runtime    Last Run               Last # of DB Queries
-----------------------------------------  -----  ---------  --------  ----------  --------------  -------------------  ----------------------
/opt/airflow/dags/weather_pipeline_dag.py    288  0.01s             1           0  0.08s           2026-09-21T10:04:14                      12
================================================================================
[2026-09-21T10:05:15.311+0000] {manager.py:997} INFO - 
================================================================================
DAG File Processing Stats

File Path                                    PID  Runtime      # DAGs    # Errors  Last Runtime    Last Run               Last # of DB Queries
-----------------------------------------  -----  ---------  --------  ----------  --------------  -------------------  ----------------------
/opt/airflow/dags/weather_pipeline_dag.py    293  0.01s             1           0  0.10s           2026-09-21T10:04:45                      12
================================================================================
[2026-09-21T10:05:45.567+0000] {manager.py:997} INFO - 
================================================================================
DAG File Processing Stats

File Path                                    PID  Runtime      # DAGs    # Errors  Last Runtime    Last Run               Last # of DB Queries
-----------------------------------------  -----  ---------  --------  ----------  --------------  -------------------  ----------------------
/opt/airflow/dags/weather_pipeline_dag.py    298  0.01s             1           0  0.09s           2026-09-21T10:05:15                      12
================================================================================
[2026-09-21T10:06:15.762+0000] {manager.py:997} INFO - 
================================================================================
DAG File Processing Stats

File Path                                    PID  Runtime      # DAGs    # Errors  Last Runtime    Last Run               Last # of DB Queries
-----------------------------------------  -----  ---------  --------  ----------  --------------  -------------------  ----------------------
/opt/airflow/dags/weather_pipeline_dag.py    303  0.00s             1           0  0.08s           2026-09-21T10:05:45                      12
================================================================================
[2026-09-21T10:06:46.000+0000] {manager.py:997} INFO - 
================================================================================
DAG File Processing Stats

File Path                                    PID  Runtime      # DAGs    # Errors  Last Runtime    Last Run               Last # of DB Queries
-----------------------------------------  -----  ---------  --------  ----------  --------------  -------------------  ----------------------
/opt/airflow/dags/weather_pipeline_dag.py    308  0.01s             1           0  0.09s           2026-09-21T10:06:15                      12
================================================================================
[2026-09-21T10:07:16.206+0000] {manager.py:997} INFO - 
================================================================================
DAG File Processing Stats

File Path                                    PID  Runtime      # DAGs    # Errors  Last Runtime    Last Run               Last # of DB Queries
-----------------------------------------  -----  ---------  --------  ----------  --------------  -------------------  ----------------------
/opt/airflow/dags/weather_pipeline_dag.py    313  0.01s             1           0  0.08s           2026-09-21T10:06:46                      12
================================================================================
[2026-09-21T10:07:46.428+0000] {manager.py:997} INFO - 
================================================================================
DAG File Processing Stats

File Path                                    PID  Runtime      # DAGs    # Errors  Last Runtime    Last Run               Last # of DB Queries
-----------------------------------------  -----  ---------  --------  ----------  --------------  -------------------  ----------------------
/opt/airflow/dags/weather_pipeline_dag.py    318  0.01s             1           0  0.08s           2026-09-21T10:07:16                      12
================================================================================
[2026-09-21T10:08:16.654+0000] {manager.py:997} INFO - 
================================================================================
DAG File Processing Stats

File Path                                    PID  Runtime      # DAGs    # Errors  Last Runtime    Last Run               Last # of DB Queries
-----------------------------------------  -----  ---------  --------  ----------  --------------  -------------------  ----------------------
/opt/airflow/dags/weather_pipeline_dag.py    323  0.01s             1           0  0.09s           2026-09-21T10:07:46                      12
================================================================================
[2026-09-21T10:08:46.865+0000] {manager.py:997} INFO - 
================================================================================
DAG File Processing Stats

File Path                                    PID  Runtime      # DAGs    # Errors  Last Runtime    Last Run               Last # of DB Queries
-----------------------------------------  -----  ---------  --------  ----------  --------------  -------------------  ----------------------
/opt/airflow/dags/weather_pipeline_dag.py    328  0.01s             1           0  0.08s           2026-09-21T10:08:16                      12
================================================================================
[2026-09-21T10:09:11.027+0000] {manager.py:821} INFO - Searching for files in /opt/airflow/dags
[2026-09-21T10:09:11.028+0000] {manager.py:824} INFO - There are 1 files in /opt/airflow/dags
[2026-09-21T10:09:17.091+0000] {manager.py:997} INFO - 
================================================================================
DAG File Processing Stats

File Path                                    PID  Runtime      # DAGs    # Errors  Last Runtime    Last Run               Last # of DB Queries
-----------------------------------------  -----  ---------  --------  ----------  --------------  -------------------  ----------------------
/opt/airflow/dags/weather_pipeline_dag.py    333  0.01s             1           0  0.08s           2026-09-21T10:08:46                      12
================================================================================
[2026-09-21T10:09:47.296+0000] {manager.py:997} INFO - 
================================================================================
DAG File Processing Stats

File Path                                    PID  Runtime      # DAGs    # Errors  Last Runtime    Last Run               Last # of DB Queries
-----------------------------------------  -----  ---------  --------  ----------  --------------  -------------------  ----------------------
/opt/airflow/dags/weather_pipeline_dag.py    338  0.01s             1           0  0.08s           2026-09-21T10:09:17                      12
================================================================================
[2026-09-21T10:10:17.551+0000] {manager.py:997} INFO - 
================================================================================
DAG File Processing Stats

File Path                                    PID  Runtime      # DAGs    # Errors  Last Runtime    Last Run               Last # of DB Queries
-----------------------------------------  -----  ---------  --------  ----------  --------------  -------------------  ----------------------
/opt/airflow/dags/weather_pipeline_dag.py    343  0.00s             1           0  0.10s           2026-09-21T10:09:47                      12
================================================================================
[2026-09-21T10:10:47.773+0000] {manager.py:997} INFO - 
================================================================================
DAG File Processing Stats

File Path                                    PID  Runtime      # DAGs    # Errors  Last Runtime    Last Run               Last # of DB Queries
-----------------------------------------  -----  ---------  --------  ----------  --------------  -------------------  ----------------------
/opt/airflow/dags/weather_pipeline_dag.py    348  0.01s             1           0  0.08s           2026-09-21T10:10:17                      12
================================================================================
[2026-09-21T10:11:17.990+0000] {manager.py:997} INFO - 
================================================================================
DAG File Processing Stats

File Path                                    PID  Runtime      # DAGs    # Errors  Last Runtime    Last Run               Last # of DB Queries
-----------------------------------------  -----  ---------  --------  ----------  --------------  -------------------  ----------------------
/opt/airflow/dags/weather_pipeline_dag.py    353  0.00s             1           0  0.09s           2026-09-21T10:10:47                      12
================================================================================
[2026-09-21T10:11:48.226+0000] {manager.py:997} INFO - 
================================================================================
DAG File Processing Stats

File Path                                    PID  Runtime      # DAGs    # Errors  Last Runtime    Last Run               Last # of DB Queries
-----------------------------------------  -----  ---------  --------  ----------  --------------  -------------------  ----------------------
/opt/airflow/dags/weather_pipeline_dag.py    358  0.01s             1           0  0.10s           2026-09-21T10:11:18                      12
================================================================================
[2026-09-21T10:12:18.449+0000] {manager.py:997} INFO - 
================================================================================
DAG File Processing Stats

File Path                                    PID  Runtime      # DAGs    # Errors  Last Runtime    Last Run               Last # of DB Queries
-----------------------------------------  -----  ---------  --------  ----------  --------------  -------------------  ----------------------
/opt/airflow/dags/weather_pipeline_dag.py    363  0.01s             1           0  0.09s           2026-09-21T10:11:48                      12
================================================================================
[2026-09-21T10:12:48.683+0000] {manager.py:997} INFO - 
================================================================================
DAG File Processing Stats

File Path                                    PID  Runtime      # DAGs    # Errors  Last Runtime    Last Run               Last # of DB Queries
-----------------------------------------  -----  ---------  --------  ----------  --------------  -------------------  ----------------------
/opt/airflow/dags/weather_pipeline_dag.py    368  0.01s             1           0  0.08s           2026-09-21T10:12:18                      12
================================================================================
[2026-09-21T10:13:18.892+0000] {manager.py:997} INFO - 
================================================================================
DAG File Processing Stats

File Path                                    PID  Runtime      # DAGs    # Errors  Last Runtime    Last Run               Last # of DB Queries
-----------------------------------------  -----  ---------  --------  ----------  --------------  -------------------  ----------------------
/opt/airflow/dags/weather_pipeline_dag.py    373  0.01s             1           0  0.08s           2026-09-21T10:12:48                      12
================================================================================
[2026-09-21T10:13:49.151+0000] {manager.py:997} INFO - 
================================================================================
DAG File Processing Stats

File Path                                    PID  Runtime      # DAGs    # Errors  Last Runtime    Last Run               Last # of DB Queries
-----------------------------------------  -----  ---------  --------  ----------  --------------  -------------------  ----------------------
/opt/airflow/dags/weather_pipeline_dag.py    378  0.01s             1           0  0.08s           2026-09-21T10:13:18                      12
================================================================================
[2026-09-21T10:14:11.287+0000] {manager.py:821} INFO - Searching for files in /opt/airflow/dags
[2026-09-21T10:14:11.288+0000] {manager.py:824} INFO - There are 1 files in /opt/airflow/dags
[2026-09-21T10:14:19.372+0000] {manager.py:997} INFO - 
================================================================================
DAG File Processing Stats

File Path                                    PID  Runtime      # DAGs    # Errors  Last Runtime    Last Run               Last # of DB Queries
-----------------------------------------  -----  ---------  --------  ----------  --------------  -------------------  ----------------------
/opt/airflow/dags/weather_pipeline_dag.py    383  0.01s             1           0  0.09s           2026-09-21T10:13:49                      12
================================================================================
[2026-09-21T10:14:49.598+0000] {manager.py:997} INFO - 
================================================================================
DAG File Processing Stats

File Path                                    PID  Runtime      # DAGs    # Errors  Last Runtime    Last Run               Last # of DB Queries
-----------------------------------------  -----  ---------  --------  ----------  --------------  -------------------  ----------------------
/opt/airflow/dags/weather_pipeline_dag.py    388  0.01s             1           0  0.08s           2026-09-21T10:14:19                      12
================================================================================
[2026-09-21T10:15:19.807+0000] {manager.py:997} INFO - 
================================================================================
DAG File Processing Stats

File Path                                    PID  Runtime      # DAGs    # Errors  Last Runtime    Last Run               Last # of DB Queries
-----------------------------------------  -----  ---------  --------  ----------  --------------  -------------------  ----------------------
/opt/airflow/dags/weather_pipeline_dag.py    393  0.01s             1           0  0.09s           2026-09-21T10:14:49                      12
================================================================================
[2026-09-21T10:15:50.043+0000] {manager.py:997} INFO - 
================================================================================
DAG File Processing Stats

File Path                                    PID  Runtime      # DAGs    # Errors  Last Runtime    Last Run               Last # of DB Queries
-----------------------------------------  -----  ---------  --------  ----------  --------------  -------------------  ----------------------
/opt/airflow/dags/weather_pipeline_dag.py    398  0.01s             1           0  0.08s           2026-09-21T10:15:19                      12
================================================================================
[2026-09-21T10:16:20.245+0000] {manager.py:997} INFO - 
================================================================================
DAG File Processing Stats

File Path                                    PID  Runtime      # DAGs    # Errors  Last Runtime    Last Run               Last # of DB Queries
-----------------------------------------  -----  ---------  --------  ----------  --------------  -------------------  ----------------------
/opt/airflow/dags/weather_pipeline_dag.py    403  0.01s             1           0  0.09s           2026-09-21T10:15:50                      12
================================================================================
[2026-09-21T10:16:50.516+0000] {manager.py:997} INFO - 
================================================================================
DAG File Processing Stats

File Path                                    PID  Runtime      # DAGs    # Errors  Last Runtime    Last Run               Last # of DB Queries
-----------------------------------------  -----  ---------  --------  ----------  --------------  -------------------  ----------------------
/opt/airflow/dags/weather_pipeline_dag.py    408  0.01s             1           0  0.08s           2026-09-21T10:16:20                      12
================================================================================
[2026-09-21T10:17:20.721+0000] {manager.py:997} INFO - 
================================================================================
DAG File Processing Stats

File Path                                    PID  Runtime      # DAGs    # Errors  Last Runtime    Last Run               Last # of DB Queries
-----------------------------------------  -----  ---------  --------  ----------  --------------  -------------------  ----------------------
/opt/airflow/dags/weather_pipeline_dag.py    413  0.01s             1           0  0.09s           2026-09-21T10:16:50                      12
================================================================================
[2026-09-21T10:17:50.951+0000] {manager.py:997} INFO - 
================================================================================
DAG File Processing Stats

File Path                                    PID  Runtime      # DAGs    # Errors  Last Runtime    Last Run               Last # of DB Queries
-----------------------------------------  -----  ---------  --------  ----------  --------------  -------------------  ----------------------
/opt/airflow/dags/weather_pipeline_dag.py    418  0.01s             1           0  0.10s           2026-09-21T10:17:20                      12
================================================================================
[2026-09-21T10:18:21.145+0000] {manager.py:997} INFO - 
================================================================================
DAG File Processing Stats

File Path                                    PID  Runtime      # DAGs    # Errors  Last Runtime    Last Run               Last # of DB Queries
-----------------------------------------  -----  ---------  --------  ----------  --------------  -------------------  ----------------------
/opt/airflow/dags/weather_pipeline_dag.py    423  0.01s             1           0  0.10s           2026-09-21T10:17:51                      12
================================================================================
[2026-09-21T10:18:51.393+0000] {manager.py:997} INFO - 
================================================================================
DAG File Processing Stats

File Path                                    PID  Runtime      # DAGs    # Errors  Last Runtime    Last Run               Last # of DB Queries
-----------------------------------------  -----  ---------  --------  ----------  --------------  -------------------  ----------------------
/opt/airflow/dags/weather_pipeline_dag.py    428  0.00s             1           0  0.08s           2026-09-21T10:18:21                      12
================================================================================
[2026-09-21T10:19:11.518+0000] {manager.py:821} INFO - Searching for files in /opt/airflow/dags
[2026-09-21T10:19:11.520+0000] {manager.py:824} INFO - There are 1 files in /opt/airflow/dags
[2026-09-21T10:19:21.612+0000] {manager.py:997} INFO - 
================================================================================
DAG File Processing Stats

File Path                                    PID  Runtime      # DAGs    # Errors  Last Runtime    Last Run               Last # of DB Queries
-----------------------------------------  -----  ---------  --------  ----------  --------------  -------------------  ----------------------
/opt/airflow/dags/weather_pipeline_dag.py    433  0.01s             1           0  0.07s           2026-09-21T10:18:51                      12
================================================================================
[2026-09-21T10:19:51.853+0000] {manager.py:997} INFO - 
================================================================================
DAG File Processing Stats

File Path                                    PID  Runtime      # DAGs    # Errors  Last Runtime    Last Run               Last # of DB Queries
-----------------------------------------  -----  ---------  --------  ----------  --------------  -------------------  ----------------------
/opt/airflow/dags/weather_pipeline_dag.py    438  0.01s             1           0  0.08s           2026-09-21T10:19:21                      12
================================================================================
[2026-09-21T10:20:22.116+0000] {manager.py:997} INFO - 
================================================================================
DAG File Processing Stats

File Path                                    PID  Runtime      # DAGs    # Errors  Last Runtime    Last Run               Last # of DB Queries
-----------------------------------------  -----  ---------  --------  ----------  --------------  -------------------  ----------------------
/opt/airflow/dags/weather_pipeline_dag.py    443  0.01s             1           0  0.11s           2026-09-21T10:19:51                      12
================================================================================
[2026-09-21T10:20:52.344+0000] {manager.py:997} INFO - 
================================================================================
DAG File Processing Stats

File Path                                    PID  Runtime      # DAGs    # Errors  Last Runtime    Last Run               Last # of DB Queries
-----------------------------------------  -----  ---------  --------  ----------  --------------  -------------------  ----------------------
/opt/airflow/dags/weather_pipeline_dag.py    448  0.01s             1           0  0.08s           2026-09-21T10:20:22                      12
================================================================================
[2026-09-21T10:21:22.542+0000] {manager.py:997} INFO - 
================================================================================
DAG File Processing Stats

File Path                                    PID  Runtime      # DAGs    # Errors  Last Runtime    Last Run               Last # of DB Queries
-----------------------------------------  -----  ---------  --------  ----------  --------------  -------------------  ----------------------
/opt/airflow/dags/weather_pipeline_dag.py    453  0.01s             1           0  0.09s           2026-09-21T10:20:52                      12
================================================================================
[2026-09-21T10:21:52.783+0000] {manager.py:997} INFO - 
================================================================================
DAG File Processing Stats

File Path                                    PID  Runtime      # DAGs    # Errors  Last Runtime    Last Run               Last # of DB Queries
-----------------------------------------  -----  ---------  --------  ----------  --------------  -------------------  ----------------------
/opt/airflow/dags/weather_pipeline_dag.py    458  0.01s             1           0  0.08s           2026-09-21T10:21:22                      12
================================================================================
[2026-09-21T10:22:22.986+0000] {manager.py:997} INFO - 
================================================================================
DAG File Processing Stats

File Path                                    PID  Runtime      # DAGs    # Errors  Last Runtime    Last Run               Last # of DB Queries
-----------------------------------------  -----  ---------  --------  ----------  --------------  -------------------  ----------------------
/opt/airflow/dags/weather_pipeline_dag.py    463  0.01s             1           0  0.07s           2026-09-21T10:21:52                      12
================================================================================
[2026-09-21T10:22:53.205+0000] {manager.py:997} INFO - 
================================================================================
DAG File Processing Stats

File Path                                    PID  Runtime      # DAGs    # Errors  Last Runtime    Last Run               Last # of DB Queries
-----------------------------------------  -----  ---------  --------  ----------  --------------  -------------------  ----------------------
/opt/airflow/dags/weather_pipeline_dag.py    468  0.01s             1           0  0.08s           2026-09-21T10:22:23                      12
================================================================================
[2026-09-21T10:23:23.425+0000] {manager.py:997} INFO - 
================================================================================
DAG File Processing Stats

File Path                                    PID  Runtime      # DAGs    # Errors  Last Runtime    Last Run               Last # of DB Queries
-----------------------------------------  -----  ---------  --------  ----------  --------------  -------------------  ----------------------
/opt/airflow/dags/weather_pipeline_dag.py    473  0.01s             1           0  0.08s           2026-09-21T10:22:53                      12
================================================================================
[2026-09-21T10:23:53.642+0000] {manager.py:997} INFO - 
================================================================================
DAG File Processing Stats

File Path                                    PID  Runtime      # DAGs    # Errors  Last Runtime    Last Run               Last # of DB Queries
-----------------------------------------  -----  ---------  --------  ----------  --------------  -------------------  ----------------------
/opt/airflow/dags/weather_pipeline_dag.py    478  0.01s             1           0  0.09s           2026-09-21T10:23:23                      12
================================================================================
[2026-09-21T10:24:11.785+0000] {manager.py:821} INFO - Searching for files in /opt/airflow/dags
[2026-09-21T10:24:11.785+0000] {manager.py:824} INFO - There are 1 files in /opt/airflow/dags
[2026-09-21T10:24:23.870+0000] {manager.py:997} INFO - 
================================================================================
DAG File Processing Stats

File Path                                    PID  Runtime      # DAGs    # Errors  Last Runtime    Last Run               Last # of DB Queries
-----------------------------------------  -----  ---------  --------  ----------  --------------  -------------------  ----------------------
/opt/airflow/dags/weather_pipeline_dag.py    503  0.01s             1           0  0.09s           2026-09-21T10:23:53                      12
================================================================================
[2026-09-21T10:24:54.094+0000] {manager.py:997} INFO - 
================================================================================
DAG File Processing Stats

File Path                                    PID  Runtime      # DAGs    # Errors  Last Runtime    Last Run               Last # of DB Queries
-----------------------------------------  -----  ---------  --------  ----------  --------------  -------------------  ----------------------
/opt/airflow/dags/weather_pipeline_dag.py    508  0.01s             1           0  0.08s           2026-09-21T10:24:23                      12
================================================================================
[2026-09-21T10:25:24.320+0000] {manager.py:997} INFO - 
================================================================================
DAG File Processing Stats

File Path                                    PID  Runtime      # DAGs    # Errors  Last Runtime    Last Run               Last # of DB Queries
-----------------------------------------  -----  ---------  --------  ----------  --------------  -------------------  ----------------------
/opt/airflow/dags/weather_pipeline_dag.py    553  0.01s             1           0  0.07s           2026-09-21T10:24:54                      12
================================================================================
[2026-09-21T10:25:54.520+0000] {manager.py:997} INFO - 
================================================================================
DAG File Processing Stats

File Path                                    PID  Runtime      # DAGs    # Errors  Last Runtime    Last Run               Last # of DB Queries
-----------------------------------------  -----  ---------  --------  ----------  --------------  -------------------  ----------------------
/opt/airflow/dags/weather_pipeline_dag.py    598  0.01s             1           0  0.08s           2026-09-21T10:25:24                      12
================================================================================
[2026-09-21T10:26:24.751+0000] {manager.py:997} INFO - 
================================================================================
DAG File Processing Stats

File Path                                    PID  Runtime      # DAGs    # Errors  Last Runtime    Last Run               Last # of DB Queries
-----------------------------------------  -----  ---------  --------  ----------  --------------  -------------------  ----------------------
/opt/airflow/dags/weather_pipeline_dag.py    603  0.01s             1           0  0.08s           2026-09-21T10:25:54                      12
================================================================================
[2026-09-21T10:26:54.947+0000] {manager.py:997} INFO - 
================================================================================
DAG File Processing Stats

File Path                                    PID  Runtime      # DAGs    # Errors  Last Runtime    Last Run               Last # of DB Queries
-----------------------------------------  -----  ---------  --------  ----------  --------------  -------------------  ----------------------
/opt/airflow/dags/weather_pipeline_dag.py    644  0.01s             1           0  0.09s           2026-09-21T10:26:24                      12
================================================================================
[2026-09-21T10:27:25.196+0000] {manager.py:997} INFO - 
================================================================================
DAG File Processing Stats

File Path                                    PID  Runtime      # DAGs    # Errors  Last Runtime    Last Run               Last # of DB Queries
-----------------------------------------  -----  ---------  --------  ----------  --------------  -------------------  ----------------------
/opt/airflow/dags/weather_pipeline_dag.py    649  0.01s             1           0  0.09s           2026-09-21T10:26:55                      12
================================================================================
[2026-09-21T10:27:55.431+0000] {manager.py:997} INFO - 
================================================================================
DAG File Processing Stats

File Path                                    PID  Runtime      # DAGs    # Errors  Last Runtime    Last Run               Last # of DB Queries
-----------------------------------------  -----  ---------  --------  ----------  --------------  -------------------  ----------------------
/opt/airflow/dags/weather_pipeline_dag.py    654  0.01s             1           0  0.08s           2026-09-21T10:27:25                      12
================================================================================
[2026-09-21T10:28:25.671+0000] {manager.py:997} INFO - 
================================================================================
DAG File Processing Stats

File Path                                    PID  Runtime      # DAGs    # Errors  Last Runtime    Last Run               Last # of DB Queries
-----------------------------------------  -----  ---------  --------  ----------  --------------  -------------------  ----------------------
/opt/airflow/dags/weather_pipeline_dag.py    659  0.01s             1           0  0.09s           2026-09-21T10:27:55                      12
================================================================================
[2026-09-21T10:28:55.893+0000] {manager.py:997} INFO - 
================================================================================
DAG File Processing Stats

File Path                                    PID  Runtime      # DAGs    # Errors  Last Runtime    Last Run               Last # of DB Queries
-----------------------------------------  -----  ---------  --------  ----------  --------------  -------------------  ----------------------
/opt/airflow/dags/weather_pipeline_dag.py    664  0.01s             1           0  0.08s           2026-09-21T10:28:25                      12
================================================================================
[2026-09-21T10:29:12.011+0000] {manager.py:821} INFO - Searching for files in /opt/airflow/dags
[2026-09-21T10:29:12.012+0000] {manager.py:824} INFO - There are 1 files in /opt/airflow/dags
[2026-09-21T10:29:26.124+0000] {manager.py:997} INFO - 
================================================================================
DAG File Processing Stats

File Path                                    PID  Runtime      # DAGs    # Errors  Last Runtime    Last Run               Last # of DB Queries
-----------------------------------------  -----  ---------  --------  ----------  --------------  -------------------  ----------------------
/opt/airflow/dags/weather_pipeline_dag.py    669  0.01s             1           0  0.09s           2026-09-21T10:28:55                      12
================================================================================
[2026-09-21T10:29:56.352+0000] {manager.py:997} INFO - 
================================================================================
DAG File Processing Stats

File Path                                    PID  Runtime      # DAGs    # Errors  Last Runtime    Last Run               Last # of DB Queries
-----------------------------------------  -----  ---------  --------  ----------  --------------  -------------------  ----------------------
/opt/airflow/dags/weather_pipeline_dag.py    674  0.01s             1           0  0.08s           2026-09-21T10:29:26                      12
================================================================================
[2026-09-21T10:30:26.566+0000] {manager.py:997} INFO - 
================================================================================
DAG File Processing Stats

File Path                                    PID  Runtime      # DAGs    # Errors  Last Runtime    Last Run               Last # of DB Queries
-----------------------------------------  -----  ---------  --------  ----------  --------------  -------------------  ----------------------
/opt/airflow/dags/weather_pipeline_dag.py    679  0.00s             1           0  0.09s           2026-09-21T10:29:56                      12
================================================================================
[2026-09-21T10:30:56.806+0000] {manager.py:997} INFO - 
================================================================================
DAG File Processing Stats

File Path                                    PID  Runtime      # DAGs    # Errors  Last Runtime    Last Run               Last # of DB Queries
-----------------------------------------  -----  ---------  --------  ----------  --------------  -------------------  ----------------------
/opt/airflow/dags/weather_pipeline_dag.py    684  0.01s             1           0  0.08s           2026-09-21T10:30:26                      12
================================================================================
[2026-09-21T10:31:27.011+0000] {manager.py:997} INFO - 
================================================================================
DAG File Processing Stats

File Path                                    PID  Runtime      # DAGs    # Errors  Last Runtime    Last Run               Last # of DB Queries
-----------------------------------------  -----  ---------  --------  ----------  --------------  -------------------  ----------------------
/opt/airflow/dags/weather_pipeline_dag.py    689  0.01s             1           0  0.08s           2026-09-21T10:30:56                      12
================================================================================
[2026-09-21T10:31:57.265+0000] {manager.py:997} INFO - 
================================================================================
DAG File Processing Stats

File Path                                    PID  Runtime      # DAGs    # Errors  Last Runtime    Last Run               Last # of DB Queries
-----------------------------------------  -----  ---------  --------  ----------  --------------  -------------------  ----------------------
/opt/airflow/dags/weather_pipeline_dag.py    694  0.01s             1           0  0.12s           2026-09-21T10:31:27                      12
================================================================================
[2026-09-21T10:32:27.531+0000] {manager.py:997} INFO - 
================================================================================
DAG File Processing Stats

File Path                                    PID  Runtime      # DAGs    # Errors  Last Runtime    Last Run               Last # of DB Queries
-----------------------------------------  -----  ---------  --------  ----------  --------------  -------------------  ----------------------
/opt/airflow/dags/weather_pipeline_dag.py    699  0.01s             1           0  0.09s           2026-09-21T10:31:57                      12
================================================================================
[2026-09-21T10:32:57.762+0000] {manager.py:997} INFO - 
================================================================================
DAG File Processing Stats

File Path                                    PID  Runtime      # DAGs    # Errors  Last Runtime    Last Run               Last # of DB Queries
-----------------------------------------  -----  ---------  --------  ----------  --------------  -------------------  ----------------------
/opt/airflow/dags/weather_pipeline_dag.py    704  0.01s             1           0  0.08s           2026-09-21T10:32:27                      12
================================================================================
[2026-09-21T10:33:28.033+0000] {manager.py:997} INFO - 
================================================================================
DAG File Processing Stats

File Path                                    PID  Runtime      # DAGs    # Errors  Last Runtime    Last Run               Last # of DB Queries
-----------------------------------------  -----  ---------  --------  ----------  --------------  -------------------  ----------------------
/opt/airflow/dags/weather_pipeline_dag.py    709  0.01s             1           0  0.07s           2026-09-21T10:32:57                      12
================================================================================
[2026-09-21T10:33:58.252+0000] {manager.py:997} INFO - 
================================================================================
DAG File Processing Stats

File Path                                    PID  Runtime      # DAGs    # Errors  Last Runtime    Last Run               Last # of DB Queries
-----------------------------------------  -----  ---------  --------  ----------  --------------  -------------------  ----------------------
/opt/airflow/dags/weather_pipeline_dag.py    714  0.00s             1           0  0.07s           2026-09-21T10:33:28                      12
================================================================================
[2026-09-21T10:34:12.383+0000] {manager.py:821} INFO - Searching for files in /opt/airflow/dags
[2026-09-21T10:34:12.385+0000] {manager.py:824} INFO - There are 1 files in /opt/airflow/dags
[2026-09-21T10:34:28.531+0000] {manager.py:997} INFO - 
================================================================================
DAG File Processing Stats

File Path                                    PID  Runtime      # DAGs    # Errors  Last Runtime    Last Run               Last # of DB Queries
-----------------------------------------  -----  ---------  --------  ----------  --------------  -------------------  ----------------------
/opt/airflow/dags/weather_pipeline_dag.py    719  0.00s             1           0  0.08s           2026-09-21T10:33:58                      12
================================================================================
[2026-09-21T10:34:58.748+0000] {manager.py:997} INFO - 
================================================================================
DAG File Processing Stats

File Path                                    PID  Runtime      # DAGs    # Errors  Last Runtime    Last Run               Last # of DB Queries
-----------------------------------------  -----  ---------  --------  ----------  --------------  -------------------  ----------------------
/opt/airflow/dags/weather_pipeline_dag.py    724  0.01s             1           0  0.08s           2026-09-21T10:34:28                      12
================================================================================
[2026-09-21T10:35:28.993+0000] {manager.py:997} INFO - 
================================================================================
DAG File Processing Stats

File Path                                    PID  Runtime      # DAGs    # Errors  Last Runtime    Last Run               Last # of DB Queries
-----------------------------------------  -----  ---------  --------  ----------  --------------  -------------------  ----------------------
/opt/airflow/dags/weather_pipeline_dag.py    729  0.01s             1           0  0.09s           2026-09-21T10:34:58                      12
================================================================================
[2026-09-21T10:35:59.238+0000] {manager.py:997} INFO - 
================================================================================
DAG File Processing Stats

File Path                                    PID  Runtime      # DAGs    # Errors  Last Runtime    Last Run               Last # of DB Queries
-----------------------------------------  -----  ---------  --------  ----------  --------------  -------------------  ----------------------
/opt/airflow/dags/weather_pipeline_dag.py    734  0.01s             1           0  0.08s           2026-09-21T10:35:29                      12
================================================================================
[2026-09-21T10:36:29.467+0000] {manager.py:997} INFO - 
================================================================================
DAG File Processing Stats

File Path                                    PID  Runtime      # DAGs    # Errors  Last Runtime    Last Run               Last # of DB Queries
-----------------------------------------  -----  ---------  --------  ----------  --------------  -------------------  ----------------------
/opt/airflow/dags/weather_pipeline_dag.py    739  0.00s             1           0  0.09s           2026-09-21T10:35:59                      12
================================================================================
[2026-09-21T10:36:59.688+0000] {manager.py:997} INFO - 
================================================================================
DAG File Processing Stats

File Path                                    PID  Runtime      # DAGs    # Errors  Last Runtime    Last Run               Last # of DB Queries
-----------------------------------------  -----  ---------  --------  ----------  --------------  -------------------  ----------------------
/opt/airflow/dags/weather_pipeline_dag.py    744  0.01s             1           0  0.07s           2026-09-21T10:36:29                      12
================================================================================
[2026-09-21T10:37:29.926+0000] {manager.py:997} INFO - 
================================================================================
DAG File Processing Stats

File Path                                    PID  Runtime      # DAGs    # Errors  Last Runtime    Last Run               Last # of DB Queries
-----------------------------------------  -----  ---------  --------  ----------  --------------  -------------------  ----------------------
/opt/airflow/dags/weather_pipeline_dag.py    749  0.01s             1           0  0.08s           2026-09-21T10:36:59                      12
================================================================================
[2026-09-21T10:38:00.174+0000] {manager.py:997} INFO - 
================================================================================
DAG File Processing Stats

File Path                                    PID  Runtime      # DAGs    # Errors  Last Runtime    Last Run               Last # of DB Queries
-----------------------------------------  -----  ---------  --------  ----------  --------------  -------------------  ----------------------
/opt/airflow/dags/weather_pipeline_dag.py    754  0.01s             1           0  0.08s           2026-09-21T10:37:29                      12
================================================================================
[2026-09-21T10:38:30.422+0000] {manager.py:997} INFO - 
================================================================================
DAG File Processing Stats

File Path                                    PID  Runtime      # DAGs    # Errors  Last Runtime    Last Run               Last # of DB Queries
-----------------------------------------  -----  ---------  --------  ----------  --------------  -------------------  ----------------------
/opt/airflow/dags/weather_pipeline_dag.py    759  0.01s             1           0  0.09s           2026-09-21T10:38:00                      12
================================================================================
[2026-09-21T10:39:00.639+0000] {manager.py:997} INFO - 
================================================================================
DAG File Processing Stats

File Path                                    PID  Runtime      # DAGs    # Errors  Last Runtime    Last Run               Last # of DB Queries
-----------------------------------------  -----  ---------  --------  ----------  --------------  -------------------  ----------------------
/opt/airflow/dags/weather_pipeline_dag.py    764  0.00s             1           0  0.08s           2026-09-21T10:38:30                      12
================================================================================
[2026-09-21T10:39:12.733+0000] {manager.py:821} INFO - Searching for files in /opt/airflow/dags
[2026-09-21T10:39:12.735+0000] {manager.py:824} INFO - There are 1 files in /opt/airflow/dags
[2026-09-21T10:39:30.899+0000] {manager.py:997} INFO - 
================================================================================
DAG File Processing Stats

File Path                                    PID  Runtime      # DAGs    # Errors  Last Runtime    Last Run               Last # of DB Queries
-----------------------------------------  -----  ---------  --------  ----------  --------------  -------------------  ----------------------
/opt/airflow/dags/weather_pipeline_dag.py    769  0.01s             1           0  0.10s           2026-09-21T10:39:00                      12
================================================================================
[2026-09-21T10:40:01.162+0000] {manager.py:997} INFO - 
================================================================================
DAG File Processing Stats

File Path                                    PID  Runtime      # DAGs    # Errors  Last Runtime    Last Run               Last # of DB Queries
-----------------------------------------  -----  ---------  --------  ----------  --------------  -------------------  ----------------------
/opt/airflow/dags/weather_pipeline_dag.py    774  0.01s             1           0  0.08s           2026-09-21T10:39:30                      12
================================================================================
[2026-09-21T10:40:31.374+0000] {manager.py:997} INFO - 
================================================================================
DAG File Processing Stats

File Path                                    PID  Runtime      # DAGs    # Errors  Last Runtime    Last Run               Last # of DB Queries
-----------------------------------------  -----  ---------  --------  ----------  --------------  -------------------  ----------------------
/opt/airflow/dags/weather_pipeline_dag.py    779  0.00s             1           0  0.08s           2026-09-21T10:40:01                      12
================================================================================
[2026-09-21T10:41:01.628+0000] {manager.py:997} INFO - 
================================================================================
DAG File Processing Stats

File Path                                    PID  Runtime      # DAGs    # Errors  Last Runtime    Last Run               Last # of DB Queries
-----------------------------------------  -----  ---------  --------  ----------  --------------  -------------------  ----------------------
/opt/airflow/dags/weather_pipeline_dag.py    784  0.00s             1           0  0.08s           2026-09-21T10:40:31                      12
================================================================================
[2026-09-21T10:41:31.854+0000] {manager.py:997} INFO - 
================================================================================
DAG File Processing Stats

File Path                                    PID  Runtime      # DAGs    # Errors  Last Runtime    Last Run               Last # of DB Queries
-----------------------------------------  -----  ---------  --------  ----------  --------------  -------------------  ----------------------
/opt/airflow/dags/weather_pipeline_dag.py    789  0.01s             1           0  0.07s           2026-09-21T10:41:01                      12
================================================================================
[2026-09-21T10:42:02.118+0000] {manager.py:997} INFO - 
================================================================================
DAG File Processing Stats

File Path                                    PID  Runtime      # DAGs    # Errors  Last Runtime    Last Run               Last # of DB Queries
-----------------------------------------  -----  ---------  --------  ----------  --------------  -------------------  ----------------------
/opt/airflow/dags/weather_pipeline_dag.py    794  0.01s             1           0  0.08s           2026-09-21T10:41:31                      12
================================================================================
[2026-09-21T10:42:32.348+0000] {manager.py:997} INFO - 
================================================================================
DAG File Processing Stats

File Path                                    PID  Runtime      # DAGs    # Errors  Last Runtime    Last Run               Last # of DB Queries
-----------------------------------------  -----  ---------  --------  ----------  --------------  -------------------  ----------------------
/opt/airflow/dags/weather_pipeline_dag.py    799  0.01s             1           0  0.09s           2026-09-21T10:42:02                      12
================================================================================
[2026-09-21T10:43:02.628+0000] {manager.py:997} INFO - 
================================================================================
DAG File Processing Stats

File Path                                    PID  Runtime      # DAGs    # Errors  Last Runtime    Last Run               Last # of DB Queries
-----------------------------------------  -----  ---------  --------  ----------  --------------  -------------------  ----------------------
/opt/airflow/dags/weather_pipeline_dag.py    804  0.01s             1           0  0.08s           2026-09-21T10:42:32                      12
================================================================================
[2026-09-21T10:43:32.878+0000] {manager.py:997} INFO - 
================================================================================
DAG File Processing Stats

File Path                                    PID  Runtime      # DAGs    # Errors  Last Runtime    Last Run               Last # of DB Queries
-----------------------------------------  -----  ---------  --------  ----------  --------------  -------------------  ----------------------
/opt/airflow/dags/weather_pipeline_dag.py    809  0.01s             1           0  0.09s           2026-09-21T10:43:02                      12
================================================================================
[2026-09-21T10:44:03.116+0000] {manager.py:997} INFO - 
================================================================================
DAG File Processing Stats

File Path                                    PID  Runtime      # DAGs    # Errors  Last Runtime    Last Run               Last # of DB Queries
-----------------------------------------  -----  ---------  --------  ----------  --------------  -------------------  ----------------------
/opt/airflow/dags/weather_pipeline_dag.py    814  0.01s             1           0  0.08s           2026-09-21T10:43:32                      12
================================================================================
[2026-09-21T10:44:13.210+0000] {manager.py:821} INFO - Searching for files in /opt/airflow/dags
[2026-09-21T10:44:13.211+0000] {manager.py:824} INFO - There are 1 files in /opt/airflow/dags
[2026-09-21T10:44:33.381+0000] {manager.py:997} INFO - 
================================================================================
DAG File Processing Stats

File Path                                    PID  Runtime      # DAGs    # Errors  Last Runtime    Last Run               Last # of DB Queries
-----------------------------------------  -----  ---------  --------  ----------  --------------  -------------------  ----------------------
/opt/airflow/dags/weather_pipeline_dag.py    819  0.01s             1           0  0.10s           2026-09-21T10:44:03                      12
================================================================================
[2026-09-21T10:48:33.494+0000] {manager.py:997} INFO - 
================================================================================
DAG File Processing Stats

File Path                                  PID    Runtime      # DAGs    # Errors  Last Runtime    Last Run               Last # of DB Queries
-----------------------------------------  -----  ---------  --------  ----------  --------------  -------------------  ----------------------
/opt/airflow/dags/weather_pipeline_dag.py                           1           0  0.08s           2026-09-21T10:48:29                      12
================================================================================
[2026-09-21T10:49:03.692+0000] {manager.py:997} INFO - 
================================================================================
DAG File Processing Stats

File Path                                  PID    Runtime      # DAGs    # Errors  Last Runtime    Last Run               Last # of DB Queries
-----------------------------------------  -----  ---------  --------  ----------  --------------  -------------------  ----------------------
/opt/airflow/dags/weather_pipeline_dag.py                           1           0  0.08s           2026-09-21T10:48:59                      12
================================================================================
[2026-09-21T10:49:13.756+0000] {manager.py:821} INFO - Searching for files in /opt/airflow/dags
[2026-09-21T10:49:13.757+0000] {manager.py:824} INFO - There are 1 files in /opt/airflow/dags
